review_text,sentiment
I picked this product after looking at a few alternatives. I have found it easy and comfortable to use. It has been dependable from the beginning. I am happy with how it has performed.,positive
I have been testing this product under normal conditions. The experience has been fairly ordinary overall. It meets the basic requirements without offering much beyond them. Some parts are better than others.,neutral
"I have been testing this product under normal conditions. Nothing is seriously wrong, but I would not call it outstanding. It is a reasonable choice for basic requirements.",neutral
I gave this product a reasonable amount of use before writing this review. I have not found anything particularly impressive about it. The differences are noticeable but not severe. The overall quality is reasonable for the price.,neutral
I gave this product a reasonable amount of use before writing this review. It performs roughly as I expected. I would describe the experience as acceptable rather than impressive. It is fine as long as expectations are realistic.,neutral
"After using the product for some time, I can comment on how it performs. It gets the job done, but there is room for improvement. The product is adequate for straightforward use. The product has both strengths and weaknesses. It is fine as long as expectations are realistic.",neutral
I bought this games recently and have used it regularly. The product feels thoughtfully designed. The overall experience has been better than I anticipated. I am happy with how it has performed. There are still a few minor details that could be improved.,positive
"I have used this product in several everyday situations. It performs roughly as I expected. The strengths and weaknesses are fairly balanced. It meets the basic requirements without offering much beyond them. Overall, it is acceptable but not exceptional.",neutral
I decided to try this NatureTouch product after comparing several options. It performs roughly as I expected. It is difficult to call the experience either excellent or poor. Some parts are better than others.,neutral
I have been using this outdoor product for a few weeks. The actual performance falls short of its apparent potential. The problems affect the overall experience. I do not think I would purchase it again.,negative
"This product has been part of my regular routine for a while. Nothing is seriously wrong, but I would not call it outstanding. The product is adequate for straightforward use. The experience has been fairly ordinary overall.",neutral
"I gave this product a reasonable amount of use before writing this review. I would describe the experience as acceptable rather than impressive. It gets the job done, but there is room for improvement.",neutral
I picked this product after looking at a few alternatives. The controls feel natural and easy to understand. I barely needed any time to get used to it.,positive
I bought this product to see how well it would fit my everyday needs. The overall performance is acceptable for ordinary use. The differences are noticeable but not severe.,neutral
"After spending some time with this product, I have formed a fairly clear opinion. The performance has remained dependable during regular use. I barely needed any time to get used to it. The product handles its main tasks very well. I am happy with how it has performed.",positive
"I gave this product a reasonable amount of use before writing this review. Some parts work well while others are fairly average. The limitations are manageable for normal use. Overall, it is acceptable but not exceptional.",neutral
I have been testing this product under normal conditions. The overall quality is reasonable for the price.,neutral
I have been testing this product under normal conditions. The product is suitable if expectations remain reasonable. It depends somewhat on what you expect from the product. I would consider other options before making another purchase.,neutral
I picked this product after looking at a few alternatives. I have found it easy and comfortable to use. It has been dependable from the beginning. I have found it easy and comfortable to use. I would consider buying it again.,positive
"After spending some time with this product, I have formed a fairly clear opinion. It performs roughly as I expected. It is difficult to call the experience either excellent or poor.",neutral
I bought this packaged food recently and have used it regularly. It handles the basic job adequately. The product is adequate for straightforward use. I would describe the experience as average.,neutral
"After spending some time with this product, I have formed a fairly clear opinion. It has made my routine noticeably easier. It has handled regular use without difficulty. I can depend on it for regular use. Overall, I am satisfied with the purchase.",positive
I bought this smart home recently and have used it regularly. The product is functional without being exceptional. Some parts are better than others.,neutral
I have been using this beverages product for a few weeks. The experience has been more disappointing than satisfying. The issues are especially noticeable during longer sessions.,negative
"I decided to try this KnowledgeHub product after comparing several options. It has been usable so far, although some details could be refined. It depends somewhat on what you expect from the product.",neutral
I have used this product in several everyday situations. The performance has remained dependable during regular use. The setup was painless. It performs reliably when I need it. I would consider buying it again.,positive
I have been using this fiction product for a few weeks. It meets the basic requirements without offering much beyond them. The product is adequate for straightforward use.,neutral
"I purchased this product mainly for its appliances features. It has worked consistently without unexpected problems. It does what I need without unnecessary complications. Overall, I am satisfied with the purchase.",positive
I have been using this packaged food product for a few weeks. It performs reliably when I need it. I am happy with how it has performed. There are still a few minor details that could be improved.,positive
I decided to try this Peak product after comparing several options. The product is neither particularly impressive nor disappointing. It is fine as long as expectations are realistic.,neutral
"After using the product for some time, I can comment on how it performs. The product has not been as dependable as I needed. I have had to work around several shortcomings. I would probably choose another option next time.",negative
I have been testing this product under normal conditions. The product has remained reliable even after repeated use. I can depend on it for regular use.,positive
I have been using this snacks product for a few weeks. Some parts work well while others are fairly average. The limitations are manageable for normal use. The experience has been fairly ordinary overall. I would describe the experience as average.,neutral
This product has been part of my regular routine for a while. The setup was quick and straightforward. I am happy with how it has performed. There are still a few minor details that could be improved.,positive
I have been using this sportswear product for a few weeks. The product feels thoughtfully designed. It has been dependable from the beginning.,positive
"I have been testing this product under normal conditions. There are useful aspects, but there are also some limitations. The overall performance is acceptable for ordinary use. There is still some room for improvement.",neutral
I have used this product in several everyday situations. The product is suitable if expectations remain reasonable. The product is neither particularly impressive nor disappointing.,neutral
I decided to try this KnowledgeHub product after comparing several options. Some important functions have not worked properly. There is considerable room for improvement. One or two aspects of the product are still useful.,negative
"I gave this product a reasonable amount of use before writing this review. The product is suitable if expectations remain reasonable. There are useful aspects, but there are also some limitations. It is a reasonable choice for basic requirements.",neutral
This product has been part of my regular routine for a while. The product has been a pleasant surprise. The day-to-day experience has been smooth. It has turned out to be a worthwhile purchase. There are still a few minor details that could be improved.,positive
I decided to try this TechPro product after comparing several options. The product has both strengths and weaknesses. The limitations are manageable for normal use. It is a reasonable choice for basic requirements.,neutral
I decided to try this ComfortLiving product after comparing several options. The product handles its main tasks very well. It does what I need without unnecessary complications. I would choose this again over several alternatives. There are still a few minor details that could be improved.,positive
I bought this product to see how well it would fit my everyday needs. The product feels well made. It has been dependable from the beginning. I am happy with how it has performed.,positive
I have used this product in several everyday situations. Everything has continued working as expected. The overall design feels practical. I have found it easy and comfortable to use. It has turned out to be a worthwhile purchase.,positive
"I have used this product in several everyday situations. It has made my routine noticeably easier. It has been dependable from the beginning. Overall, I am satisfied with the purchase.",positive
"I decided to try this ActiveX product after comparing several options. The product works, although it does not stand out. The strengths and weaknesses are fairly balanced. Some parts are better than others.",neutral
I have been testing this product under normal conditions. The product handles its main tasks very well. The setup was painless. I would choose this again over several alternatives. There are still a few minor details that could be improved.,positive
"After using the product for some time, I can comment on how it performs. It has worked consistently without unexpected problems.",positive
"I have used this product in several everyday situations. It performs reliably when I need it. Overall, I am satisfied with the purchase.",positive
I bought this product to see how well it would fit my everyday needs. The product is suitable if expectations remain reasonable. The limitations are manageable for normal use.,neutral
This product has been part of my regular routine for a while. The product handles its main tasks very well. I have had no reason to complain about its reliability.,positive
I decided to try this Harvest product after comparing several options. I have not found anything particularly impressive about it. The differences are noticeable but not severe. It is fine as long as expectations are realistic.,neutral
I have been testing this product under normal conditions. I have found it easy and comfortable to use. It has handled regular use without difficulty. It has turned out to be a worthwhile purchase. There are still a few minor details that could be improved.,positive
I have used this product in several everyday situations. It has made my routine noticeably easier. I barely needed any time to get used to it. The product has been a pleasant surprise.,positive
I bought this science recently and have used it regularly. The product handles its main tasks very well. It does what I need without unnecessary complications.,positive
"I gave this product a reasonable amount of use before writing this review. There are useful aspects, but there are also some limitations.",neutral
"I bought this product to see how well it would fit my everyday needs. It gets the job done, but there is room for improvement. The product is adequate for straightforward use. I would consider other options before making another purchase.",neutral
"After using the product for some time, I can comment on how it performs. Everything has continued working as expected. I barely needed any time to get used to it. I would consider buying it again.",positive
I bought this gaming audio recently and have used it regularly. Everything has continued working as expected. I would choose this again over several alternatives.,positive
I decided to try this NovaTech product after comparing several options. The product has been a pleasant surprise. The quality is better than I expected.,positive
"After spending some time with this product, I have formed a fairly clear opinion. The quality does not match what I expected for the price. I would prefer a more reliable alternative. One or two aspects of the product are still useful.",negative
"I decided to try this ReadWell product after comparing several options. Its main features have worked smoothly. The day-to-day experience has been smooth. The product has been a pleasant surprise. Overall, I am satisfied with the purchase.",positive
This product has been part of my regular routine for a while. The setup was quick and straightforward. I would choose this again over several alternatives.,positive
I have been testing this product under normal conditions. I would describe the experience as acceptable rather than impressive. It depends somewhat on what you expect from the product. The overall quality is reasonable for the price. I would consider other options before making another purchase.,neutral
I bought this product to see how well it would fit my everyday needs. The product is suitable if expectations remain reasonable. There are a few areas where refinement would help.,neutral
"I have used this product in several everyday situations. I have not found anything particularly impressive about it. The product is adequate for straightforward use. The product works, although it does not stand out. There is still some room for improvement.",neutral
"After using the product for some time, I can comment on how it performs. I would describe the experience as acceptable rather than impressive.",neutral
I picked this product after looking at a few alternatives. There are several issues that make the product difficult to recommend. I have had to work around several shortcomings. I would hesitate to recommend it.,negative
I bought this product to see how well it would fit my everyday needs. It meets the basic requirements without offering much beyond them. The result is reasonably predictable. The product is functional without being exceptional.,neutral
"After spending some time with this product, I have formed a fairly clear opinion. There are useful aspects, but there are also some limitations. I have not found anything particularly impressive about it. Overall, it is acceptable but not exceptional.",neutral
I bought this running recently and have used it regularly. The product is neither particularly impressive nor disappointing. The strengths and weaknesses are fairly balanced. I would consider other options before making another purchase.,neutral
"I purchased this product mainly for its cricket features. It has been usable so far, although some details could be refined. It is difficult to call the experience either excellent or poor. Overall, it is acceptable but not exceptional.",neutral
I bought this console recently and have used it regularly. The product is suitable if expectations remain reasonable. I have not found anything particularly impressive about it. I would describe the experience as average.,neutral
I have used this product in several everyday situations. I can depend on it for regular use. The day-to-day experience has been smooth. I have not had any meaningful problems with it.,positive
I have used this product in several everyday situations. It meets the basic requirements without offering much beyond them. The product is adequate for straightforward use. The overall performance is acceptable for ordinary use.,neutral
I picked this product after looking at a few alternatives. The product feels well made. I would consider buying it again.,positive
I bought this product to see how well it would fit my everyday needs. The product has become unreliable during normal use. The experience has been more disappointing than satisfying.,negative
I picked this product after looking at a few alternatives. The product feels well made.,positive
"I have used this product in several everyday situations. Nothing is seriously wrong, but I would not call it outstanding. There is still some room for improvement.",neutral
I gave this product a reasonable amount of use before writing this review. The product is suitable if expectations remain reasonable. The strengths and weaknesses are fairly balanced. I would describe the experience as average.,neutral
I have been testing this product under normal conditions. The quality does not match what I expected for the price. The issues are especially noticeable during longer sessions. I have experienced problems that should not occur during ordinary use.,negative
I bought this science recently and have used it regularly. Everything has continued working as expected. The setup was painless.,positive
I have used this product in several everyday situations. It performs roughly as I expected. There are a few areas where refinement would help. I would describe the experience as average.,neutral
I decided to try this XCore product after comparing several options. The product has been a pleasant surprise. The overall design feels practical. I am happy with how it has performed.,positive
I purchased this product mainly for its accessories features. The experience has been fairly ordinary overall. The limitations are manageable for normal use.,neutral
"After spending some time with this product, I have formed a fairly clear opinion. The product is suitable if expectations remain reasonable. There is still some room for improvement.",neutral
I bought this men recently and have used it regularly. It performs reliably when I need it. I have not had any meaningful problems with it. I am happy with how it has performed.,positive
I have been testing this product under normal conditions. The product is neither particularly impressive nor disappointing. The product is adequate for straightforward use. The experience has been fairly ordinary overall.,neutral
I have been using this packaged food product for a few weeks. It has worked consistently without unexpected problems. I barely needed any time to get used to it. I would consider buying it again.,positive
I bought this product to see how well it would fit my everyday needs. The quality is better than I expected. The product handles its main tasks very well. I would consider buying it again.,positive
I gave this product a reasonable amount of use before writing this review. It meets the basic requirements without offering much beyond them. It depends somewhat on what you expect from the product. I would describe the experience as acceptable rather than impressive.,neutral
"After spending some time with this product, I have formed a fairly clear opinion. The experience has been fairly ordinary overall. The product is adequate for straightforward use. There is still some room for improvement.",neutral
"I purchased this product mainly for its outdoor features. It gets the job done, but there is room for improvement. There are a few areas where refinement would help. The overall quality is reasonable for the price.",neutral
I purchased this product mainly for its cricket features. Some important functions have not worked properly. The experience has been more disappointing than satisfying.,negative
This product has been part of my regular routine for a while. The setup was quick and straightforward. The day-to-day experience has been smooth. It has turned out to be a worthwhile purchase.,positive
I have been using this beverages product for a few weeks. The product is neither particularly impressive nor disappointing. The result is reasonably predictable. It meets the basic requirements without offering much beyond them. Some parts are better than others.,neutral
I bought this product to see how well it would fit my everyday needs. The overall experience has been better than I anticipated. It has been dependable from the beginning. I have not had any meaningful problems with it. I would be comfortable recommending it. There are still a few minor details that could be improved.,positive
This product has been part of my regular routine for a while. The controls feel natural and easy to understand. I would be comfortable recommending it. There are still a few minor details that could be improved.,positive
I bought this mobile recently and have used it regularly. The overall quality is reasonable for the price. The product is adequate for straightforward use. It performs roughly as I expected. Some parts are better than others.,neutral
I bought this console recently and have used it regularly. The product handles its main tasks very well. I am happy with how it has performed. There are still a few minor details that could be improved.,positive
"I have been testing this product under normal conditions. Nothing is seriously wrong, but I would not call it outstanding. The limitations are manageable for normal use. I would consider other options before making another purchase. Some parts are better than others.",neutral
"I have been using this business product for a few weeks. Everything has continued working as expected. It has handled regular use without difficulty. It performs reliably when I need it. Overall, I am satisfied with the purchase.",positive
"After spending some time with this product, I have formed a fairly clear opinion. Nothing is seriously wrong, but I would not call it outstanding. The differences are noticeable but not severe. There is still some room for improvement.",neutral
I bought this footwear recently and have used it regularly. I have found it easy and comfortable to use. I am happy with how it has performed.,positive
This product has been part of my regular routine for a while. Everything has continued working as expected. It has worked consistently without unexpected problems.,positive
"I bought this self help recently and have used it regularly. The performance has remained dependable during regular use. The day-to-day experience has been smooth. Overall, I am satisfied with the purchase.",positive
I decided to try this Peak product after comparing several options. The product has both strengths and weaknesses. It is difficult to call the experience either excellent or poor.,neutral
I have used this product in several everyday situations. Some parts work well while others are fairly average. The result is reasonably predictable. The product has both strengths and weaknesses. It is fine as long as expectations are realistic. Some parts are better than others.,neutral
"This product has been part of my regular routine for a while. It gets the job done, but there is room for improvement. The strengths and weaknesses are fairly balanced. The overall performance is acceptable for ordinary use.",neutral
I bought this product to see how well it would fit my everyday needs. It performs roughly as I expected. It is a reasonable choice for basic requirements.,neutral
I have been using this console product for a few weeks. The product is functional without being exceptional.,neutral
I decided to try this KnowledgeHub product after comparing several options. The product is suitable if expectations remain reasonable. The differences are noticeable but not severe.,neutral
This product has been part of my regular routine for a while. I have experienced problems that should not occur during ordinary use. I expected better overall reliability.,negative
I have been using this appliances product for a few weeks. The setup was quick and straightforward.,positive
I gave this product a reasonable amount of use before writing this review. The product has remained reliable even after repeated use. The product has remained reliable even after repeated use. I would consider buying it again.,positive
"I picked this product after looking at a few alternatives. It meets the basic requirements without offering much beyond them. There are useful aspects, but there are also some limitations. I would describe the experience as average.",neutral
I have been using this audio product for a few weeks. It has worked consistently without unexpected problems. It does what I need without unnecessary complications. The product feels well made. I would choose this again over several alternatives.,positive
I purchased this product mainly for its organic features. The product is suitable if expectations remain reasonable. The limitations are manageable for normal use. The product is neither particularly impressive nor disappointing.,neutral
"After spending some time with this product, I have formed a fairly clear opinion. The overall quality is reasonable for the price. The product is functional without being exceptional.",neutral
"After using the product for some time, I can comment on how it performs. The product feels well made. The setup was painless. The product feels well made. Overall, I am satisfied with the purchase.",positive
I have used this product in several everyday situations. I have found it easy and comfortable to use. It does what I need without unnecessary complications. The product handles its main tasks very well.,positive
"I picked this product after looking at a few alternatives. I have not found anything particularly impressive about it. It is difficult to call the experience either excellent or poor. It meets the basic requirements without offering much beyond them. Overall, it is acceptable but not exceptional.",neutral
"I have used this product in several everyday situations. There are useful aspects, but there are also some limitations. It is difficult to call the experience either excellent or poor.",neutral
"This product has been part of my regular routine for a while. The product is neither particularly impressive nor disappointing. There are useful aspects, but there are also some limitations. It is fine as long as expectations are realistic. Some parts are better than others.",neutral
I have been using this storage product for a few weeks. It meets the basic requirements without offering much beyond them. I would describe the experience as acceptable rather than impressive.,neutral
"After using the product for some time, I can comment on how it performs. Some parts work well while others are fairly average. I would describe the experience as average.",neutral
"After spending some time with this product, I have formed a fairly clear opinion. The product feels thoughtfully designed. The overall design feels practical. The product feels well made. Overall, I am satisfied with the purchase.",positive
I have been testing this product under normal conditions. The actual performance falls short of its apparent potential. The problems became more noticeable with continued use. The product has become unreliable during normal use. I would hesitate to recommend it. One or two aspects of the product are still useful.,negative
"I gave this product a reasonable amount of use before writing this review. The overall quality is reasonable for the price. The limitations are manageable for normal use. It has been usable so far, although some details could be refined. Overall, it is acceptable but not exceptional.",neutral
I gave this product a reasonable amount of use before writing this review. The product is suitable if expectations remain reasonable. The product is adequate for straightforward use. There is still some room for improvement.,neutral
I picked this product after looking at a few alternatives. Everything has continued working as expected.,positive
I decided to try this Zenith product after comparing several options. The actual performance falls short of its apparent potential. The product started showing problems after repeated use. I would look at alternatives before buying it again.,negative
"After using the product for some time, I can comment on how it performs. The product feels well made. The overall design feels practical. It has made my routine noticeably easier. There are still a few minor details that could be improved.",positive
This product has been part of my regular routine for a while. The overall performance is acceptable for ordinary use. It is difficult to call the experience either excellent or poor. The product is suitable if expectations remain reasonable. It is fine as long as expectations are realistic.,neutral
I purchased this product mainly for its fragrance features. The product has been a pleasant surprise. The setup was painless. The controls feel natural and easy to understand. I would choose this again over several alternatives.,positive
This product has been part of my regular routine for a while. I have not found anything particularly impressive about it. The result is reasonably predictable. There is still some room for improvement.,neutral
I have used this product in several everyday situations. The product handles its main tasks very well. It has made my routine noticeably easier. I would choose this again over several alternatives.,positive
This product has been part of my regular routine for a while. The setup was quick and straightforward. It does what I need without unnecessary complications. The product handles its main tasks very well. It has turned out to be a worthwhile purchase.,positive
"After using the product for some time, I can comment on how it performs. I have not found anything particularly impressive about it. The product is adequate for straightforward use. The product works, although it does not stand out. I would describe the experience as average.",neutral
I picked this product after looking at a few alternatives. The product has both strengths and weaknesses. It depends somewhat on what you expect from the product. The product is functional without being exceptional. I would describe the experience as average.,neutral
"After using the product for some time, I can comment on how it performs. Some components already show signs of wear. I expected better overall reliability.",negative
I have been testing this product under normal conditions. The performance has remained dependable during regular use. It does what I need without unnecessary complications. The performance has remained dependable during regular use.,positive
"I have been testing this product under normal conditions. There are useful aspects, but there are also some limitations. The result is reasonably predictable.",neutral
I have been testing this product under normal conditions. It has worked consistently without unexpected problems. I have not had any meaningful problems with it.,positive
I bought this product to see how well it would fit my everyday needs. The controls feel natural and easy to understand. It has been dependable from the beginning. It has turned out to be a worthwhile purchase.,positive
I have been using this mobile product for a few weeks. The product has been a pleasant surprise. It has worked consistently without unexpected problems.,positive
I have been using this men product for a few weeks. I have not found anything particularly impressive about it. The differences are noticeable but not severe.,neutral
I picked this product after looking at a few alternatives. The controls feel natural and easy to understand. I barely needed any time to get used to it. I would be comfortable recommending it.,positive
This product has been part of my regular routine for a while. The overall performance is acceptable for ordinary use. Some parts are better than others.,neutral
I gave this product a reasonable amount of use before writing this review. Its main features have worked smoothly. It has been dependable from the beginning. It has turned out to be a worthwhile purchase. There are still a few minor details that could be improved.,positive
"This product has been part of my regular routine for a while. The experience has been fairly ordinary overall. Nothing is seriously wrong, but I would not call it outstanding. I would consider other options before making another purchase.",neutral
"After spending some time with this product, I have formed a fairly clear opinion. The product is functional without being exceptional. The differences are noticeable but not severe. I have not found anything particularly impressive about it. There is still some room for improvement.",neutral
This product has been part of my regular routine for a while. It meets the basic requirements without offering much beyond them. The limitations are manageable for normal use. The product is suitable if expectations remain reasonable.,neutral
I purchased this product mainly for its controller features. The experience has been fairly ordinary overall. The result is reasonably predictable. There is still some room for improvement.,neutral
"I have been using this appliances product for a few weeks. It gets the job done, but there is room for improvement. It is difficult to call the experience either excellent or poor. It is fine as long as expectations are realistic. Some parts are better than others.",neutral
I purchased this product mainly for its self help features. Several aspects of the experience could be substantially better. The problems affect the overall experience. I would hesitate to recommend it.,negative
I have been using this packaged food product for a few weeks. The product is suitable if expectations remain reasonable. The product is adequate for straightforward use. I would describe the experience as average.,neutral
I gave this product a reasonable amount of use before writing this review. The controls feel natural and easy to understand. I am happy with how it has performed.,positive
This product has been part of my regular routine for a while. The quality is better than I expected. The quality is better than I expected. I am happy with how it has performed.,positive
I bought this product to see how well it would fit my everyday needs. I have encountered several problems that were difficult to ignore. The problems affect the overall experience. There is considerable room for improvement.,negative
I picked this product after looking at a few alternatives. I have found it easy and comfortable to use. I can depend on it for regular use. I would consider buying it again.,positive
This product has been part of my regular routine for a while. It meets the basic requirements without offering much beyond them. It is difficult to call the experience either excellent or poor. It handles the basic job adequately.,neutral
I have used this product in several everyday situations. I can depend on it for regular use. The overall design feels practical. The product feels well made. I am happy with how it has performed.,positive
"I picked this product after looking at a few alternatives. There are useful aspects, but there are also some limitations. The differences are noticeable but not severe. The experience has been fairly ordinary overall. I would consider other options before making another purchase.",neutral
"After spending some time with this product, I have formed a fairly clear opinion. Everything has continued working as expected. The performance has remained dependable during regular use.",positive
"I bought this product to see how well it would fit my everyday needs. The product has remained reliable even after repeated use. The day-to-day experience has been smooth. I have found it easy and comfortable to use. Overall, I am satisfied with the purchase.",positive
I gave this product a reasonable amount of use before writing this review. The performance has remained dependable during regular use. The overall design feels practical. Everything has continued working as expected.,positive
I have used this product in several everyday situations. The experience has been fairly ordinary overall.,neutral
I gave this product a reasonable amount of use before writing this review. The performance has remained dependable during regular use. The overall design feels practical. I would choose this again over several alternatives.,positive
"After spending some time with this product, I have formed a fairly clear opinion. It performs roughly as I expected. It is difficult to call the experience either excellent or poor. It is a reasonable choice for basic requirements.",neutral
"After spending some time with this product, I have formed a fairly clear opinion. There are useful aspects, but there are also some limitations. The product is adequate for straightforward use. I would describe the experience as average.",neutral
I purchased this product mainly for its technology features. The product has been a pleasant surprise. It has handled regular use without difficulty. I would choose this again over several alternatives.,positive
I have been using this storage product for a few weeks. The actual performance falls short of its apparent potential. The setup was more difficult than it needed to be. I do not think I would purchase it again.,negative
This product has been part of my regular routine for a while. It has worked consistently without unexpected problems. It does what I need without unnecessary complications. I would choose this again over several alternatives.,positive
I picked this product after looking at a few alternatives. The quality is better than I expected. Everything has continued working as expected. I would consider buying it again. There are still a few minor details that could be improved.,positive
I have been testing this product under normal conditions. Everything has continued working as expected. It has been dependable from the beginning. The performance has remained dependable during regular use.,positive
"This product has been part of my regular routine for a while. It gets the job done, but there is room for improvement. The result is reasonably predictable. The overall performance is acceptable for ordinary use.",neutral
"I have been testing this product under normal conditions. The overall experience has been better than I anticipated. Overall, I am satisfied with the purchase.",positive
I decided to try this UrbanStyle product after comparing several options. Everything has continued working as expected. It has been dependable from the beginning. The setup was quick and straightforward. I would consider buying it again.,positive
"I purchased this product mainly for its science features. There are useful aspects, but there are also some limitations. The result is reasonably predictable. I would describe the experience as acceptable rather than impressive.",neutral
I have been using this men product for a few weeks. The performance has remained dependable during regular use. I would consider buying it again.,positive
"After spending some time with this product, I have formed a fairly clear opinion. Nothing is seriously wrong, but I would not call it outstanding. It is a reasonable choice for basic requirements.",neutral
"I have been using this self help product for a few weeks. The product has been a pleasant surprise. It does what I need without unnecessary complications. Overall, I am satisfied with the purchase.",positive
"After spending some time with this product, I have formed a fairly clear opinion. The experience has been more disappointing than satisfying. I have had to work around several shortcomings.",negative
"I bought this product to see how well it would fit my everyday needs. It gets the job done, but there is room for improvement. There are useful aspects, but there are also some limitations.",neutral
"This product has been part of my regular routine for a while. The product works, although it does not stand out. The differences are noticeable but not severe. It is fine as long as expectations are realistic.",neutral
I have been using this accessories product for a few weeks. The product has been a pleasant surprise. I have had no reason to complain about its reliability. Its main features have worked smoothly.,positive
I bought this product to see how well it would fit my everyday needs. The controls feel natural and easy to understand. It has been dependable from the beginning. I would choose this again over several alternatives.,positive
"After spending some time with this product, I have formed a fairly clear opinion. I would describe the experience as acceptable rather than impressive. The differences are noticeable but not severe. I would consider other options before making another purchase.",neutral
I have been testing this product under normal conditions. Some components already show signs of wear. I would prefer a more reliable alternative.,negative
"This product has been part of my regular routine for a while. Nothing is seriously wrong, but I would not call it outstanding. I would consider other options before making another purchase.",neutral
"I have used this product in several everyday situations. The product has been a pleasant surprise. The overall design feels practical. Overall, I am satisfied with the purchase.",positive
I gave this product a reasonable amount of use before writing this review. I have not had any meaningful problems with it. The overall design feels practical. I would choose this again over several alternatives.,positive
"I have been using this personal care product for a few weeks. It has been usable so far, although some details could be refined. It depends somewhat on what you expect from the product. I have not found anything particularly impressive about it.",neutral
I have been testing this product under normal conditions. It meets the basic requirements without offering much beyond them. It is fine as long as expectations are realistic.,neutral
"After spending some time with this product, I have formed a fairly clear opinion. It has worked consistently without unexpected problems. The overall design feels practical. I would consider buying it again.",positive
I decided to try this ModeFit product after comparing several options. The quality is better than I expected.,positive
"I bought this appliances recently and have used it regularly. It has been usable so far, although some details could be refined. I have not found anything particularly impressive about it. It is fine as long as expectations are realistic.",neutral
I have been using this personal care product for a few weeks. The overall quality is reasonable for the price. It depends somewhat on what you expect from the product. I would describe the experience as average.,neutral
I gave this product a reasonable amount of use before writing this review. The product is functional without being exceptional. The result is reasonably predictable.,neutral
"I picked this product after looking at a few alternatives. It meets the basic requirements without offering much beyond them. The strengths and weaknesses are fairly balanced. It gets the job done, but there is room for improvement.",neutral
"After using the product for some time, I can comment on how it performs. The experience has been fairly ordinary overall. The strengths and weaknesses are fairly balanced. The experience has been fairly ordinary overall.",neutral
I have used this product in several everyday situations. The product is functional without being exceptional. The strengths and weaknesses are fairly balanced. The product is functional without being exceptional. It is fine as long as expectations are realistic.,neutral
I have been testing this product under normal conditions. The product has remained reliable even after repeated use. The setup was painless. The product handles its main tasks very well.,positive
"After spending some time with this product, I have formed a fairly clear opinion. Its main features have worked smoothly. It has been dependable from the beginning. I have not had any meaningful problems with it. I would be comfortable recommending it.",positive
"I decided to try this GameZone product after comparing several options. The product feels well made. It has been dependable from the beginning. Overall, I am satisfied with the purchase.",positive
"After using the product for some time, I can comment on how it performs. Some parts work well while others are fairly average. It is difficult to call the experience either excellent or poor. It gets the job done, but there is room for improvement. It is fine as long as expectations are realistic.",neutral
I picked this product after looking at a few alternatives. The product is neither particularly impressive nor disappointing. It is difficult to call the experience either excellent or poor.,neutral
I bought this product to see how well it would fit my everyday needs. It handles the basic job adequately. The limitations are manageable for normal use. The product is suitable if expectations remain reasonable. I would describe the experience as average.,neutral
I purchased this product mainly for its haircare features. The quality is better than I expected. It has handled regular use without difficulty.,positive
I have used this product in several everyday situations. The overall performance is acceptable for ordinary use. Some parts are better than others.,neutral
I have been testing this product under normal conditions. Its main features have worked smoothly. I would be comfortable recommending it.,positive
I have used this product in several everyday situations. I have not had any meaningful problems with it. The overall experience has been better than I anticipated. I would choose this again over several alternatives.,positive
I bought this yoga recently and have used it regularly. I have had trouble depending on it for regular use. The issues are especially noticeable during longer sessions. I do not think I would purchase it again.,negative
"After using the product for some time, I can comment on how it performs. It has been usable so far, although some details could be refined. It is difficult to call the experience either excellent or poor. It performs roughly as I expected. I would consider other options before making another purchase.",neutral
"After spending some time with this product, I have formed a fairly clear opinion. It has been usable so far, although some details could be refined. The limitations are manageable for normal use. Some parts are better than others.",neutral
"After spending some time with this product, I have formed a fairly clear opinion. The product has both strengths and weaknesses. The result is reasonably predictable. The product is suitable if expectations remain reasonable.",neutral
I purchased this product mainly for its appliances features. It performs roughly as I expected. The product is adequate for straightforward use. It is fine as long as expectations are realistic.,neutral
I decided to try this ComfortLiving product after comparing several options. I have found it easy and comfortable to use. I would consider buying it again.,positive
"I have been testing this product under normal conditions. The overall experience has been better than I anticipated. I barely needed any time to get used to it. I have found it easy and comfortable to use. Overall, I am satisfied with the purchase.",positive
"After using the product for some time, I can comment on how it performs. I can depend on it for regular use. The day-to-day experience has been smooth. The product feels well made. I would choose this again over several alternatives.",positive
"I have been using this business product for a few weeks. I have not had any meaningful problems with it. I barely needed any time to get used to it. Overall, I am satisfied with the purchase.",positive
I bought this beverages recently and have used it regularly. It performs roughly as I expected. It depends somewhat on what you expect from the product. The product is functional without being exceptional. There is still some room for improvement.,neutral
I bought this self help recently and have used it regularly. I have not found anything particularly impressive about it. Some parts are better than others.,neutral
I have been testing this product under normal conditions. Several aspects of the experience could be substantially better. The problems affect the overall experience.,negative
"I picked this product after looking at a few alternatives. The overall performance is acceptable for ordinary use. The limitations are manageable for normal use. The product works, although it does not stand out.",neutral
"I bought this product to see how well it would fit my everyday needs. The product works, although it does not stand out. The product is suitable if expectations remain reasonable. I would consider other options before making another purchase.",neutral
I purchased this product mainly for its sportswear features. The product has remained reliable even after repeated use. The overall design feels practical.,positive
I gave this product a reasonable amount of use before writing this review. The quality is better than I expected.,positive
I have used this product in several everyday situations. I have experienced problems that should not occur during ordinary use. I have had to work around several shortcomings. One or two aspects of the product are still useful.,negative
I bought this product to see how well it would fit my everyday needs. It performs reliably when I need it. It has handled regular use without difficulty. I would be comfortable recommending it.,positive
"After spending some time with this product, I have formed a fairly clear opinion. The overall performance is acceptable for ordinary use. There are a few areas where refinement would help.",neutral
I purchased this product mainly for its storage features. The controls feel natural and easy to understand. The setup was painless. I can depend on it for regular use. It has turned out to be a worthwhile purchase.,positive
"After spending some time with this product, I have formed a fairly clear opinion. Nothing is seriously wrong, but I would not call it outstanding. It is difficult to call the experience either excellent or poor.",neutral
I have been testing this product under normal conditions. I would describe the experience as acceptable rather than impressive. The limitations are manageable for normal use. It is fine as long as expectations are realistic.,neutral
"I purchased this product mainly for its appliances features. Nothing is seriously wrong, but I would not call it outstanding. It depends somewhat on what you expect from the product. It has been usable so far, although some details could be refined. It is a reasonable choice for basic requirements.",neutral
I picked this product after looking at a few alternatives. The product feels thoughtfully designed. The day-to-day experience has been smooth. The product handles its main tasks very well.,positive
I have been testing this product under normal conditions. Some important functions have not worked properly. The product does not inspire much confidence. I would hesitate to rely on this product for important tasks.,negative
I decided to try this TrendX product after comparing several options. The product feels well made. It has been dependable from the beginning. The product has been a pleasant surprise. I would be comfortable recommending it.,positive
"I have been using this mobile product for a few weeks. Nothing is seriously wrong, but I would not call it outstanding. The result is reasonably predictable. It performs roughly as I expected.",neutral
I have used this product in several everyday situations. The product is functional without being exceptional. The product has both strengths and weaknesses. There is still some room for improvement. Some parts are better than others.,neutral
I have been testing this product under normal conditions. Some parts work well while others are fairly average. The differences are noticeable but not severe. It is a reasonable choice for basic requirements.,neutral
"After using the product for some time, I can comment on how it performs. Some components already show signs of wear. The product does not inspire much confidence. I would look at alternatives before buying it again.",negative
"I have been using this fitness product for a few weeks. I would describe the experience as acceptable rather than impressive. The product works, although it does not stand out.",neutral
I bought this product to see how well it would fit my everyday needs. The controls feel natural and easy to understand. The day-to-day experience has been smooth. The product feels thoughtfully designed. I would consider buying it again.,positive
I decided to try this Casa product after comparing several options. It performs reliably when I need it. I would choose this again over several alternatives.,positive
"After spending some time with this product, I have formed a fairly clear opinion. The product has remained reliable even after repeated use. The setup was painless. The product feels well made. I would choose this again over several alternatives. There are still a few minor details that could be improved.",positive
I bought this fragrance recently and have used it regularly. The quality does not match what I expected for the price. I have experienced problems that should not occur during ordinary use. I would hesitate to recommend it.,negative
I bought this product to see how well it would fit my everyday needs. The product has remained reliable even after repeated use. The overall design feels practical.,positive
I picked this product after looking at a few alternatives. I would describe the experience as acceptable rather than impressive. The product is functional without being exceptional.,neutral
I have been using this organic product for a few weeks. The controls feel natural and easy to understand. The day-to-day experience has been smooth. There are still a few minor details that could be improved.,positive
I purchased this product mainly for its makeup features. It has made my routine noticeably easier. The day-to-day experience has been smooth. It has turned out to be a worthwhile purchase.,positive
I bought this product to see how well it would fit my everyday needs. The overall experience has been better than I anticipated. The day-to-day experience has been smooth. I am happy with how it has performed.,positive
"I have been using this kitchen product for a few weeks. There are useful aspects, but there are also some limitations. It depends somewhat on what you expect from the product. It is a reasonable choice for basic requirements.",neutral
"After using the product for some time, I can comment on how it performs. It performs reliably when I need it. I barely needed any time to get used to it.",positive
I have been using this console product for a few weeks. I would hesitate to rely on this product for important tasks. The experience has been more disappointing than satisfying. One or two aspects of the product are still useful.,negative
I have been testing this product under normal conditions. I have found it easy and comfortable to use. The overall design feels practical. The performance has remained dependable during regular use. I would consider buying it again.,positive
"After spending some time with this product, I have formed a fairly clear opinion. It performs roughly as I expected. It performs roughly as I expected. Some parts are better than others.",neutral
I have been using this science product for a few weeks. It has made my routine noticeably easier. The overall design feels practical.,positive
I bought this product to see how well it would fit my everyday needs. I can depend on it for regular use. I barely needed any time to get used to it.,positive
"I bought this snacks recently and have used it regularly. It performs reliably when I need it. The setup was painless. The performance has remained dependable during regular use. Overall, I am satisfied with the purchase.",positive
I bought this product to see how well it would fit my everyday needs. I have not had any meaningful problems with it. The day-to-day experience has been smooth. I would be comfortable recommending it.,positive
I bought this accessories recently and have used it regularly. I have experienced problems that should not occur during ordinary use. The actual performance falls short of its apparent potential. I would look at alternatives before buying it again.,negative
I have been testing this product under normal conditions. It performs roughly as I expected. It handles the basic job adequately.,neutral
I picked this product after looking at a few alternatives. Everything has continued working as expected. I have had no reason to complain about its reliability.,positive
I have been using this snacks product for a few weeks. The product handles its main tasks very well. It has handled regular use without difficulty. I would be comfortable recommending it.,positive
"I bought this product to see how well it would fit my everyday needs. The product is functional without being exceptional. There are a few areas where refinement would help. There are useful aspects, but there are also some limitations. There is still some room for improvement.",neutral
"I gave this product a reasonable amount of use before writing this review. The overall performance is acceptable for ordinary use. It is difficult to call the experience either excellent or poor. It has been usable so far, although some details could be refined. It is a reasonable choice for basic requirements.",neutral
I decided to try this ClassicWear product after comparing several options. The product is functional without being exceptional. There are a few areas where refinement would help. It handles the basic job adequately.,neutral
"I decided to try this SoundMax product after comparing several options. The product works, although it does not stand out. It is difficult to call the experience either excellent or poor. It is fine as long as expectations are realistic.",neutral
I gave this product a reasonable amount of use before writing this review. I can depend on it for regular use. It has been dependable from the beginning.,positive
I picked this product after looking at a few alternatives. There are several issues that make the product difficult to recommend.,negative
I purchased this product mainly for its decor features. Its main features have worked smoothly. I have had no reason to complain about its reliability. The quality is better than I expected.,positive
"I bought this product to see how well it would fit my everyday needs. It has been usable so far, although some details could be refined. It handles the basic job adequately.",neutral
This product has been part of my regular routine for a while. The overall performance is acceptable for ordinary use. The strengths and weaknesses are fairly balanced.,neutral
"After using the product for some time, I can comment on how it performs. The experience has been fairly ordinary overall. The result is reasonably predictable. The product is suitable if expectations remain reasonable. It is a reasonable choice for basic requirements. Some parts are better than others.",neutral
I have been testing this product under normal conditions. The materials do not feel particularly durable. The setup was more difficult than it needed to be. Some important functions have not worked properly. I would look at alternatives before buying it again.,negative
I purchased this product mainly for its men features. I would describe the experience as acceptable rather than impressive. It is difficult to call the experience either excellent or poor. It is fine as long as expectations are realistic.,neutral
I have been testing this product under normal conditions. I can depend on it for regular use. The setup was painless. I would consider buying it again.,positive
"After spending some time with this product, I have formed a fairly clear opinion. The experience has been fairly ordinary overall. It depends somewhat on what you expect from the product. Nothing is seriously wrong, but I would not call it outstanding.",neutral
"After spending some time with this product, I have formed a fairly clear opinion. The product handles its main tasks very well. It has been dependable from the beginning. There are still a few minor details that could be improved.",positive
I have used this product in several everyday situations. It performs reliably when I need it. I have had no reason to complain about its reliability. The product has been a pleasant surprise. It has turned out to be a worthwhile purchase.,positive
I bought this product to see how well it would fit my everyday needs. Several aspects of the experience could be substantially better. The setup was more difficult than it needed to be.,negative
"I bought this product to see how well it would fit my everyday needs. The product is suitable if expectations remain reasonable. There are a few areas where refinement would help. It has been usable so far, although some details could be refined. There is still some room for improvement.",neutral
"I have used this product in several everyday situations. The overall experience has been better than I anticipated. It has been dependable from the beginning. Overall, I am satisfied with the purchase. There are still a few minor details that could be improved.",positive
"After using the product for some time, I can comment on how it performs. The experience has been more disappointing than satisfying. The setup was more difficult than it needed to be.",negative
I purchased this product mainly for its appliances features. Its main features have worked smoothly. The overall design feels practical. It has made my routine noticeably easier.,positive
I bought this product to see how well it would fit my everyday needs. Everything has continued working as expected. The overall design feels practical.,positive
I decided to try this Electra product after comparing several options. I would describe the experience as acceptable rather than impressive. The product is adequate for straightforward use. The product has both strengths and weaknesses.,neutral
I have used this product in several everyday situations. I can depend on it for regular use. The quality is better than I expected.,positive
I have used this product in several everyday situations. The overall quality is reasonable for the price. The product is adequate for straightforward use.,neutral
This product has been part of my regular routine for a while. The product has failed to perform consistently.,negative
I have used this product in several everyday situations. I would describe the experience as acceptable rather than impressive. The result is reasonably predictable.,neutral
I purchased this product mainly for its controller features. It performs reliably when I need it. The performance has remained dependable during regular use. I would consider buying it again. There are still a few minor details that could be improved.,positive
I have been using this cricket product for a few weeks. The quality does not match what I expected for the price. The product does not inspire much confidence. The performance becomes inconsistent over longer periods.,negative
I bought this product to see how well it would fit my everyday needs. Its main features have worked smoothly. It has been dependable from the beginning. The controls feel natural and easy to understand. I would choose this again over several alternatives.,positive
I purchased this product mainly for its kitchen features. The performance has remained dependable during regular use. I barely needed any time to get used to it.,positive
I purchased this product mainly for its business features. It performs reliably when I need it. The day-to-day experience has been smooth. I would choose this again over several alternatives.,positive
I have been testing this product under normal conditions. The quality is better than I expected. The setup was painless. I would consider buying it again.,positive
I bought this men recently and have used it regularly. The overall experience has been better than I anticipated. I have had no reason to complain about its reliability. The product has remained reliable even after repeated use.,positive
I picked this product after looking at a few alternatives. The product feels well made. I would choose this again over several alternatives.,positive
I decided to try this BeautyPlus product after comparing several options. Its main features have worked smoothly. I barely needed any time to get used to it. The overall experience has been better than I anticipated. I would consider buying it again.,positive
I bought this product to see how well it would fit my everyday needs. I would hesitate to rely on this product for important tasks. The setup was more difficult than it needed to be. The quality does not match what I expected for the price.,negative
I purchased this product mainly for its cricket features. It handles the basic job adequately. I would consider other options before making another purchase. Some parts are better than others.,neutral
I have used this product in several everyday situations. The setup was quick and straightforward. I barely needed any time to get used to it. I would choose this again over several alternatives.,positive
I have been testing this product under normal conditions. It has worked consistently without unexpected problems. It has been dependable from the beginning. It has turned out to be a worthwhile purchase.,positive
"After spending some time with this product, I have formed a fairly clear opinion. I would describe the experience as acceptable rather than impressive. I would describe the experience as acceptable rather than impressive.",neutral
I decided to try this PageTurner product after comparing several options. It performs roughly as I expected. The limitations are manageable for normal use.,neutral
I picked this product after looking at a few alternatives. The product has been a pleasant surprise. The performance has remained dependable during regular use. I am happy with how it has performed.,positive
"I have used this product in several everyday situations. It performs roughly as I expected. The product is adequate for straightforward use. Overall, it is acceptable but not exceptional. Some parts are better than others.",neutral
"After spending some time with this product, I have formed a fairly clear opinion. The experience has been fairly ordinary overall. It depends somewhat on what you expect from the product. It handles the basic job adequately.",neutral
I have been testing this product under normal conditions. It has made my routine noticeably easier. It has been dependable from the beginning. It performs reliably when I need it. I would choose this again over several alternatives.,positive
"After spending some time with this product, I have formed a fairly clear opinion. The product is functional without being exceptional. It depends somewhat on what you expect from the product.",neutral
"I purchased this product mainly for its beverages features. The product is neither particularly impressive nor disappointing. The result is reasonably predictable. There are useful aspects, but there are also some limitations. It is fine as long as expectations are realistic.",neutral
I bought this console recently and have used it regularly. The product is suitable if expectations remain reasonable. The result is reasonably predictable. It is a reasonable choice for basic requirements. Some parts are better than others.,neutral
I have used this product in several everyday situations. It performs roughly as I expected. The result is reasonably predictable.,neutral
"I decided to try this ClassicWear product after comparing several options. Nothing is seriously wrong, but I would not call it outstanding. The limitations are manageable for normal use. It is a reasonable choice for basic requirements.",neutral
"I have used this product in several everyday situations. I have not had any meaningful problems with it. It has worked consistently without unexpected problems. Overall, I am satisfied with the purchase.",positive
I bought this product to see how well it would fit my everyday needs. The product has remained reliable even after repeated use. I would choose this again over several alternatives.,positive
I bought this product to see how well it would fit my everyday needs. It performs roughly as I expected. The limitations are manageable for normal use.,neutral
I have used this product in several everyday situations. It has made my routine noticeably easier. I would be comfortable recommending it.,positive
"After spending some time with this product, I have formed a fairly clear opinion. The overall quality is reasonable for the price. It is fine as long as expectations are realistic.",neutral
"This product has been part of my regular routine for a while. The controls feel natural and easy to understand. The setup was painless. Overall, I am satisfied with the purchase.",positive
"After spending some time with this product, I have formed a fairly clear opinion. I would describe the experience as acceptable rather than impressive. The limitations are manageable for normal use. The product is functional without being exceptional.",neutral
"After using the product for some time, I can comment on how it performs. I can depend on it for regular use. It does what I need without unnecessary complications.",positive
I purchased this product mainly for its business features. The product feels well made.,positive
"After spending some time with this product, I have formed a fairly clear opinion. The product has failed to perform consistently. The product has caused more frustration than I expected.",negative
"I gave this product a reasonable amount of use before writing this review. The product has remained reliable even after repeated use. It has been dependable from the beginning. Overall, I am satisfied with the purchase.",positive
"After using the product for some time, I can comment on how it performs. I can depend on it for regular use. I have had no reason to complain about its reliability. The product feels thoughtfully designed. Overall, I am satisfied with the purchase.",positive
I picked this product after looking at a few alternatives. The product has both strengths and weaknesses. The differences are noticeable but not severe. There is still some room for improvement. Some parts are better than others.,neutral
"After using the product for some time, I can comment on how it performs. It has been usable so far, although some details could be refined.",neutral
I purchased this product mainly for its makeup features. It has made my routine noticeably easier. The setup was painless.,positive
I purchased this product mainly for its smart home features. The product handles its main tasks very well. The day-to-day experience has been smooth. There are still a few minor details that could be improved.,positive
I bought this smart home recently and have used it regularly. The controls feel natural and easy to understand. It has handled regular use without difficulty. I would consider buying it again.,positive
"This product has been part of my regular routine for a while. The product works, although it does not stand out. The result is reasonably predictable. Nothing is seriously wrong, but I would not call it outstanding. It is fine as long as expectations are realistic.",neutral
I bought this self help recently and have used it regularly. The product has caused more frustration than I expected. The issues are especially noticeable during longer sessions. One or two aspects of the product are still useful.,negative
This product has been part of my regular routine for a while. I have not found anything particularly impressive about it.,neutral
I decided to try this Peak product after comparing several options. It meets the basic requirements without offering much beyond them. The strengths and weaknesses are fairly balanced.,neutral
I bought this product to see how well it would fit my everyday needs. The product is suitable if expectations remain reasonable. The product is adequate for straightforward use. It meets the basic requirements without offering much beyond them.,neutral
I have been testing this product under normal conditions. The performance has remained dependable during regular use. It has handled regular use without difficulty. I have not had any meaningful problems with it. I would be comfortable recommending it.,positive
I bought this smart home recently and have used it regularly. It performs reliably when I need it. The setup was painless.,positive
I bought this product to see how well it would fit my everyday needs. I can depend on it for regular use. The day-to-day experience has been smooth. The product has remained reliable even after repeated use. I would consider buying it again.,positive
This product has been part of my regular routine for a while. Its main features have worked smoothly. I am happy with how it has performed.,positive
This product has been part of my regular routine for a while. The quality does not match what I expected for the price. The product does not inspire much confidence. I expected better overall reliability.,negative
I bought this product to see how well it would fit my everyday needs. The product handles its main tasks very well. It does what I need without unnecessary complications. The product feels well made. I would be comfortable recommending it.,positive
I decided to try this Harvest product after comparing several options. It performs reliably when I need it. I have had no reason to complain about its reliability. The quality is better than I expected. It has turned out to be a worthwhile purchase.,positive
"I have been using this fragrance product for a few weeks. I would describe the experience as acceptable rather than impressive. The strengths and weaknesses are fairly balanced. It gets the job done, but there is room for improvement.",neutral
I gave this product a reasonable amount of use before writing this review. The materials do not feel particularly durable. The product does not inspire much confidence. Some important functions have not worked properly. I would look at alternatives before buying it again.,negative
"I purchased this product mainly for its appliances features. There are useful aspects, but there are also some limitations. I would consider other options before making another purchase. Some parts are better than others.",neutral
I picked this product after looking at a few alternatives. The product has not been as dependable as I needed. I would prefer a more reliable alternative. I do not think I would purchase it again.,negative
I bought this science recently and have used it regularly. The controls feel natural and easy to understand. It does what I need without unnecessary complications.,positive
I decided to try this Harvest product after comparing several options. I have found it easy and comfortable to use. It has handled regular use without difficulty. The setup was quick and straightforward.,positive
"I decided to try this PureCare product after comparing several options. It has been usable so far, although some details could be refined. The strengths and weaknesses are fairly balanced. Nothing is seriously wrong, but I would not call it outstanding. Some parts are better than others.",neutral
"I decided to try this NatureBest product after comparing several options. It gets the job done, but there is room for improvement. I would consider other options before making another purchase. Some parts are better than others.",neutral
I decided to try this Electra product after comparing several options. It meets the basic requirements without offering much beyond them. The limitations are manageable for normal use. It is a reasonable choice for basic requirements.,neutral
"I have been testing this product under normal conditions. The product feels well made. It has been dependable from the beginning. The product handles its main tasks very well. Overall, I am satisfied with the purchase.",positive
I have used this product in several everyday situations. It has made my routine noticeably easier. The overall design feels practical. There are still a few minor details that could be improved.,positive
"After spending some time with this product, I have formed a fairly clear opinion. It gets the job done, but there is room for improvement. The strengths and weaknesses are fairly balanced. The overall performance is acceptable for ordinary use. It is fine as long as expectations are realistic.",neutral
I bought this fragrance recently and have used it regularly. The product feels thoughtfully designed. I have found it easy and comfortable to use.,positive
"After using the product for some time, I can comment on how it performs. Everything has continued working as expected. The overall design feels practical.",positive
I gave this product a reasonable amount of use before writing this review. The product feels thoughtfully designed. I have had no reason to complain about its reliability.,positive
"After using the product for some time, I can comment on how it performs. It performs roughly as I expected. The result is reasonably predictable. It performs roughly as I expected. There is still some room for improvement.",neutral
"I have been testing this product under normal conditions. It gets the job done, but there is room for improvement.",neutral
I bought this self help recently and have used it regularly. The product has remained reliable even after repeated use. The day-to-day experience has been smooth. I would consider buying it again.,positive
"After spending some time with this product, I have formed a fairly clear opinion. It has been usable so far, although some details could be refined. It handles the basic job adequately. Overall, it is acceptable but not exceptional.",neutral
"I bought this product to see how well it would fit my everyday needs. There are useful aspects, but there are also some limitations. It is difficult to call the experience either excellent or poor. Some parts are better than others.",neutral
"After spending some time with this product, I have formed a fairly clear opinion. The product feels well made. I have had no reason to complain about its reliability. Overall, I am satisfied with the purchase.",positive
"After spending some time with this product, I have formed a fairly clear opinion. The controls feel natural and easy to understand. I have had no reason to complain about its reliability. The product handles its main tasks very well.",positive
I picked this product after looking at a few alternatives. The product has been a pleasant surprise. It has handled regular use without difficulty. I can depend on it for regular use.,positive
I picked this product after looking at a few alternatives. The overall quality is reasonable for the price. The limitations are manageable for normal use. The overall quality is reasonable for the price.,neutral
I decided to try this XCore product after comparing several options. It performs reliably when I need it.,positive
"I have been testing this product under normal conditions. The product works, although it does not stand out. It handles the basic job adequately.",neutral
"After using the product for some time, I can comment on how it performs. The product has been a pleasant surprise. It performs reliably when I need it. There are still a few minor details that could be improved.",positive
I bought this product to see how well it would fit my everyday needs. The quality is better than I expected. It does what I need without unnecessary complications. It has turned out to be a worthwhile purchase.,positive
I gave this product a reasonable amount of use before writing this review. It handles the basic job adequately. The differences are noticeable but not severe. The product is suitable if expectations remain reasonable. There is still some room for improvement.,neutral
"I gave this product a reasonable amount of use before writing this review. I have not found anything particularly impressive about it. It depends somewhat on what you expect from the product. Overall, it is acceptable but not exceptional.",neutral
I bought this product to see how well it would fit my everyday needs. The setup was quick and straightforward. Its main features have worked smoothly. There are still a few minor details that could be improved.,positive
I have been using this audio product for a few weeks. Everything has continued working as expected. It has been dependable from the beginning. I would consider buying it again.,positive
"I have been using this fitness product for a few weeks. It gets the job done, but there is room for improvement. The result is reasonably predictable. The product is neither particularly impressive nor disappointing.",neutral
I have used this product in several everyday situations. The product has failed to perform consistently. I expected something more dependable. I would hesitate to rely on this product for important tasks.,negative
I bought this product to see how well it would fit my everyday needs. The product feels well made. I would choose this again over several alternatives.,positive
"I gave this product a reasonable amount of use before writing this review. I would describe the experience as acceptable rather than impressive. It has been usable so far, although some details could be refined. Overall, it is acceptable but not exceptional.",neutral
I have been using this sportswear product for a few weeks. The overall performance is acceptable for ordinary use. It is difficult to call the experience either excellent or poor.,neutral
I purchased this product mainly for its cricket features. It performs reliably when I need it. The day-to-day experience has been smooth.,positive
I have been using this men product for a few weeks. The overall performance is acceptable for ordinary use. I would describe the experience as average.,neutral
I gave this product a reasonable amount of use before writing this review. Everything has continued working as expected. It has been dependable from the beginning. It has worked consistently without unexpected problems. I would be comfortable recommending it.,positive
I purchased this product mainly for its controller features. The experience has been fairly ordinary overall. It depends somewhat on what you expect from the product.,neutral
I bought this product to see how well it would fit my everyday needs. The overall performance is acceptable for ordinary use. The result is reasonably predictable. It meets the basic requirements without offering much beyond them.,neutral
I bought this footwear recently and have used it regularly. It meets the basic requirements without offering much beyond them. It depends somewhat on what you expect from the product.,neutral
I picked this product after looking at a few alternatives. The product has remained reliable even after repeated use. The setup was painless. The setup was quick and straightforward.,positive
"I purchased this product mainly for its games features. There are useful aspects, but there are also some limitations. The overall quality is reasonable for the price. It is fine as long as expectations are realistic. Some parts are better than others.",neutral
I have been testing this product under normal conditions. I have not had any meaningful problems with it. The overall design feels practical. The controls feel natural and easy to understand. I am happy with how it has performed.,positive
I picked this product after looking at a few alternatives. The performance has remained dependable during regular use. The product has been a pleasant surprise. I would choose this again over several alternatives. There are still a few minor details that could be improved.,positive
I gave this product a reasonable amount of use before writing this review. The product has both strengths and weaknesses. The product is adequate for straightforward use. I have not found anything particularly impressive about it.,neutral
"After using the product for some time, I can comment on how it performs. The product feels well made. It does what I need without unnecessary complications. Overall, I am satisfied with the purchase.",positive
I decided to try this DailyBasket product after comparing several options. It meets the basic requirements without offering much beyond them. The result is reasonably predictable. I would describe the experience as acceptable rather than impressive.,neutral
"I bought this product to see how well it would fit my everyday needs. It performs reliably when I need it. It does what I need without unnecessary complications. It performs reliably when I need it. Overall, I am satisfied with the purchase. There are still a few minor details that could be improved.",positive
"I have been testing this product under normal conditions. It gets the job done, but there is room for improvement. The limitations are manageable for normal use. It is fine as long as expectations are realistic.",neutral
"I have been testing this product under normal conditions. There are useful aspects, but there are also some limitations. The result is reasonably predictable. Overall, it is acceptable but not exceptional.",neutral
I have used this product in several everyday situations. The setup was quick and straightforward. It has handled regular use without difficulty.,positive
"I decided to try this UrbanStyle product after comparing several options. The product works, although it does not stand out. It depends somewhat on what you expect from the product. It handles the basic job adequately.",neutral
I have used this product in several everyday situations. The controls feel natural and easy to understand. I barely needed any time to get used to it. The product feels well made.,positive
I have been testing this product under normal conditions. The experience has been more disappointing than satisfying. The setup was more difficult than it needed to be. The experience has been more disappointing than satisfying. One or two aspects of the product are still useful.,negative
This product has been part of my regular routine for a while. The experience has been fairly ordinary overall.,neutral
I bought this product to see how well it would fit my everyday needs. Its main features have worked smoothly. The overall design feels practical. I am happy with how it has performed.,positive
"I picked this product after looking at a few alternatives. It performs reliably when I need it. The setup was painless. I have not had any meaningful problems with it. Overall, I am satisfied with the purchase.",positive
I bought this fragrance recently and have used it regularly. The overall experience has been better than I anticipated.,positive
"After spending some time with this product, I have formed a fairly clear opinion. The product is neither particularly impressive nor disappointing. It is difficult to call the experience either excellent or poor. It has been usable so far, although some details could be refined.",neutral
I bought this product to see how well it would fit my everyday needs. It performs reliably when I need it. I barely needed any time to get used to it. The product feels well made. I would be comfortable recommending it.,positive
I picked this product after looking at a few alternatives. The experience has been fairly ordinary overall. The product has both strengths and weaknesses.,neutral
"After using the product for some time, I can comment on how it performs. The setup was quick and straightforward. Overall, I am satisfied with the purchase. There are still a few minor details that could be improved.",positive
I bought this cricket recently and have used it regularly. Its main features have worked smoothly. I have had no reason to complain about its reliability.,positive
"After using the product for some time, I can comment on how it performs. The product is suitable if expectations remain reasonable. There are a few areas where refinement would help.",neutral
"I have been testing this product under normal conditions. The product handles its main tasks very well. It has been dependable from the beginning. Overall, I am satisfied with the purchase.",positive
I decided to try this TrendX product after comparing several options. The product is suitable if expectations remain reasonable. There are a few areas where refinement would help. It handles the basic job adequately. It is a reasonable choice for basic requirements. Some parts are better than others.,neutral
"I purchased this product mainly for its fragrance features. The product has both strengths and weaknesses. The product is adequate for straightforward use. Overall, it is acceptable but not exceptional.",neutral
I decided to try this ActiveX product after comparing several options. I have not had any meaningful problems with it. The overall experience has been better than I anticipated. I would be comfortable recommending it.,positive
I bought this running recently and have used it regularly. The product has caused more frustration than I expected. I expected something more dependable.,negative
I gave this product a reasonable amount of use before writing this review. Its main features have worked smoothly. It does what I need without unnecessary complications.,positive
I bought this product to see how well it would fit my everyday needs. The overall experience has been better than I anticipated. The setup was painless. I have not had any meaningful problems with it. It has turned out to be a worthwhile purchase.,positive
I bought this product to see how well it would fit my everyday needs. The quality is better than I expected. The day-to-day experience has been smooth. I would be comfortable recommending it. There are still a few minor details that could be improved.,positive
"I have been testing this product under normal conditions. It gets the job done, but there is room for improvement. The limitations are manageable for normal use. It has been usable so far, although some details could be refined.",neutral
"I bought this organic recently and have used it regularly. The product is neither particularly impressive nor disappointing. The product works, although it does not stand out. I would describe the experience as average.",neutral
I bought this product to see how well it would fit my everyday needs. The product has failed to perform consistently. I would probably choose another option next time.,negative
"After using the product for some time, I can comment on how it performs. I can depend on it for regular use. It does what I need without unnecessary complications. The product has been a pleasant surprise. There are still a few minor details that could be improved.",positive
I have used this product in several everyday situations. The product is suitable if expectations remain reasonable. There are a few areas where refinement would help.,neutral
I bought this controller recently and have used it regularly. The quality is better than I expected. It has handled regular use without difficulty. I would consider buying it again.,positive
I purchased this product mainly for its gaming audio features. The product has been a pleasant surprise. It has been dependable from the beginning. The quality is better than I expected.,positive
I bought this self help recently and have used it regularly. There are several issues that make the product difficult to recommend. I have had to work around several shortcomings. I would hesitate to recommend it.,negative
I bought this science recently and have used it regularly. The product handles its main tasks very well. The product has been a pleasant surprise. I would consider buying it again.,positive
I bought this product to see how well it would fit my everyday needs. The performance has remained dependable during regular use. It has been dependable from the beginning. The controls feel natural and easy to understand. There are still a few minor details that could be improved.,positive
I have used this product in several everyday situations. The controls feel natural and easy to understand. I barely needed any time to get used to it.,positive
I purchased this product mainly for its technology features. The product handles its main tasks very well. It has turned out to be a worthwhile purchase.,positive
I bought this product to see how well it would fit my everyday needs. The product has not been as dependable as I needed. The issues are especially noticeable during longer sessions. There is considerable room for improvement.,negative
This product has been part of my regular routine for a while. I have found it easy and comfortable to use. It has handled regular use without difficulty. I can depend on it for regular use. It has turned out to be a worthwhile purchase.,positive
I decided to try this FreshChoice product after comparing several options. The product has been a pleasant surprise. I barely needed any time to get used to it. I would be comfortable recommending it.,positive
"I decided to try this KitchenPro product after comparing several options. The experience has been fairly ordinary overall. There are a few areas where refinement would help. Overall, it is acceptable but not exceptional.",neutral
I purchased this product mainly for its business features. It performs reliably when I need it. I have not had any meaningful problems with it. There are still a few minor details that could be improved.,positive
I have been using this controller product for a few weeks. The overall performance is acceptable for ordinary use. I would consider other options before making another purchase. Some parts are better than others.,neutral
This product has been part of my regular routine for a while. The product is suitable if expectations remain reasonable. The differences are noticeable but not severe.,neutral
This product has been part of my regular routine for a while. I can depend on it for regular use. I have had no reason to complain about its reliability. I have found it easy and comfortable to use.,positive
I bought this furniture recently and have used it regularly. It has made my routine noticeably easier. I barely needed any time to get used to it. It has made my routine noticeably easier.,positive
"I have been using this self help product for a few weeks. Nothing is seriously wrong, but I would not call it outstanding. The product has both strengths and weaknesses.",neutral
I purchased this product mainly for its men features. I would describe the experience as acceptable rather than impressive. The product is adequate for straightforward use. It is a reasonable choice for basic requirements. Some parts are better than others.,neutral
"After using the product for some time, I can comment on how it performs. The quality is better than I expected. It does what I need without unnecessary complications. The setup was quick and straightforward.",positive
I purchased this product mainly for its controller features. It performs reliably when I need it. It has been dependable from the beginning. It performs reliably when I need it. I am happy with how it has performed.,positive
I have been testing this product under normal conditions. Everything has continued working as expected. It has handled regular use without difficulty. The setup was quick and straightforward.,positive
"I have used this product in several everyday situations. Nothing is seriously wrong, but I would not call it outstanding. It is difficult to call the experience either excellent or poor.",neutral
I picked this product after looking at a few alternatives. The quality is better than I expected. It has handled regular use without difficulty. Its main features have worked smoothly.,positive
"I picked this product after looking at a few alternatives. There are useful aspects, but there are also some limitations. The differences are noticeable but not severe. The product works, although it does not stand out. It is a reasonable choice for basic requirements.",neutral
This product has been part of my regular routine for a while. The controls feel natural and easy to understand. I barely needed any time to get used to it. I have not had any meaningful problems with it. I would be comfortable recommending it.,positive
"This product has been part of my regular routine for a while. The product works, although it does not stand out. It depends somewhat on what you expect from the product. It is a reasonable choice for basic requirements.",neutral
"After spending some time with this product, I have formed a fairly clear opinion. It handles the basic job adequately. The differences are noticeable but not severe. I would consider other options before making another purchase.",neutral
I have been using this footwear product for a few weeks. It performs reliably when I need it. The product has remained reliable even after repeated use. I would consider buying it again.,positive
I bought this product to see how well it would fit my everyday needs. The overall quality is reasonable for the price. There are a few areas where refinement would help. The overall quality is reasonable for the price. It is fine as long as expectations are realistic.,neutral
I have used this product in several everyday situations. The product is neither particularly impressive nor disappointing. The result is reasonably predictable. It performs roughly as I expected. I would consider other options before making another purchase.,neutral
I decided to try this ClassicWear product after comparing several options. The product is suitable if expectations remain reasonable. The limitations are manageable for normal use.,neutral
"I bought this product to see how well it would fit my everyday needs. There are useful aspects, but there are also some limitations. The limitations are manageable for normal use. Some parts are better than others.",neutral
"I bought this footwear recently and have used it regularly. It gets the job done, but there is room for improvement. The product is neither particularly impressive nor disappointing.",neutral
This product has been part of my regular routine for a while. I have found it easy and comfortable to use. I have not had any meaningful problems with it.,positive
I purchased this product mainly for its snacks features. The performance has remained dependable during regular use. It has handled regular use without difficulty. It has made my routine noticeably easier. I am happy with how it has performed.,positive
I picked this product after looking at a few alternatives. The overall experience has been better than I anticipated. The product feels thoughtfully designed.,positive
I picked this product after looking at a few alternatives. The performance has remained dependable during regular use. The setup was painless.,positive
I decided to try this PlayMax product after comparing several options. It meets the basic requirements without offering much beyond them. The result is reasonably predictable. I would describe the experience as average.,neutral
I have used this product in several everyday situations. The overall experience has been better than I anticipated. It has been dependable from the beginning. I have not had any meaningful problems with it.,positive
I bought this snacks recently and have used it regularly. The product is suitable if expectations remain reasonable. It handles the basic job adequately.,neutral
I bought this product to see how well it would fit my everyday needs. It has made my routine noticeably easier. I have had no reason to complain about its reliability. There are still a few minor details that could be improved.,positive
I have been testing this product under normal conditions. The setup was quick and straightforward. I would choose this again over several alternatives. There are still a few minor details that could be improved.,positive
"I have been testing this product under normal conditions. The product has both strengths and weaknesses. There are a few areas where refinement would help. The product works, although it does not stand out. Some parts are better than others.",neutral
"After spending some time with this product, I have formed a fairly clear opinion. It has worked consistently without unexpected problems. It does what I need without unnecessary complications. I have found it easy and comfortable to use. It has turned out to be a worthwhile purchase.",positive
I purchased this product mainly for its self help features. The performance has remained dependable during regular use. The overall design feels practical. The setup was quick and straightforward. There are still a few minor details that could be improved.,positive
I decided to try this UrbanStyle product after comparing several options. The overall quality is reasonable for the price. The product is adequate for straightforward use.,neutral
"After using the product for some time, I can comment on how it performs. There are useful aspects, but there are also some limitations. The differences are noticeable but not severe. The product works, although it does not stand out. Some parts are better than others.",neutral
"I decided to try this PlayMax product after comparing several options. The product is suitable if expectations remain reasonable. It depends somewhat on what you expect from the product. It gets the job done, but there is room for improvement.",neutral
"After using the product for some time, I can comment on how it performs. It has been usable so far, although some details could be refined. I would consider other options before making another purchase.",neutral
"After spending some time with this product, I have formed a fairly clear opinion. The product feels well made. It has handled regular use without difficulty. There are still a few minor details that could be improved.",positive
I have been testing this product under normal conditions. I can depend on it for regular use. The product feels thoughtfully designed. There are still a few minor details that could be improved.,positive
I have used this product in several everyday situations. I have found it easy and comfortable to use. It has handled regular use without difficulty. I would choose this again over several alternatives.,positive
"I have used this product in several everyday situations. It gets the job done, but there is room for improvement.",neutral
I bought this beverages recently and have used it regularly. The product feels well made. The product feels well made. I am happy with how it has performed.,positive
"I have used this product in several everyday situations. The product works, although it does not stand out. The result is reasonably predictable. I would describe the experience as average.",neutral
I purchased this product mainly for its storage features. The performance has remained dependable during regular use. Its main features have worked smoothly. I would choose this again over several alternatives.,positive
I have been using this packaged food product for a few weeks. I have not had any meaningful problems with it. It does what I need without unnecessary complications. The controls feel natural and easy to understand. I would consider buying it again.,positive
I bought this product to see how well it would fit my everyday needs. The product is suitable if expectations remain reasonable. I would describe the experience as average.,neutral
I purchased this product mainly for its laptop features. The setup was quick and straightforward. I barely needed any time to get used to it. I would choose this again over several alternatives.,positive
I picked this product after looking at a few alternatives. The setup was quick and straightforward. I have found it easy and comfortable to use.,positive
I have been testing this product under normal conditions. The product feels well made. I have had no reason to complain about its reliability.,positive
"I purchased this product mainly for its games features. Its main features have worked smoothly. It does what I need without unnecessary complications. Overall, I am satisfied with the purchase. There are still a few minor details that could be improved.",positive
"After using the product for some time, I can comment on how it performs. The overall performance is acceptable for ordinary use. The result is reasonably predictable. Some parts are better than others.",neutral
"After using the product for some time, I can comment on how it performs. The product works, although it does not stand out. The differences are noticeable but not severe.",neutral
"This product has been part of my regular routine for a while. The product has both strengths and weaknesses. The result is reasonably predictable. It has been usable so far, although some details could be refined. It is a reasonable choice for basic requirements. Some parts are better than others.",neutral
"I picked this product after looking at a few alternatives. I have not found anything particularly impressive about it. Overall, it is acceptable but not exceptional.",neutral
This product has been part of my regular routine for a while. I can depend on it for regular use. I can depend on it for regular use. I would choose this again over several alternatives.,positive
"After using the product for some time, I can comment on how it performs. The overall experience has been better than I anticipated. I would consider buying it again.",positive
I decided to try this ModeFit product after comparing several options. Its main features have worked smoothly. The performance has remained dependable during regular use.,positive
"I bought this packaged food recently and have used it regularly. It gets the job done, but there is room for improvement.",neutral
I bought this product to see how well it would fit my everyday needs. The product handles its main tasks very well. It does what I need without unnecessary complications. The product has been a pleasant surprise. It has turned out to be a worthwhile purchase.,positive
I bought this smart home recently and have used it regularly. The product has both strengths and weaknesses. The result is reasonably predictable. I would describe the experience as average. Some parts are better than others.,neutral
I gave this product a reasonable amount of use before writing this review. Its main features have worked smoothly. The product has been a pleasant surprise. It has turned out to be a worthwhile purchase.,positive
I have used this product in several everyday situations. The product feels thoughtfully designed. It does what I need without unnecessary complications. The overall experience has been better than I anticipated. There are still a few minor details that could be improved.,positive
I picked this product after looking at a few alternatives. The product is functional without being exceptional. It performs roughly as I expected.,neutral
I bought this product to see how well it would fit my everyday needs. I have not had any meaningful problems with it. I barely needed any time to get used to it. Its main features have worked smoothly. I would consider buying it again.,positive
I bought this console recently and have used it regularly. The performance has remained dependable during regular use. The overall design feels practical.,positive
I decided to try this Aura product after comparing several options. The product handles its main tasks very well. It has handled regular use without difficulty. I would consider buying it again.,positive
I decided to try this UrbanStyle product after comparing several options. I can depend on it for regular use. Its main features have worked smoothly. I would consider buying it again.,positive
"After using the product for some time, I can comment on how it performs. It has been usable so far, although some details could be refined. There is still some room for improvement.",neutral
"I have used this product in several everyday situations. There are useful aspects, but there are also some limitations. The differences are noticeable but not severe. The overall performance is acceptable for ordinary use. There is still some room for improvement.",neutral
"I decided to try this NovaTech product after comparing several options. The experience has been fairly ordinary overall. The strengths and weaknesses are fairly balanced. The product works, although it does not stand out.",neutral
"After using the product for some time, I can comment on how it performs. The performance has remained dependable during regular use. The product has been a pleasant surprise. I would be comfortable recommending it. There are still a few minor details that could be improved.",positive
I decided to try this UrbanStyle product after comparing several options. I would describe the experience as acceptable rather than impressive. The product is functional without being exceptional. It is fine as long as expectations are realistic.,neutral
"This product has been part of my regular routine for a while. I would describe the experience as acceptable rather than impressive. There are a few areas where refinement would help. The product works, although it does not stand out. It is fine as long as expectations are realistic.",neutral
I gave this product a reasonable amount of use before writing this review. The overall performance is acceptable for ordinary use. The differences are noticeable but not severe. I would consider other options before making another purchase.,neutral
I bought this accessories recently and have used it regularly. It performs reliably when I need it. I have had no reason to complain about its reliability. I am happy with how it has performed.,positive
I have used this product in several everyday situations. I have not found anything particularly impressive about it. It is difficult to call the experience either excellent or poor.,neutral
I purchased this product mainly for its storage features. The quality is better than I expected. It has handled regular use without difficulty. I would be comfortable recommending it.,positive
"After using the product for some time, I can comment on how it performs. I would describe the experience as acceptable rather than impressive. The differences are noticeable but not severe. Overall, it is acceptable but not exceptional.",neutral
I have been using this footwear product for a few weeks. The overall quality is reasonable for the price. Some parts work well while others are fairly average.,neutral
I bought this men recently and have used it regularly. The performance becomes inconsistent over longer periods. I expected better overall reliability.,negative
I have been using this business product for a few weeks. The product is functional without being exceptional. It depends somewhat on what you expect from the product.,neutral
I bought this product to see how well it would fit my everyday needs. It has made my routine noticeably easier. The performance has remained dependable during regular use. I would be comfortable recommending it.,positive
I have been using this technology product for a few weeks. The product is suitable if expectations remain reasonable. The limitations are manageable for normal use.,neutral
I have been using this footwear product for a few weeks. It performs reliably when I need it. It has handled regular use without difficulty. I have found it easy and comfortable to use. There are still a few minor details that could be improved.,positive
I bought this packaged food recently and have used it regularly. The materials do not feel particularly durable. The issues are especially noticeable during longer sessions. The materials do not feel particularly durable. I expected better overall reliability.,negative
"I bought this product to see how well it would fit my everyday needs. The overall performance is acceptable for ordinary use. The overall performance is acceptable for ordinary use. Overall, it is acceptable but not exceptional.",neutral
I purchased this product mainly for its storage features. It performs reliably when I need it. I am happy with how it has performed.,positive
"I purchased this product mainly for its packaged food features. It performs reliably when I need it. The setup was painless. Overall, I am satisfied with the purchase.",positive
I bought this product to see how well it would fit my everyday needs. I have found it easy and comfortable to use. The product handles its main tasks very well.,positive
I purchased this product mainly for its makeup features. It meets the basic requirements without offering much beyond them. The differences are noticeable but not severe. I have not found anything particularly impressive about it. Some parts are better than others.,neutral
"After using the product for some time, I can comment on how it performs. I can depend on it for regular use. The setup was painless. I have found it easy and comfortable to use. There are still a few minor details that could be improved.",positive
I picked this product after looking at a few alternatives. The performance has remained dependable during regular use. I have had no reason to complain about its reliability. Everything has continued working as expected. I would choose this again over several alternatives.,positive
I gave this product a reasonable amount of use before writing this review. The product has failed to perform consistently. The setup was more difficult than it needed to be. I would hesitate to recommend it. One or two aspects of the product are still useful.,negative
"After spending some time with this product, I have formed a fairly clear opinion. There are useful aspects, but there are also some limitations. It is difficult to call the experience either excellent or poor. There are useful aspects, but there are also some limitations.",neutral
"I have been testing this product under normal conditions. It handles the basic job adequately. The limitations are manageable for normal use. The overall quality is reasonable for the price. Overall, it is acceptable but not exceptional.",neutral
I bought this product to see how well it would fit my everyday needs. It has made my routine noticeably easier. It has handled regular use without difficulty. Its main features have worked smoothly.,positive
I bought this product to see how well it would fit my everyday needs. The overall experience has been better than I anticipated. The setup was painless. I would choose this again over several alternatives.,positive
"After using the product for some time, I can comment on how it performs. I would hesitate to rely on this product for important tasks. The problems became more noticeable with continued use. The product has become unreliable during normal use. I would look at alternatives before buying it again.",negative
"This product has been part of my regular routine for a while. The overall quality is reasonable for the price. It depends somewhat on what you expect from the product. Nothing is seriously wrong, but I would not call it outstanding.",neutral
I have been testing this product under normal conditions. I have found it easy and comfortable to use. The setup was painless. I would consider buying it again.,positive
I bought this product to see how well it would fit my everyday needs. The product has been a pleasant surprise. I have had no reason to complain about its reliability.,positive
"I purchased this product mainly for its running features. The product works, although it does not stand out. It depends somewhat on what you expect from the product. I would consider other options before making another purchase.",neutral
I have been testing this product under normal conditions. I would describe the experience as acceptable rather than impressive. The limitations are manageable for normal use.,neutral
I bought this outdoor recently and have used it regularly. Some parts work well while others are fairly average. The product is adequate for straightforward use. It is fine as long as expectations are realistic.,neutral
I have used this product in several everyday situations. The setup was quick and straightforward. It has been dependable from the beginning. I would choose this again over several alternatives.,positive
"After spending some time with this product, I have formed a fairly clear opinion. Everything has continued working as expected. The overall design feels practical. It performs reliably when I need it. I would choose this again over several alternatives.",positive
"After spending some time with this product, I have formed a fairly clear opinion. The product has both strengths and weaknesses.",neutral
I have been testing this product under normal conditions. It performs reliably when I need it. The overall design feels practical. I would be comfortable recommending it.,positive
I bought this snacks recently and have used it regularly. Everything has continued working as expected. The overall design feels practical. I would be comfortable recommending it. There are still a few minor details that could be improved.,positive
"After spending some time with this product, I have formed a fairly clear opinion. I can depend on it for regular use. I would consider buying it again. There are still a few minor details that could be improved.",positive
I gave this product a reasonable amount of use before writing this review. The product is suitable if expectations remain reasonable. There are a few areas where refinement would help. I would describe the experience as average.,neutral
I decided to try this PaperTrail product after comparing several options. Its main features have worked smoothly. It has handled regular use without difficulty.,positive
"After using the product for some time, I can comment on how it performs. There are several issues that make the product difficult to recommend. I have encountered several problems that were difficult to ignore.",negative
"After spending some time with this product, I have formed a fairly clear opinion. Its main features have worked smoothly. I have had no reason to complain about its reliability. The product has remained reliable even after repeated use.",positive
I bought this fragrance recently and have used it regularly. It performs roughly as I expected. The differences are noticeable but not severe. It is fine as long as expectations are realistic.,neutral
I purchased this product mainly for its accessories features. The setup was quick and straightforward. It does what I need without unnecessary complications.,positive
"I have been using this personal care product for a few weeks. It gets the job done, but there is room for improvement. The product is adequate for straightforward use. The product is neither particularly impressive nor disappointing.",neutral
"I purchased this product mainly for its mobile features. The product works, although it does not stand out. Nothing is seriously wrong, but I would not call it outstanding. It is fine as long as expectations are realistic.",neutral
I have been testing this product under normal conditions. The overall experience has been better than I anticipated.,positive
"After using the product for some time, I can comment on how it performs. It performs reliably when I need it. The setup was painless. The product feels well made.",positive
I bought this product to see how well it would fit my everyday needs. It has worked consistently without unexpected problems. It does what I need without unnecessary complications.,positive
"After spending some time with this product, I have formed a fairly clear opinion. The product has both strengths and weaknesses. The result is reasonably predictable. I have not found anything particularly impressive about it. Some parts are better than others.",neutral
"I decided to try this TechPro product after comparing several options. I would describe the experience as acceptable rather than impressive. The strengths and weaknesses are fairly balanced. Overall, it is acceptable but not exceptional.",neutral
"After spending some time with this product, I have formed a fairly clear opinion. It handles the basic job adequately. The differences are noticeable but not severe.",neutral
"After using the product for some time, I can comment on how it performs. I have not had any meaningful problems with it. It has made my routine noticeably easier. There are still a few minor details that could be improved.",positive
I have been using this accessories product for a few weeks. The product has both strengths and weaknesses. There are a few areas where refinement would help.,neutral
"This product has been part of my regular routine for a while. The overall quality is reasonable for the price. It is difficult to call the experience either excellent or poor. It handles the basic job adequately. Overall, it is acceptable but not exceptional.",neutral
"I decided to try this KnowledgeHub product after comparing several options. The product feels thoughtfully designed. The overall design feels practical. Overall, I am satisfied with the purchase. There are still a few minor details that could be improved.",positive
I picked this product after looking at a few alternatives. The product feels well made. I barely needed any time to get used to it.,positive
I have used this product in several everyday situations. The overall experience has been better than I anticipated.,positive
"After spending some time with this product, I have formed a fairly clear opinion. Everything has continued working as expected. I barely needed any time to get used to it. The product handles its main tasks very well. I would consider buying it again.",positive
I have been using this packaged food product for a few weeks. It performs reliably when I need it. I have had no reason to complain about its reliability.,positive
I bought this sportswear recently and have used it regularly. It has worked consistently without unexpected problems. I have had no reason to complain about its reliability.,positive
"After using the product for some time, I can comment on how it performs. The product has both strengths and weaknesses.",neutral
I gave this product a reasonable amount of use before writing this review. The product handles its main tasks very well. It has been dependable from the beginning. The product handles its main tasks very well.,positive
I have been using this controller product for a few weeks. Its main features have worked smoothly. It does what I need without unnecessary complications. Its main features have worked smoothly.,positive
I have used this product in several everyday situations. It has worked consistently without unexpected problems.,positive
"After using the product for some time, I can comment on how it performs. It gets the job done, but there is room for improvement. The limitations are manageable for normal use. It gets the job done, but there is room for improvement. I would consider other options before making another purchase.",neutral
I have used this product in several everyday situations. Everything has continued working as expected. I would choose this again over several alternatives. There are still a few minor details that could be improved.,positive
I have used this product in several everyday situations. The overall experience has been better than I anticipated. The day-to-day experience has been smooth. The quality is better than I expected. I would choose this again over several alternatives. There are still a few minor details that could be improved.,positive
I have used this product in several everyday situations. It performs roughly as I expected. The differences are noticeable but not severe.,neutral
I decided to try this UrbanStyle product after comparing several options. Several aspects of the experience could be substantially better. The product does not inspire much confidence. One or two aspects of the product are still useful.,negative
I have been testing this product under normal conditions. The quality does not match what I expected for the price. The product does not inspire much confidence. I would look at alternatives before buying it again.,negative
"I bought this product to see how well it would fit my everyday needs. The product works, although it does not stand out. The differences are noticeable but not severe. The experience has been fairly ordinary overall. Some parts are better than others.",neutral
I have used this product in several everyday situations. The quality is better than I expected. The product has been a pleasant surprise.,positive
"After using the product for some time, I can comment on how it performs. It handles the basic job adequately. Overall, it is acceptable but not exceptional.",neutral
"I decided to try this Peak product after comparing several options. It gets the job done, but there is room for improvement. It is fine as long as expectations are realistic.",neutral
I have been using this self help product for a few weeks. I have found it easy and comfortable to use. The overall design feels practical. It has turned out to be a worthwhile purchase.,positive
This product has been part of my regular routine for a while. The product has remained reliable even after repeated use. It does what I need without unnecessary complications. I am happy with how it has performed. There are still a few minor details that could be improved.,positive
"I have been testing this product under normal conditions. It meets the basic requirements without offering much beyond them. Overall, it is acceptable but not exceptional.",neutral
I picked this product after looking at a few alternatives. It meets the basic requirements without offering much beyond them. There are a few areas where refinement would help. The product is suitable if expectations remain reasonable.,neutral
"I picked this product after looking at a few alternatives. It gets the job done, but there is room for improvement. The strengths and weaknesses are fairly balanced. I would consider other options before making another purchase.",neutral
"This product has been part of my regular routine for a while. It has been usable so far, although some details could be refined. Overall, it is acceptable but not exceptional.",neutral
"After using the product for some time, I can comment on how it performs. Nothing is seriously wrong, but I would not call it outstanding. The limitations are manageable for normal use. It handles the basic job adequately.",neutral
I bought this product to see how well it would fit my everyday needs. The product has failed to perform consistently. I have had to work around several shortcomings. I would probably choose another option next time.,negative
I picked this product after looking at a few alternatives. The product has not been as dependable as I needed. The problems affect the overall experience. One or two aspects of the product are still useful.,negative
"I decided to try this BookHouse product after comparing several options. It gets the job done, but there is room for improvement. There are a few areas where refinement would help.",neutral
I decided to try this Casa product after comparing several options. The product has not been as dependable as I needed. I would look at alternatives before buying it again.,negative
"After using the product for some time, I can comment on how it performs. The product handles its main tasks very well. The setup was painless. It performs reliably when I need it. I would choose this again over several alternatives.",positive
"I have been using this gaming audio product for a few weeks. There are useful aspects, but there are also some limitations. There are a few areas where refinement would help.",neutral
I purchased this product mainly for its furniture features. The setup was quick and straightforward. The setup was quick and straightforward. I would choose this again over several alternatives.,positive
I gave this product a reasonable amount of use before writing this review. The performance has remained dependable during regular use. It does what I need without unnecessary complications. I am happy with how it has performed.,positive
I gave this product a reasonable amount of use before writing this review. The quality is better than I expected. The setup was painless. I have not had any meaningful problems with it.,positive
I decided to try this GameZone product after comparing several options. The overall experience has been better than I anticipated. It has handled regular use without difficulty. The performance has remained dependable during regular use. There are still a few minor details that could be improved.,positive
"I purchased this product mainly for its audio features. It gets the job done, but there is room for improvement. The differences are noticeable but not severe. Overall, it is acceptable but not exceptional.",neutral
I have been using this self help product for a few weeks. It performs roughly as I expected. The limitations are manageable for normal use. I would describe the experience as average.,neutral
I gave this product a reasonable amount of use before writing this review. The product feels thoughtfully designed. The product feels thoughtfully designed. I would consider buying it again.,positive
This product has been part of my regular routine for a while. The product has remained reliable even after repeated use. It has handled regular use without difficulty.,positive
I bought this product to see how well it would fit my everyday needs. The product has remained reliable even after repeated use. It has handled regular use without difficulty. The product has been a pleasant surprise.,positive
I have used this product in several everyday situations. The overall experience has been better than I anticipated. It performs reliably when I need it. I would choose this again over several alternatives.,positive
I decided to try this Harvest product after comparing several options. Its main features have worked smoothly. The setup was painless. I can depend on it for regular use. I am happy with how it has performed. There are still a few minor details that could be improved.,positive
I decided to try this PureCare product after comparing several options. It has made my routine noticeably easier. The overall experience has been better than I anticipated.,positive
"I bought this storage recently and have used it regularly. It gets the job done, but there is room for improvement. The overall performance is acceptable for ordinary use. It is a reasonable choice for basic requirements.",neutral
"I decided to try this MoveWell product after comparing several options. It has been usable so far, although some details could be refined. It depends somewhat on what you expect from the product. The overall quality is reasonable for the price. It is fine as long as expectations are realistic.",neutral
"After using the product for some time, I can comment on how it performs. The setup was quick and straightforward. I would be comfortable recommending it. There are still a few minor details that could be improved.",positive
I purchased this product mainly for its business features. I have experienced problems that should not occur during ordinary use. The setup was more difficult than it needed to be. The product has become unreliable during normal use.,negative
I have used this product in several everyday situations. I would describe the experience as acceptable rather than impressive. It is difficult to call the experience either excellent or poor. I would consider other options before making another purchase.,neutral
I have been testing this product under normal conditions. The experience has been fairly ordinary overall. It depends somewhat on what you expect from the product. Some parts are better than others.,neutral
This product has been part of my regular routine for a while. It has made my routine noticeably easier. I would consider buying it again.,positive
"I have been testing this product under normal conditions. The product is functional without being exceptional. There are useful aspects, but there are also some limitations. There is still some room for improvement.",neutral
I bought this controller recently and have used it regularly. It performs roughly as I expected. The limitations are manageable for normal use.,neutral
"I gave this product a reasonable amount of use before writing this review. It has been usable so far, although some details could be refined. The limitations are manageable for normal use. The product works, although it does not stand out. Overall, it is acceptable but not exceptional.",neutral
"After spending some time with this product, I have formed a fairly clear opinion. It performs roughly as I expected. There are a few areas where refinement would help. It has been usable so far, although some details could be refined. It is fine as long as expectations are realistic.",neutral
I bought this product to see how well it would fit my everyday needs. It meets the basic requirements without offering much beyond them. The product is suitable if expectations remain reasonable.,neutral
I have been testing this product under normal conditions. The product has failed to perform consistently.,negative
"After spending some time with this product, I have formed a fairly clear opinion. I would describe the experience as acceptable rather than impressive. There is still some room for improvement.",neutral
"I bought this product to see how well it would fit my everyday needs. The product works, although it does not stand out. The overall quality is reasonable for the price. It is a reasonable choice for basic requirements.",neutral
I picked this product after looking at a few alternatives. The product has remained reliable even after repeated use.,positive
I bought this product to see how well it would fit my everyday needs. The product has both strengths and weaknesses. It depends somewhat on what you expect from the product.,neutral
I purchased this product mainly for its haircare features. It performs reliably when I need it. I have had no reason to complain about its reliability. The product feels thoughtfully designed.,positive
I gave this product a reasonable amount of use before writing this review. The product has remained reliable even after repeated use. It has been dependable from the beginning.,positive
I have been testing this product under normal conditions. The overall quality is reasonable for the price. It depends somewhat on what you expect from the product.,neutral
"After using the product for some time, I can comment on how it performs. It has been usable so far, although some details could be refined. There is still some room for improvement. Some parts are better than others.",neutral
I have been testing this product under normal conditions. Some parts work well while others are fairly average. The limitations are manageable for normal use. The product is functional without being exceptional.,neutral
I have been testing this product under normal conditions. I would describe the experience as acceptable rather than impressive.,neutral
"After spending some time with this product, I have formed a fairly clear opinion. The controls feel natural and easy to understand. It does what I need without unnecessary complications. The product has remained reliable even after repeated use. Overall, I am satisfied with the purchase.",positive
I gave this product a reasonable amount of use before writing this review. I have found it easy and comfortable to use. The product has remained reliable even after repeated use.,positive
I picked this product after looking at a few alternatives. The setup was quick and straightforward. It does what I need without unnecessary complications. The performance has remained dependable during regular use. It has turned out to be a worthwhile purchase.,positive
I purchased this product mainly for its sportswear features. The overall quality is reasonable for the price. It depends somewhat on what you expect from the product. The product is suitable if expectations remain reasonable.,neutral
"After spending some time with this product, I have formed a fairly clear opinion. The product has remained reliable even after repeated use. It has been dependable from the beginning. There are still a few minor details that could be improved.",positive
I gave this product a reasonable amount of use before writing this review. The product handles its main tasks very well. The day-to-day experience has been smooth. I would choose this again over several alternatives.,positive
This product has been part of my regular routine for a while. It performs reliably when I need it. It has handled regular use without difficulty. The quality is better than I expected. I would choose this again over several alternatives.,positive
I have been testing this product under normal conditions. It handles the basic job adequately. The product is adequate for straightforward use. The overall quality is reasonable for the price.,neutral
I purchased this product mainly for its cricket features. The product is suitable if expectations remain reasonable. It depends somewhat on what you expect from the product. The product is suitable if expectations remain reasonable.,neutral
I decided to try this SportMax product after comparing several options. The performance has remained dependable during regular use. I would choose this again over several alternatives.,positive
"I have used this product in several everyday situations. It gets the job done, but there is room for improvement. It handles the basic job adequately. Overall, it is acceptable but not exceptional. Some parts are better than others.",neutral
I have been using this snacks product for a few weeks. Its main features have worked smoothly. I would choose this again over several alternatives. There are still a few minor details that could be improved.,positive
"After spending some time with this product, I have formed a fairly clear opinion. Several aspects of the experience could be substantially better. The setup was more difficult than it needed to be.",negative
I have been using this haircare product for a few weeks. Its main features have worked smoothly. I barely needed any time to get used to it. The setup was quick and straightforward. I would choose this again over several alternatives.,positive
I have been testing this product under normal conditions. I have found it easy and comfortable to use. The overall design feels practical. The product feels well made.,positive
"After spending some time with this product, I have formed a fairly clear opinion. Nothing is seriously wrong, but I would not call it outstanding. The product is adequate for straightforward use. Nothing is seriously wrong, but I would not call it outstanding.",neutral
"After spending some time with this product, I have formed a fairly clear opinion. I can depend on it for regular use. It does what I need without unnecessary complications. There are still a few minor details that could be improved.",positive
I purchased this product mainly for its business features. The product has remained reliable even after repeated use. The overall design feels practical. Its main features have worked smoothly. I would be comfortable recommending it.,positive
I decided to try this ActiveX product after comparing several options. I can depend on it for regular use. It has handled regular use without difficulty.,positive
"After using the product for some time, I can comment on how it performs. It has worked consistently without unexpected problems. The setup was painless. Everything has continued working as expected. There are still a few minor details that could be improved.",positive
I gave this product a reasonable amount of use before writing this review. It performs roughly as I expected. I would describe the experience as average. Some parts are better than others.,neutral
"After using the product for some time, I can comment on how it performs. Its main features have worked smoothly. It has been dependable from the beginning. The product handles its main tasks very well. I would choose this again over several alternatives.",positive
I bought this yoga recently and have used it regularly. The setup was quick and straightforward. I have had no reason to complain about its reliability. I would consider buying it again.,positive
"This product has been part of my regular routine for a while. The product works, although it does not stand out. The result is reasonably predictable. I have not found anything particularly impressive about it. I would describe the experience as average.",neutral
I gave this product a reasonable amount of use before writing this review. The product has remained reliable even after repeated use. I have had no reason to complain about its reliability. The controls feel natural and easy to understand. I would choose this again over several alternatives.,positive
I picked this product after looking at a few alternatives. I have not had any meaningful problems with it. The overall design feels practical. I have not had any meaningful problems with it.,positive
I picked this product after looking at a few alternatives. The setup was quick and straightforward. The day-to-day experience has been smooth. It performs reliably when I need it. I would choose this again over several alternatives.,positive
"I gave this product a reasonable amount of use before writing this review. The product feels well made. I barely needed any time to get used to it. Overall, I am satisfied with the purchase. There are still a few minor details that could be improved.",positive
"After using the product for some time, I can comment on how it performs. The experience has been more disappointing than satisfying. The problems became more noticeable with continued use. Some important functions have not worked properly. There is considerable room for improvement. One or two aspects of the product are still useful.",negative
This product has been part of my regular routine for a while. The product has been a pleasant surprise. It has been dependable from the beginning. It has turned out to be a worthwhile purchase.,positive
I have been testing this product under normal conditions. The setup was quick and straightforward. It has turned out to be a worthwhile purchase. There are still a few minor details that could be improved.,positive
I picked this product after looking at a few alternatives. The experience has been fairly ordinary overall. The limitations are manageable for normal use. It is a reasonable choice for basic requirements. Some parts are better than others.,neutral
"After using the product for some time, I can comment on how it performs. It gets the job done, but there is room for improvement. The product is adequate for straightforward use. I would describe the experience as average.",neutral
"I purchased this product mainly for its self help features. The product feels thoughtfully designed. The day-to-day experience has been smooth. Overall, I am satisfied with the purchase. There are still a few minor details that could be improved.",positive
I bought this console recently and have used it regularly. I have had trouble depending on it for regular use. I would hesitate to recommend it.,negative
"After spending some time with this product, I have formed a fairly clear opinion. The overall quality is reasonable for the price. The result is reasonably predictable. The product has both strengths and weaknesses. There is still some room for improvement.",neutral
I picked this product after looking at a few alternatives. The performance has remained dependable during regular use. I am happy with how it has performed.,positive
I have been using this outdoor product for a few weeks. I would describe the experience as acceptable rather than impressive.,neutral
I bought this storage recently and have used it regularly. It meets the basic requirements without offering much beyond them. It depends somewhat on what you expect from the product.,neutral
I have been using this breakfast product for a few weeks. The experience has been fairly ordinary overall. It handles the basic job adequately.,neutral
"After spending some time with this product, I have formed a fairly clear opinion. The product has remained reliable even after repeated use. The overall design feels practical. The quality is better than I expected.",positive
"After using the product for some time, I can comment on how it performs. Some parts work well while others are fairly average. It is difficult to call the experience either excellent or poor. I would describe the experience as average.",neutral
This product has been part of my regular routine for a while. It has made my routine noticeably easier. The setup was painless. It has worked consistently without unexpected problems.,positive
I picked this product after looking at a few alternatives. The controls feel natural and easy to understand. I have had no reason to complain about its reliability.,positive
"After using the product for some time, I can comment on how it performs. The overall experience has been better than I anticipated. The overall design feels practical. Overall, I am satisfied with the purchase.",positive
I decided to try this FreshChoice product after comparing several options. Its main features have worked smoothly. It has made my routine noticeably easier.,positive
"I have been testing this product under normal conditions. Some parts work well while others are fairly average. The limitations are manageable for normal use. Overall, it is acceptable but not exceptional.",neutral
"After spending some time with this product, I have formed a fairly clear opinion. It has worked consistently without unexpected problems.",positive
I picked this product after looking at a few alternatives. Some important functions have not worked properly. I have had to work around several shortcomings. I would probably choose another option next time.,negative
I bought this science recently and have used it regularly. Some parts work well while others are fairly average. There are a few areas where refinement would help. The product is suitable if expectations remain reasonable. It is a reasonable choice for basic requirements.,neutral
"I picked this product after looking at a few alternatives. The product is neither particularly impressive nor disappointing. It has been usable so far, although some details could be refined. There is still some room for improvement.",neutral
"I have used this product in several everyday situations. The product is neither particularly impressive nor disappointing. It depends somewhat on what you expect from the product. There are useful aspects, but there are also some limitations.",neutral
"After spending some time with this product, I have formed a fairly clear opinion. Its main features have worked smoothly. It does what I need without unnecessary complications. The performance has remained dependable during regular use. Overall, I am satisfied with the purchase.",positive
I bought this product to see how well it would fit my everyday needs. Everything has continued working as expected. The overall design feels practical. Its main features have worked smoothly. It has turned out to be a worthwhile purchase.,positive
I picked this product after looking at a few alternatives. The product feels thoughtfully designed. I barely needed any time to get used to it.,positive
I picked this product after looking at a few alternatives. The product is neither particularly impressive nor disappointing. There are a few areas where refinement would help. It meets the basic requirements without offering much beyond them. There is still some room for improvement.,neutral
"After using the product for some time, I can comment on how it performs. The product has remained reliable even after repeated use. I have had no reason to complain about its reliability. The performance has remained dependable during regular use.",positive
This product has been part of my regular routine for a while. The performance has remained dependable during regular use. I have had no reason to complain about its reliability. The product has been a pleasant surprise. I would choose this again over several alternatives.,positive
I gave this product a reasonable amount of use before writing this review. The product is functional without being exceptional.,neutral
I decided to try this MoveWell product after comparing several options. The product feels thoughtfully designed.,positive
I decided to try this DailyHome product after comparing several options. The quality is better than I expected. The overall design feels practical. It has turned out to be a worthwhile purchase.,positive
"After using the product for some time, I can comment on how it performs. The product feels thoughtfully designed. The product feels thoughtfully designed. Overall, I am satisfied with the purchase.",positive
I picked this product after looking at a few alternatives. Some components already show signs of wear. The product does not inspire much confidence. The product has failed to perform consistently. I do not think I would purchase it again.,negative
I decided to try this ClassicWear product after comparing several options. Some components already show signs of wear. The setup was more difficult than it needed to be. There is considerable room for improvement. One or two aspects of the product are still useful.,negative
I bought this product to see how well it would fit my everyday needs. The experience has been fairly ordinary overall. The limitations are manageable for normal use. I have not found anything particularly impressive about it.,neutral
This product has been part of my regular routine for a while. The product has not been as dependable as I needed. I would prefer a more reliable alternative. I expected better overall reliability.,negative
"I have used this product in several everyday situations. It performs roughly as I expected. There are a few areas where refinement would help. It gets the job done, but there is room for improvement. It is a reasonable choice for basic requirements.",neutral
I decided to try this KnowledgeHub product after comparing several options. I have not had any meaningful problems with it. The product feels thoughtfully designed. I would be comfortable recommending it.,positive
I picked this product after looking at a few alternatives. The overall experience has been better than I anticipated. I barely needed any time to get used to it.,positive
I have used this product in several everyday situations. It has worked consistently without unexpected problems. It has been dependable from the beginning. The setup was quick and straightforward. There are still a few minor details that could be improved.,positive
"I bought this yoga recently and have used it regularly. There are useful aspects, but there are also some limitations. It is difficult to call the experience either excellent or poor. The experience has been fairly ordinary overall.",neutral
"I bought this audio recently and have used it regularly. The controls feel natural and easy to understand. I have had no reason to complain about its reliability. The quality is better than I expected. Overall, I am satisfied with the purchase. There are still a few minor details that could be improved.",positive
"I have been testing this product under normal conditions. The overall quality is reasonable for the price. It is difficult to call the experience either excellent or poor. It has been usable so far, although some details could be refined.",neutral
"After spending some time with this product, I have formed a fairly clear opinion. I would describe the experience as acceptable rather than impressive. It is difficult to call the experience either excellent or poor. It is fine as long as expectations are realistic.",neutral
"After using the product for some time, I can comment on how it performs. The product started showing problems after repeated use. The issues are especially noticeable during longer sessions. The actual performance falls short of its apparent potential.",negative
I have been using this appliances product for a few weeks. The product feels well made. I would be comfortable recommending it. There are still a few minor details that could be improved.,positive
I gave this product a reasonable amount of use before writing this review. The product handles its main tasks very well.,positive
I have used this product in several everyday situations. I have not had any meaningful problems with it. It has handled regular use without difficulty.,positive
I gave this product a reasonable amount of use before writing this review. Its main features have worked smoothly. It has been dependable from the beginning.,positive
I gave this product a reasonable amount of use before writing this review. It has worked consistently without unexpected problems. There are still a few minor details that could be improved.,positive
I have used this product in several everyday situations. The product handles its main tasks very well. It does what I need without unnecessary complications. Everything has continued working as expected. I am happy with how it has performed. There are still a few minor details that could be improved.,positive
"I gave this product a reasonable amount of use before writing this review. The overall quality is reasonable for the price. It is difficult to call the experience either excellent or poor. There are useful aspects, but there are also some limitations.",neutral
I picked this product after looking at a few alternatives. The product has remained reliable even after repeated use. The day-to-day experience has been smooth.,positive
I decided to try this PaperTrail product after comparing several options. It handles the basic job adequately. The strengths and weaknesses are fairly balanced. It is a reasonable choice for basic requirements.,neutral
"After using the product for some time, I can comment on how it performs. The product feels thoughtfully designed. It has been dependable from the beginning.",positive
I purchased this product mainly for its business features. I have encountered several problems that were difficult to ignore. The problems became more noticeable with continued use. I do not think I would purchase it again.,negative
"After using the product for some time, I can comment on how it performs. The product started showing problems after repeated use. I would probably choose another option next time.",negative
I gave this product a reasonable amount of use before writing this review. The quality is better than I expected. The product handles its main tasks very well. I would choose this again over several alternatives.,positive
I bought this breakfast recently and have used it regularly. The performance becomes inconsistent over longer periods. The materials do not feel particularly durable.,negative
"I have been using this appliances product for a few weeks. It gets the job done, but there is room for improvement. I would describe the experience as acceptable rather than impressive.",neutral
I have been testing this product under normal conditions. The setup was quick and straightforward. It does what I need without unnecessary complications. It has turned out to be a worthwhile purchase.,positive
"After spending some time with this product, I have formed a fairly clear opinion. The overall quality is reasonable for the price. The product is adequate for straightforward use. The product is neither particularly impressive nor disappointing. It is a reasonable choice for basic requirements.",neutral
"I purchased this product mainly for its packaged food features. It has been usable so far, although some details could be refined. There are a few areas where refinement would help.",neutral
I picked this product after looking at a few alternatives. The product is suitable if expectations remain reasonable. The product is adequate for straightforward use. I would consider other options before making another purchase.,neutral
I bought this product to see how well it would fit my everyday needs. I can depend on it for regular use. It has been dependable from the beginning. I have found it easy and comfortable to use. I would choose this again over several alternatives.,positive
I purchased this product mainly for its yoga features. It has made my routine noticeably easier. I have had no reason to complain about its reliability. I would be comfortable recommending it.,positive
This product has been part of my regular routine for a while. The product has not been as dependable as I needed. I have experienced problems that should not occur during ordinary use.,negative
I bought this product to see how well it would fit my everyday needs. The product has both strengths and weaknesses. I would describe the experience as average.,neutral
"I decided to try this FreshChoice product after comparing several options. It meets the basic requirements without offering much beyond them. The result is reasonably predictable. There are useful aspects, but there are also some limitations.",neutral
I decided to try this DailyHome product after comparing several options. The product is functional without being exceptional. The limitations are manageable for normal use. I would consider other options before making another purchase.,neutral
I picked this product after looking at a few alternatives. I have found it easy and comfortable to use. I would be comfortable recommending it.,positive
"I decided to try this TrendX product after comparing several options. It handles the basic job adequately. It is difficult to call the experience either excellent or poor. Overall, it is acceptable but not exceptional.",neutral
"After using the product for some time, I can comment on how it performs. The product is neither particularly impressive nor disappointing. I would describe the experience as average.",neutral
"I purchased this product mainly for its decor features. Nothing is seriously wrong, but I would not call it outstanding. It handles the basic job adequately. Overall, it is acceptable but not exceptional.",neutral
"I purchased this product mainly for its console features. It has been usable so far, although some details could be refined. The product is functional without being exceptional. I would describe the experience as average.",neutral
I have used this product in several everyday situations. It has made my routine noticeably easier. It has handled regular use without difficulty. The overall experience has been better than I anticipated.,positive
I bought this breakfast recently and have used it regularly. It handles the basic job adequately. There are a few areas where refinement would help. The product is functional without being exceptional.,neutral
I picked this product after looking at a few alternatives. The performance becomes inconsistent over longer periods.,negative
I have been testing this product under normal conditions. The setup was quick and straightforward. I barely needed any time to get used to it. I would choose this again over several alternatives.,positive
I gave this product a reasonable amount of use before writing this review. The product has been a pleasant surprise. I barely needed any time to get used to it. I would be comfortable recommending it.,positive
I have been using this furniture product for a few weeks. I would describe the experience as acceptable rather than impressive.,neutral
"After using the product for some time, I can comment on how it performs. I can depend on it for regular use. I have had no reason to complain about its reliability. I can depend on it for regular use. Overall, I am satisfied with the purchase.",positive
"I gave this product a reasonable amount of use before writing this review. It has been usable so far, although some details could be refined. There are a few areas where refinement would help. I would consider other options before making another purchase.",neutral
I bought this self help recently and have used it regularly. It performs roughly as I expected. I would consider other options before making another purchase.,neutral
I have been testing this product under normal conditions. Some parts work well while others are fairly average.,neutral
I picked this product after looking at a few alternatives. The product is suitable if expectations remain reasonable. It is difficult to call the experience either excellent or poor. The overall quality is reasonable for the price. There is still some room for improvement. Some parts are better than others.,neutral
I decided to try this HomeCraft product after comparing several options. The overall experience has been better than I anticipated. It does what I need without unnecessary complications. The product has remained reliable even after repeated use. It has turned out to be a worthwhile purchase.,positive
I have been using this footwear product for a few weeks. I have not found anything particularly impressive about it.,neutral
This product has been part of my regular routine for a while. The product is suitable if expectations remain reasonable. The limitations are manageable for normal use.,neutral
"I bought this product to see how well it would fit my everyday needs. The quality is better than I expected. The day-to-day experience has been smooth. Overall, I am satisfied with the purchase.",positive
I bought this packaged food recently and have used it regularly. The performance has remained dependable during regular use. The day-to-day experience has been smooth. It has turned out to be a worthwhile purchase.,positive
I bought this product to see how well it would fit my everyday needs. I have not found anything particularly impressive about it. The product is neither particularly impressive nor disappointing. It is a reasonable choice for basic requirements.,neutral
"After spending some time with this product, I have formed a fairly clear opinion. The product is neither particularly impressive nor disappointing. It is difficult to call the experience either excellent or poor. I would describe the experience as average.",neutral
I purchased this product mainly for its controller features. The product has both strengths and weaknesses. There is still some room for improvement. Some parts are better than others.,neutral
I gave this product a reasonable amount of use before writing this review. It performs reliably when I need it. There are still a few minor details that could be improved.,positive
I decided to try this BookHouse product after comparing several options. I would describe the experience as acceptable rather than impressive. It is difficult to call the experience either excellent or poor. I would describe the experience as average.,neutral
I have been testing this product under normal conditions. The product has remained reliable even after repeated use. It has handled regular use without difficulty. It has made my routine noticeably easier.,positive
"After spending some time with this product, I have formed a fairly clear opinion. The actual performance falls short of its apparent potential. The performance becomes inconsistent over longer periods.",negative
"I have been using this audio product for a few weeks. It performs roughly as I expected. The differences are noticeable but not severe. The product works, although it does not stand out. Some parts are better than others.",neutral
I decided to try this Aura product after comparing several options. The controls feel natural and easy to understand. The setup was painless. The product handles its main tasks very well.,positive
"I purchased this product mainly for its organic features. The product works, although it does not stand out. The strengths and weaknesses are fairly balanced. I would consider other options before making another purchase.",neutral
I have been using this storage product for a few weeks. It meets the basic requirements without offering much beyond them. It is difficult to call the experience either excellent or poor.,neutral
I have used this product in several everyday situations. The controls feel natural and easy to understand. I have had no reason to complain about its reliability. It has turned out to be a worthwhile purchase.,positive
"After spending some time with this product, I have formed a fairly clear opinion. The product has remained reliable even after repeated use. It has handled regular use without difficulty. It has made my routine noticeably easier. There are still a few minor details that could be improved.",positive
I picked this product after looking at a few alternatives. The setup was quick and straightforward. There are still a few minor details that could be improved.,positive
I gave this product a reasonable amount of use before writing this review. Everything has continued working as expected. The setup was painless. The product has been a pleasant surprise. I would be comfortable recommending it.,positive
I have been using this games product for a few weeks. It has worked consistently without unexpected problems. The day-to-day experience has been smooth. I am happy with how it has performed. There are still a few minor details that could be improved.,positive
"I bought this product to see how well it would fit my everyday needs. The experience has been fairly ordinary overall. The product is adequate for straightforward use. There are useful aspects, but there are also some limitations.",neutral
"I have used this product in several everyday situations. It gets the job done, but there is room for improvement. The product is adequate for straightforward use.",neutral
I gave this product a reasonable amount of use before writing this review. Everything has continued working as expected. The setup was painless.,positive
This product has been part of my regular routine for a while. Some parts work well while others are fairly average. The differences are noticeable but not severe. The product is neither particularly impressive nor disappointing. I would describe the experience as average.,neutral
"After spending some time with this product, I have formed a fairly clear opinion. It gets the job done, but there is room for improvement. The limitations are manageable for normal use. The product is neither particularly impressive nor disappointing.",neutral
"I have been using this outdoor product for a few weeks. It gets the job done, but there is room for improvement.",neutral
This product has been part of my regular routine for a while. The overall performance is acceptable for ordinary use. It is a reasonable choice for basic requirements.,neutral
"After spending some time with this product, I have formed a fairly clear opinion. It meets the basic requirements without offering much beyond them. The limitations are manageable for normal use. The product is functional without being exceptional.",neutral
"After using the product for some time, I can comment on how it performs. The overall quality is reasonable for the price. The product is functional without being exceptional. There is still some room for improvement.",neutral
I bought this beverages recently and have used it regularly. The experience has been fairly ordinary overall. It is fine as long as expectations are realistic. Some parts are better than others.,neutral
I have used this product in several everyday situations. The product has both strengths and weaknesses. It is fine as long as expectations are realistic.,neutral
I have used this product in several everyday situations. I have not had any meaningful problems with it. It has turned out to be a worthwhile purchase.,positive
"I gave this product a reasonable amount of use before writing this review. Nothing is seriously wrong, but I would not call it outstanding. The differences are noticeable but not severe. I would describe the experience as acceptable rather than impressive. Overall, it is acceptable but not exceptional.",neutral
I have used this product in several everyday situations. It meets the basic requirements without offering much beyond them. The product is neither particularly impressive nor disappointing.,neutral
"After spending some time with this product, I have formed a fairly clear opinion. The setup was quick and straightforward. I have had no reason to complain about its reliability. It performs reliably when I need it. I would consider buying it again.",positive
I have used this product in several everyday situations. I would describe the experience as acceptable rather than impressive.,neutral
I picked this product after looking at a few alternatives. It performs reliably when I need it. I barely needed any time to get used to it. The quality is better than I expected.,positive
"I bought this mobile recently and have used it regularly. The overall performance is acceptable for ordinary use. Overall, it is acceptable but not exceptional.",neutral
I bought this science recently and have used it regularly. The product feels well made. The product handles its main tasks very well.,positive
"I gave this product a reasonable amount of use before writing this review. Nothing is seriously wrong, but I would not call it outstanding. The product is adequate for straightforward use. The product works, although it does not stand out.",neutral
I bought this outdoor recently and have used it regularly. The overall performance is acceptable for ordinary use. I would describe the experience as average.,neutral
"After spending some time with this product, I have formed a fairly clear opinion. I have found it easy and comfortable to use. The day-to-day experience has been smooth. It has turned out to be a worthwhile purchase.",positive
I have been testing this product under normal conditions. The overall quality is reasonable for the price. The product is adequate for straightforward use. I would describe the experience as average.,neutral
"This product has been part of my regular routine for a while. It gets the job done, but there is room for improvement. It gets the job done, but there is room for improvement.",neutral
"I decided to try this SportMax product after comparing several options. There are useful aspects, but there are also some limitations. The differences are noticeable but not severe. The product is neither particularly impressive nor disappointing. I would describe the experience as average.",neutral
"After using the product for some time, I can comment on how it performs. The overall experience has been better than I anticipated. I would be comfortable recommending it.",positive
"I bought this appliances recently and have used it regularly. The product has been a pleasant surprise. The overall design feels practical. The product has remained reliable even after repeated use. Overall, I am satisfied with the purchase.",positive
I gave this product a reasonable amount of use before writing this review. The product has become unreliable during normal use. The setup was more difficult than it needed to be. Some components already show signs of wear.,negative
"I gave this product a reasonable amount of use before writing this review. Nothing is seriously wrong, but I would not call it outstanding. The differences are noticeable but not severe. The product is neither particularly impressive nor disappointing.",neutral
"After using the product for some time, I can comment on how it performs. The product has been a pleasant surprise. The setup was painless. It has made my routine noticeably easier.",positive
I purchased this product mainly for its mobile features. Some parts work well while others are fairly average. The strengths and weaknesses are fairly balanced.,neutral
"I decided to try this FreshChoice product after comparing several options. The product is neither particularly impressive nor disappointing. The result is reasonably predictable. Overall, it is acceptable but not exceptional.",neutral
I bought this product to see how well it would fit my everyday needs. The controls feel natural and easy to understand. I have had no reason to complain about its reliability.,positive
I gave this product a reasonable amount of use before writing this review. The performance has remained dependable during regular use. It has been dependable from the beginning. It has turned out to be a worthwhile purchase. There are still a few minor details that could be improved.,positive
"After using the product for some time, I can comment on how it performs. There are several issues that make the product difficult to recommend. I have had to work around several shortcomings. I would look at alternatives before buying it again.",negative
I bought this product to see how well it would fit my everyday needs. It performs roughly as I expected. There are a few areas where refinement would help. It is a reasonable choice for basic requirements.,neutral
"I picked this product after looking at a few alternatives. The experience has been fairly ordinary overall. The differences are noticeable but not severe. Overall, it is acceptable but not exceptional.",neutral
"I have been testing this product under normal conditions. It gets the job done, but there is room for improvement. I would describe the experience as acceptable rather than impressive. Some parts are better than others.",neutral
I gave this product a reasonable amount of use before writing this review. It has worked consistently without unexpected problems. I have had no reason to complain about its reliability. The product feels well made. I would be comfortable recommending it.,positive
I bought this laptop recently and have used it regularly. Some parts work well while others are fairly average. The differences are noticeable but not severe. It is fine as long as expectations are realistic.,neutral
"I purchased this product mainly for its business features. It has made my routine noticeably easier. I have had no reason to complain about its reliability. Overall, I am satisfied with the purchase.",positive
"After using the product for some time, I can comment on how it performs. Everything has continued working as expected. I have had no reason to complain about its reliability. I am happy with how it has performed.",positive
I bought this men recently and have used it regularly. The overall performance is acceptable for ordinary use. I would describe the experience as average.,neutral
I decided to try this GoodFood product after comparing several options. The product is neither particularly impressive nor disappointing. The strengths and weaknesses are fairly balanced. It handles the basic job adequately. Some parts are better than others.,neutral
"After using the product for some time, I can comment on how it performs. The product works, although it does not stand out. The result is reasonably predictable.",neutral
I gave this product a reasonable amount of use before writing this review. Its main features have worked smoothly. It has turned out to be a worthwhile purchase.,positive
I have been testing this product under normal conditions. The product has failed to perform consistently. The product does not inspire much confidence.,negative
I bought this product to see how well it would fit my everyday needs. The controls feel natural and easy to understand. It has been dependable from the beginning. I am happy with how it has performed.,positive
I decided to try this ClassicWear product after comparing several options. The overall experience has been better than I anticipated. It has handled regular use without difficulty. The overall experience has been better than I anticipated. It has turned out to be a worthwhile purchase.,positive
"I gave this product a reasonable amount of use before writing this review. The experience has been fairly ordinary overall. The strengths and weaknesses are fairly balanced. It has been usable so far, although some details could be refined.",neutral
I decided to try this ModeFit product after comparing several options. I have found it easy and comfortable to use. It does what I need without unnecessary complications. The product handles its main tasks very well.,positive
I gave this product a reasonable amount of use before writing this review. The setup was quick and straightforward. The day-to-day experience has been smooth. I would be comfortable recommending it.,positive
"I purchased this product mainly for its audio features. The product has been a pleasant surprise. It has handled regular use without difficulty. Overall, I am satisfied with the purchase.",positive
I purchased this product mainly for its men features. I have not found anything particularly impressive about it. There are a few areas where refinement would help. The product is functional without being exceptional. There is still some room for improvement. Some parts are better than others.,neutral
"After using the product for some time, I can comment on how it performs. It has worked consistently without unexpected problems. The setup was painless. The product has remained reliable even after repeated use. I would choose this again over several alternatives. There are still a few minor details that could be improved.",positive
I have used this product in several everyday situations. I have found it easy and comfortable to use. The day-to-day experience has been smooth. Its main features have worked smoothly. It has turned out to be a worthwhile purchase.,positive
I bought this product to see how well it would fit my everyday needs. The performance has remained dependable during regular use. I have had no reason to complain about its reliability. The setup was quick and straightforward. There are still a few minor details that could be improved.,positive
I decided to try this GoodFood product after comparing several options. The overall experience has been better than I anticipated.,positive
I have been testing this product under normal conditions. The product is suitable if expectations remain reasonable. The product is adequate for straightforward use.,neutral
I purchased this product mainly for its packaged food features. It has worked consistently without unexpected problems. I have had no reason to complain about its reliability. The product feels thoughtfully designed. I am happy with how it has performed. There are still a few minor details that could be improved.,positive
I picked this product after looking at a few alternatives. Everything has continued working as expected. I have found it easy and comfortable to use.,positive
"This product has been part of my regular routine for a while. It gets the job done, but there is room for improvement.",neutral
I have used this product in several everyday situations. The product feels thoughtfully designed. The setup was quick and straightforward.,positive
"I gave this product a reasonable amount of use before writing this review. It has been usable so far, although some details could be refined. Nothing is seriously wrong, but I would not call it outstanding.",neutral
I gave this product a reasonable amount of use before writing this review. The performance has remained dependable during regular use. I have had no reason to complain about its reliability. I would consider buying it again. There are still a few minor details that could be improved.,positive
I picked this product after looking at a few alternatives. Some parts work well while others are fairly average. The limitations are manageable for normal use. It is a reasonable choice for basic requirements.,neutral
I have used this product in several everyday situations. I have not had any meaningful problems with it. It does what I need without unnecessary complications.,positive
I purchased this product mainly for its appliances features. The product has been a pleasant surprise. I barely needed any time to get used to it. I would choose this again over several alternatives.,positive
I have been testing this product under normal conditions. It handles the basic job adequately. The differences are noticeable but not severe. The product is functional without being exceptional. It is fine as long as expectations are realistic.,neutral
I bought this product to see how well it would fit my everyday needs. The product feels thoughtfully designed.,positive
"I picked this product after looking at a few alternatives. I have not found anything particularly impressive about it. The product is adequate for straightforward use. Nothing is seriously wrong, but I would not call it outstanding. I would consider other options before making another purchase.",neutral
I purchased this product mainly for its beverages features. Some parts work well while others are fairly average. It depends somewhat on what you expect from the product.,neutral
I picked this product after looking at a few alternatives. I have not found anything particularly impressive about it. The product is adequate for straightforward use. Some parts are better than others.,neutral
"I gave this product a reasonable amount of use before writing this review. It has worked consistently without unexpected problems. It does what I need without unnecessary complications. The product feels well made. Overall, I am satisfied with the purchase. There are still a few minor details that could be improved.",positive
I bought this laptop recently and have used it regularly. I have found it easy and comfortable to use. I would be comfortable recommending it.,positive
"I purchased this product mainly for its self help features. It gets the job done, but there is room for improvement. The differences are noticeable but not severe. I would consider other options before making another purchase.",neutral
I have used this product in several everyday situations. The product feels well made. The day-to-day experience has been smooth. There are still a few minor details that could be improved.,positive
"After spending some time with this product, I have formed a fairly clear opinion. I have not found anything particularly impressive about it.",neutral
"After spending some time with this product, I have formed a fairly clear opinion. The product feels well made. I barely needed any time to get used to it. I would be comfortable recommending it.",positive
"After spending some time with this product, I have formed a fairly clear opinion. I have not had any meaningful problems with it. I have had no reason to complain about its reliability. I would consider buying it again.",positive
"I have been using this smart home product for a few weeks. The experience has been fairly ordinary overall. It is difficult to call the experience either excellent or poor. Nothing is seriously wrong, but I would not call it outstanding. Some parts are better than others.",neutral
I picked this product after looking at a few alternatives. Everything has continued working as expected. I have had no reason to complain about its reliability. I would consider buying it again.,positive
"After spending some time with this product, I have formed a fairly clear opinion. There are useful aspects, but there are also some limitations. It handles the basic job adequately.",neutral
I bought this product to see how well it would fit my everyday needs. The experience has been fairly ordinary overall. The differences are noticeable but not severe. It performs roughly as I expected.,neutral
I have been testing this product under normal conditions. The experience has been fairly ordinary overall. It is fine as long as expectations are realistic.,neutral
I have been using this kitchen product for a few weeks. The setup was quick and straightforward. The day-to-day experience has been smooth. I would consider buying it again. There are still a few minor details that could be improved.,positive
I have used this product in several everyday situations. The product has remained reliable even after repeated use. The day-to-day experience has been smooth.,positive
I gave this product a reasonable amount of use before writing this review. The product has remained reliable even after repeated use. The setup was painless. The controls feel natural and easy to understand.,positive
"I bought this smart home recently and have used it regularly. The product has both strengths and weaknesses. There are a few areas where refinement would help. The product works, although it does not stand out. I would consider other options before making another purchase. Some parts are better than others.",neutral
"I bought this product to see how well it would fit my everyday needs. The overall quality is reasonable for the price. The differences are noticeable but not severe. Overall, it is acceptable but not exceptional.",neutral
"I bought this product to see how well it would fit my everyday needs. The product works, although it does not stand out. It depends somewhat on what you expect from the product. Nothing is seriously wrong, but I would not call it outstanding. Overall, it is acceptable but not exceptional.",neutral
I have been testing this product under normal conditions. It handles the basic job adequately. There are a few areas where refinement would help. I would consider other options before making another purchase.,neutral
I purchased this product mainly for its furniture features. The product has been a pleasant surprise. I barely needed any time to get used to it. The performance has remained dependable during regular use.,positive
"I have been testing this product under normal conditions. It gets the job done, but there is room for improvement. There are useful aspects, but there are also some limitations. Overall, it is acceptable but not exceptional.",neutral
I have been using this science product for a few weeks. The actual performance falls short of its apparent potential. I expected something more dependable.,negative
I picked this product after looking at a few alternatives. The overall performance is acceptable for ordinary use. The differences are noticeable but not severe. The product is functional without being exceptional. It is a reasonable choice for basic requirements.,neutral
I have used this product in several everyday situations. It performs roughly as I expected. The product is adequate for straightforward use. I would consider other options before making another purchase. Some parts are better than others.,neutral
I gave this product a reasonable amount of use before writing this review. The performance has remained dependable during regular use. It has handled regular use without difficulty. The overall experience has been better than I anticipated. I am happy with how it has performed.,positive
This product has been part of my regular routine for a while. The product feels well made. It has handled regular use without difficulty. The setup was quick and straightforward.,positive
I bought this kitchen recently and have used it regularly. The product is functional without being exceptional. It is difficult to call the experience either excellent or poor. It handles the basic job adequately.,neutral
I have used this product in several everyday situations. I would hesitate to rely on this product for important tasks. The issues are especially noticeable during longer sessions.,negative
"After spending some time with this product, I have formed a fairly clear opinion. The setup was quick and straightforward. I barely needed any time to get used to it. The product feels thoughtfully designed.",positive
I picked this product after looking at a few alternatives. I have not had any meaningful problems with it. I barely needed any time to get used to it. I am happy with how it has performed.,positive
"I gave this product a reasonable amount of use before writing this review. It gets the job done, but there is room for improvement. The limitations are manageable for normal use.",neutral
I bought this games recently and have used it regularly. The overall experience has been better than I anticipated. I barely needed any time to get used to it. It has made my routine noticeably easier. I would be comfortable recommending it.,positive
This product has been part of my regular routine for a while. The overall quality is reasonable for the price. It is a reasonable choice for basic requirements.,neutral
"After using the product for some time, I can comment on how it performs. The overall performance is acceptable for ordinary use. The product works, although it does not stand out.",neutral
I have used this product in several everyday situations. I would describe the experience as acceptable rather than impressive. It is fine as long as expectations are realistic.,neutral
I decided to try this DailyHome product after comparing several options. I have not found anything particularly impressive about it.,neutral
I picked this product after looking at a few alternatives. The product feels well made. It does what I need without unnecessary complications. The controls feel natural and easy to understand.,positive
I gave this product a reasonable amount of use before writing this review. The product handles its main tasks very well. The product has been a pleasant surprise. I would choose this again over several alternatives.,positive
I picked this product after looking at a few alternatives. Some parts work well while others are fairly average. The result is reasonably predictable.,neutral
I have been using this self help product for a few weeks. Everything has continued working as expected. I am happy with how it has performed.,positive
I decided to try this TrendX product after comparing several options. Some parts work well while others are fairly average. The result is reasonably predictable. It is a reasonable choice for basic requirements.,neutral
"After using the product for some time, I can comment on how it performs. The product is neither particularly impressive nor disappointing. It is difficult to call the experience either excellent or poor.",neutral
I have used this product in several everyday situations. It has made my routine noticeably easier. It has handled regular use without difficulty. The product feels thoughtfully designed. I am happy with how it has performed.,positive
I have been using this storage product for a few weeks. It performs reliably when I need it. I would consider buying it again.,positive
I decided to try this Casa product after comparing several options. I have found it easy and comfortable to use. I would be comfortable recommending it.,positive
I have used this product in several everyday situations. I would hesitate to rely on this product for important tasks. I would prefer a more reliable alternative.,negative
"After spending some time with this product, I have formed a fairly clear opinion. The experience has been more disappointing than satisfying. The problems became more noticeable with continued use.",negative
"After spending some time with this product, I have formed a fairly clear opinion. It has been usable so far, although some details could be refined. The product is adequate for straightforward use. There is still some room for improvement.",neutral
I have used this product in several everyday situations. The product feels thoughtfully designed.,positive
"This product has been part of my regular routine for a while. The product works, although it does not stand out. It is a reasonable choice for basic requirements.",neutral
I bought this organic recently and have used it regularly. I would describe the experience as acceptable rather than impressive.,neutral
This product has been part of my regular routine for a while. The quality does not match what I expected for the price. The problems affect the overall experience. I have experienced problems that should not occur during ordinary use.,negative
I gave this product a reasonable amount of use before writing this review. The product feels well made. The overall design feels practical. The setup was quick and straightforward.,positive
"After using the product for some time, I can comment on how it performs. It performs roughly as I expected. There are a few areas where refinement would help. The product works, although it does not stand out.",neutral
"I bought this product to see how well it would fit my everyday needs. The performance has remained dependable during regular use. It has handled regular use without difficulty. Overall, I am satisfied with the purchase.",positive
"I picked this product after looking at a few alternatives. Nothing is seriously wrong, but I would not call it outstanding. The overall performance is acceptable for ordinary use.",neutral
I purchased this product mainly for its accessories features. The product has remained reliable even after repeated use. Everything has continued working as expected. I am happy with how it has performed.,positive
"I bought this audio recently and have used it regularly. Nothing is seriously wrong, but I would not call it outstanding. The strengths and weaknesses are fairly balanced.",neutral
I have been testing this product under normal conditions. It has worked consistently without unexpected problems. I have had no reason to complain about its reliability. I would be comfortable recommending it.,positive
I decided to try this UrbanStyle product after comparing several options. I would describe the experience as acceptable rather than impressive. The product is neither particularly impressive nor disappointing. There is still some room for improvement.,neutral
I have been testing this product under normal conditions. I have had trouble depending on it for regular use. I have had to work around several shortcomings. I would hesitate to rely on this product for important tasks. I expected better overall reliability.,negative
"I decided to try this TrendX product after comparing several options. It performs roughly as I expected. It depends somewhat on what you expect from the product. It gets the job done, but there is room for improvement.",neutral
I have been using this science product for a few weeks. The overall quality is reasonable for the price. It depends somewhat on what you expect from the product. I would describe the experience as average.,neutral
"After using the product for some time, I can comment on how it performs. The product handles its main tasks very well. I barely needed any time to get used to it. I am happy with how it has performed.",positive
I have used this product in several everyday situations. I have not had any meaningful problems with it. The product handles its main tasks very well. I am happy with how it has performed.,positive
I bought this product to see how well it would fit my everyday needs. The product has remained reliable even after repeated use. The setup was painless. I would consider buying it again.,positive
I picked this product after looking at a few alternatives. It meets the basic requirements without offering much beyond them. There are a few areas where refinement would help. There is still some room for improvement.,neutral
I bought this product to see how well it would fit my everyday needs. The product has become unreliable during normal use. I expected something more dependable. Several aspects of the experience could be substantially better.,negative
I have been using this mobile product for a few weeks. The experience has been fairly ordinary overall. It is difficult to call the experience either excellent or poor.,neutral
"After spending some time with this product, I have formed a fairly clear opinion. The product has both strengths and weaknesses. The strengths and weaknesses are fairly balanced. There is still some room for improvement.",neutral
"After spending some time with this product, I have formed a fairly clear opinion. I can depend on it for regular use. The day-to-day experience has been smooth. I would consider buying it again.",positive
I gave this product a reasonable amount of use before writing this review. It meets the basic requirements without offering much beyond them. The limitations are manageable for normal use. It is a reasonable choice for basic requirements.,neutral
I have been testing this product under normal conditions. The actual performance falls short of its apparent potential. The issues are especially noticeable during longer sessions. I have encountered several problems that were difficult to ignore. I expected better overall reliability.,negative
I bought this product to see how well it would fit my everyday needs. The overall performance is acceptable for ordinary use. The result is reasonably predictable. It handles the basic job adequately. There is still some room for improvement.,neutral
I have used this product in several everyday situations. The product has caused more frustration than I expected. The product does not inspire much confidence. The product has caused more frustration than I expected. I would probably choose another option next time.,negative
I purchased this product mainly for its running features. The product is neither particularly impressive nor disappointing. The differences are noticeable but not severe. I would describe the experience as average.,neutral
"I bought this packaged food recently and have used it regularly. It has made my routine noticeably easier. It does what I need without unnecessary complications. Everything has continued working as expected. Overall, I am satisfied with the purchase. There are still a few minor details that could be improved.",positive
I have been testing this product under normal conditions. There are several issues that make the product difficult to recommend. The problems affect the overall experience. The product has failed to perform consistently. One or two aspects of the product are still useful.,negative
I have been testing this product under normal conditions. The controls feel natural and easy to understand. It has been dependable from the beginning.,positive
I picked this product after looking at a few alternatives. The setup was quick and straightforward. The day-to-day experience has been smooth. I would consider buying it again. There are still a few minor details that could be improved.,positive
I bought this laptop recently and have used it regularly. I have found it easy and comfortable to use.,positive
"After using the product for some time, I can comment on how it performs. The product has been a pleasant surprise. The overall design feels practical. There are still a few minor details that could be improved.",positive
I bought this audio recently and have used it regularly. It handles the basic job adequately. It is fine as long as expectations are realistic.,neutral
I gave this product a reasonable amount of use before writing this review. The performance becomes inconsistent over longer periods. The problems became more noticeable with continued use. There is considerable room for improvement.,negative
I have been using this yoga product for a few weeks. The product is neither particularly impressive nor disappointing. There is still some room for improvement.,neutral
"I have been testing this product under normal conditions. It gets the job done, but there is room for improvement. The result is reasonably predictable.",neutral
"After using the product for some time, I can comment on how it performs. It has made my routine noticeably easier. The product feels well made. I would be comfortable recommending it.",positive
This product has been part of my regular routine for a while. The setup was quick and straightforward. It does what I need without unnecessary complications.,positive
This product has been part of my regular routine for a while. The overall quality is reasonable for the price. The limitations are manageable for normal use.,neutral
"I bought this product to see how well it would fit my everyday needs. I have not had any meaningful problems with it. Overall, I am satisfied with the purchase.",positive
I purchased this product mainly for its footwear features. The product has both strengths and weaknesses. There are a few areas where refinement would help. It is fine as long as expectations are realistic.,neutral
I decided to try this Zenith product after comparing several options. Some components already show signs of wear. The problems affect the overall experience. I would look at alternatives before buying it again.,negative
This product has been part of my regular routine for a while. I can depend on it for regular use. I barely needed any time to get used to it. The product has been a pleasant surprise. I am happy with how it has performed.,positive
"I picked this product after looking at a few alternatives. It gets the job done, but there is room for improvement. The differences are noticeable but not severe.",neutral
I bought this product to see how well it would fit my everyday needs. The overall performance is acceptable for ordinary use. There are a few areas where refinement would help.,neutral
I decided to try this GameZone product after comparing several options. The quality is better than I expected. I have had no reason to complain about its reliability.,positive
This product has been part of my regular routine for a while. Its main features have worked smoothly. The overall design feels practical. I would be comfortable recommending it.,positive
"This product has been part of my regular routine for a while. It has been usable so far, although some details could be refined. The strengths and weaknesses are fairly balanced.",neutral
I bought this product to see how well it would fit my everyday needs. I have not found anything particularly impressive about it. I would consider other options before making another purchase.,neutral
I decided to try this GameZone product after comparing several options. Its main features have worked smoothly. The overall design feels practical. It has turned out to be a worthwhile purchase.,positive
I picked this product after looking at a few alternatives. The quality is better than I expected. It does what I need without unnecessary complications. I would choose this again over several alternatives.,positive
"After spending some time with this product, I have formed a fairly clear opinion. The product is functional without being exceptional. It has been usable so far, although some details could be refined. I would describe the experience as average.",neutral
"After spending some time with this product, I have formed a fairly clear opinion. It has been usable so far, although some details could be refined. It is a reasonable choice for basic requirements.",neutral
I picked this product after looking at a few alternatives. The product feels well made. Everything has continued working as expected.,positive
I bought this sportswear recently and have used it regularly. It has worked consistently without unexpected problems. It has been dependable from the beginning. I have not had any meaningful problems with it.,positive
"I bought this skincare recently and have used it regularly. The experience has been fairly ordinary overall. It is difficult to call the experience either excellent or poor. The experience has been fairly ordinary overall. Overall, it is acceptable but not exceptional.",neutral
"I have been using this console product for a few weeks. The product is functional without being exceptional. The differences are noticeable but not severe. Overall, it is acceptable but not exceptional.",neutral
I bought this product to see how well it would fit my everyday needs. The product is suitable if expectations remain reasonable. The product is adequate for straightforward use. It is fine as long as expectations are realistic.,neutral
"I gave this product a reasonable amount of use before writing this review. Its main features have worked smoothly. I have had no reason to complain about its reliability. Overall, I am satisfied with the purchase.",positive
"This product has been part of my regular routine for a while. The product works, although it does not stand out. It is difficult to call the experience either excellent or poor. It has been usable so far, although some details could be refined. I would consider other options before making another purchase.",neutral
"After using the product for some time, I can comment on how it performs. The product is neither particularly impressive nor disappointing. Some parts are better than others.",neutral
I gave this product a reasonable amount of use before writing this review. It performs reliably when I need it. It has been dependable from the beginning. The product handles its main tasks very well.,positive
"After using the product for some time, I can comment on how it performs. The product has remained reliable even after repeated use. I have had no reason to complain about its reliability. Overall, I am satisfied with the purchase.",positive
"I purchased this product mainly for its fragrance features. It gets the job done, but there is room for improvement. The result is reasonably predictable.",neutral
I picked this product after looking at a few alternatives. The overall experience has been better than I anticipated. The product has been a pleasant surprise. I am happy with how it has performed.,positive
"After using the product for some time, I can comment on how it performs. The overall experience has been better than I anticipated. The day-to-day experience has been smooth.",positive
I have used this product in several everyday situations. Some parts work well while others are fairly average. The experience has been fairly ordinary overall. It is a reasonable choice for basic requirements.,neutral
"After spending some time with this product, I have formed a fairly clear opinion. I have found it easy and comfortable to use. The overall design feels practical.",positive
I gave this product a reasonable amount of use before writing this review. The controls feel natural and easy to understand. It does what I need without unnecessary complications. The overall experience has been better than I anticipated.,positive
I have been testing this product under normal conditions. The overall quality is reasonable for the price. It depends somewhat on what you expect from the product. I would describe the experience as average.,neutral
"After spending some time with this product, I have formed a fairly clear opinion. The product feels thoughtfully designed. I barely needed any time to get used to it.",positive
I decided to try this FreshChoice product after comparing several options. The product is functional without being exceptional. It performs roughly as I expected. There is still some room for improvement. Some parts are better than others.,neutral
I picked this product after looking at a few alternatives. It performs roughly as I expected.,neutral
This product has been part of my regular routine for a while. It has worked consistently without unexpected problems.,positive
I picked this product after looking at a few alternatives. The product feels thoughtfully designed.,positive
"This product has been part of my regular routine for a while. There are useful aspects, but there are also some limitations. The strengths and weaknesses are fairly balanced. The overall performance is acceptable for ordinary use. Some parts are better than others.",neutral
I purchased this product mainly for its storage features. The product is suitable if expectations remain reasonable. It is difficult to call the experience either excellent or poor. The product has both strengths and weaknesses. I would consider other options before making another purchase. Some parts are better than others.,neutral
I bought this fragrance recently and have used it regularly. It performs reliably when I need it. I barely needed any time to get used to it. It has worked consistently without unexpected problems.,positive
This product has been part of my regular routine for a while. The product is suitable if expectations remain reasonable. It is fine as long as expectations are realistic.,neutral
I gave this product a reasonable amount of use before writing this review. I have not found anything particularly impressive about it. It depends somewhat on what you expect from the product.,neutral
"I have been testing this product under normal conditions. Nothing is seriously wrong, but I would not call it outstanding. The overall performance is acceptable for ordinary use.",neutral
"I have been testing this product under normal conditions. It gets the job done, but there is room for improvement. It is difficult to call the experience either excellent or poor. The product has both strengths and weaknesses.",neutral
"I bought this smart home recently and have used it regularly. It has worked consistently without unexpected problems. The overall design feels practical. The performance has remained dependable during regular use. Overall, I am satisfied with the purchase. There are still a few minor details that could be improved.",positive
"I decided to try this ClassicWear product after comparing several options. It gets the job done, but there is room for improvement. The differences are noticeable but not severe. I would consider other options before making another purchase. Some parts are better than others.",neutral
"I have been using this business product for a few weeks. It gets the job done, but there is room for improvement. It is difficult to call the experience either excellent or poor.",neutral
This product has been part of my regular routine for a while. Its main features have worked smoothly. The overall design feels practical. The product feels thoughtfully designed. I am happy with how it has performed.,positive
"After spending some time with this product, I have formed a fairly clear opinion. The setup was quick and straightforward. It has been dependable from the beginning.",positive
"I have been testing this product under normal conditions. Its main features have worked smoothly. The overall design feels practical. I have not had any meaningful problems with it. Overall, I am satisfied with the purchase.",positive
I gave this product a reasonable amount of use before writing this review. The product handles its main tasks very well. It has handled regular use without difficulty.,positive
"After spending some time with this product, I have formed a fairly clear opinion. Everything has continued working as expected. The setup was painless. Everything has continued working as expected.",positive
"I bought this product to see how well it would fit my everyday needs. Nothing is seriously wrong, but I would not call it outstanding. The differences are noticeable but not severe. Overall, it is acceptable but not exceptional.",neutral
"I bought this decor recently and have used it regularly. Nothing is seriously wrong, but I would not call it outstanding. It depends somewhat on what you expect from the product.",neutral
I have used this product in several everyday situations. It has worked consistently without unexpected problems. I have had no reason to complain about its reliability.,positive
I have used this product in several everyday situations. The product feels thoughtfully designed. The day-to-day experience has been smooth. The product has remained reliable even after repeated use. It has turned out to be a worthwhile purchase.,positive
I decided to try this Casa product after comparing several options. The performance becomes inconsistent over longer periods. The problems affect the overall experience. The materials do not feel particularly durable.,negative
I bought this breakfast recently and have used it regularly. I have not found anything particularly impressive about it. The limitations are manageable for normal use. The experience has been fairly ordinary overall. I would consider other options before making another purchase.,neutral
"I purchased this product mainly for its console features. It gets the job done, but there is room for improvement. The result is reasonably predictable. It gets the job done, but there is room for improvement. It is a reasonable choice for basic requirements.",neutral
"After spending some time with this product, I have formed a fairly clear opinion. The product has not been as dependable as I needed. I have had to work around several shortcomings. Several aspects of the experience could be substantially better.",negative
I decided to try this DailyHome product after comparing several options. The experience has been fairly ordinary overall. There are a few areas where refinement would help. There is still some room for improvement.,neutral
This product has been part of my regular routine for a while. The overall performance is acceptable for ordinary use. It depends somewhat on what you expect from the product. The product is functional without being exceptional. I would describe the experience as average. Some parts are better than others.,neutral
"I decided to try this PureCare product after comparing several options. It performs reliably when I need it. It has handled regular use without difficulty. I have found it easy and comfortable to use. Overall, I am satisfied with the purchase.",positive
"After spending some time with this product, I have formed a fairly clear opinion. The setup was quick and straightforward. It has handled regular use without difficulty. The product has remained reliable even after repeated use.",positive
I purchased this product mainly for its packaged food features. I have not found anything particularly impressive about it.,neutral
I gave this product a reasonable amount of use before writing this review. The product is functional without being exceptional. The differences are noticeable but not severe. The experience has been fairly ordinary overall. I would consider other options before making another purchase.,neutral
"I picked this product after looking at a few alternatives. Nothing is seriously wrong, but I would not call it outstanding. It is fine as long as expectations are realistic. Some parts are better than others.",neutral
This product has been part of my regular routine for a while. I would describe the experience as acceptable rather than impressive. The strengths and weaknesses are fairly balanced. I would consider other options before making another purchase. Some parts are better than others.,neutral
I bought this product to see how well it would fit my everyday needs. It performs reliably when I need it. I barely needed any time to get used to it. It has turned out to be a worthwhile purchase. There are still a few minor details that could be improved.,positive
I gave this product a reasonable amount of use before writing this review. The experience has been fairly ordinary overall. The product is adequate for straightforward use. It meets the basic requirements without offering much beyond them. There is still some room for improvement.,neutral
"I decided to try this PaperTrail product after comparing several options. Everything has continued working as expected. Overall, I am satisfied with the purchase. There are still a few minor details that could be improved.",positive
This product has been part of my regular routine for a while. The product is functional without being exceptional. I would consider other options before making another purchase.,neutral
"I have used this product in several everyday situations. It has been usable so far, although some details could be refined. It depends somewhat on what you expect from the product. It is a reasonable choice for basic requirements.",neutral
I gave this product a reasonable amount of use before writing this review. Some parts work well while others are fairly average. It depends somewhat on what you expect from the product. It is fine as long as expectations are realistic.,neutral
I decided to try this SoundMax product after comparing several options. It meets the basic requirements without offering much beyond them. The limitations are manageable for normal use. I would describe the experience as average.,neutral
I purchased this product mainly for its fragrance features. I would describe the experience as acceptable rather than impressive. The product is adequate for straightforward use.,neutral
I bought this product to see how well it would fit my everyday needs. It has worked consistently without unexpected problems. The setup was painless. I would be comfortable recommending it.,positive
I bought this cricket recently and have used it regularly. It performs reliably when I need it. I have not had any meaningful problems with it. I would choose this again over several alternatives.,positive
This product has been part of my regular routine for a while. The overall experience has been better than I anticipated. I have had no reason to complain about its reliability. I would be comfortable recommending it.,positive
"I gave this product a reasonable amount of use before writing this review. The experience has been fairly ordinary overall. The product works, although it does not stand out. I would consider other options before making another purchase.",neutral
I purchased this product mainly for its controller features. The overall quality is reasonable for the price. It depends somewhat on what you expect from the product. There is still some room for improvement.,neutral
I picked this product after looking at a few alternatives. It has made my routine noticeably easier. It has made my routine noticeably easier.,positive
I bought this self help recently and have used it regularly. The product started showing problems after repeated use. There are several issues that make the product difficult to recommend.,negative
I bought this product to see how well it would fit my everyday needs. It has worked consistently without unexpected problems. The day-to-day experience has been smooth. I would choose this again over several alternatives.,positive
"I bought this appliances recently and have used it regularly. The product feels thoughtfully designed. The setup was painless. Overall, I am satisfied with the purchase. There are still a few minor details that could be improved.",positive
I have been testing this product under normal conditions. Everything has continued working as expected. I have had no reason to complain about its reliability.,positive
I picked this product after looking at a few alternatives. It performs reliably when I need it. The product feels well made. I would consider buying it again.,positive
I bought this accessories recently and have used it regularly. It has made my routine noticeably easier. The day-to-day experience has been smooth. The overall experience has been better than I anticipated.,positive
I have been testing this product under normal conditions. The overall experience has been better than I anticipated. I barely needed any time to get used to it. The performance has remained dependable during regular use.,positive
I have been testing this product under normal conditions. It performs reliably when I need it. The product feels well made. I would consider buying it again.,positive
I bought this product to see how well it would fit my everyday needs. I have not had any meaningful problems with it. The setup was painless.,positive
This product has been part of my regular routine for a while. It has worked consistently without unexpected problems. I am happy with how it has performed.,positive
"I picked this product after looking at a few alternatives. It has been usable so far, although some details could be refined. It is a reasonable choice for basic requirements.",neutral
"I purchased this product mainly for its packaged food features. It performs roughly as I expected. The product is adequate for straightforward use. Nothing is seriously wrong, but I would not call it outstanding. It is fine as long as expectations are realistic.",neutral
I have been testing this product under normal conditions. I would describe the experience as acceptable rather than impressive. The limitations are manageable for normal use. Some parts work well while others are fairly average.,neutral
"After using the product for some time, I can comment on how it performs. It has been usable so far, although some details could be refined. It depends somewhat on what you expect from the product. Overall, it is acceptable but not exceptional.",neutral
I picked this product after looking at a few alternatives. The experience has been more disappointing than satisfying. The product does not inspire much confidence.,negative
I have been testing this product under normal conditions. The materials do not feel particularly durable. The problems affect the overall experience. I have experienced problems that should not occur during ordinary use.,negative
I have been testing this product under normal conditions. It has worked consistently without unexpected problems. The setup was painless. The product feels thoughtfully designed. There are still a few minor details that could be improved.,positive
I bought this appliances recently and have used it regularly. Some important functions have not worked properly. The issues are especially noticeable during longer sessions. Some important functions have not worked properly.,negative
"After using the product for some time, I can comment on how it performs. I have not had any meaningful problems with it. I would consider buying it again. There are still a few minor details that could be improved.",positive
"I have been using this accessories product for a few weeks. It has made my routine noticeably easier. The setup was painless. Overall, I am satisfied with the purchase. There are still a few minor details that could be improved.",positive
This product has been part of my regular routine for a while. It performs reliably when I need it.,positive
"This product has been part of my regular routine for a while. There are useful aspects, but there are also some limitations. The product is adequate for straightforward use.",neutral
I bought this product to see how well it would fit my everyday needs. The setup was quick and straightforward. I have had no reason to complain about its reliability. The product feels well made. There are still a few minor details that could be improved.,positive
"After using the product for some time, I can comment on how it performs. The product feels thoughtfully designed.",positive
"After using the product for some time, I can comment on how it performs. I have not had any meaningful problems with it. The setup was painless. The overall experience has been better than I anticipated.",positive
I bought this gaming audio recently and have used it regularly. It has worked consistently without unexpected problems. I have had no reason to complain about its reliability. I am happy with how it has performed.,positive
"After using the product for some time, I can comment on how it performs. I have not found anything particularly impressive about it. There are a few areas where refinement would help. It is a reasonable choice for basic requirements.",neutral
I have been using this fragrance product for a few weeks. Some important functions have not worked properly. The product does not inspire much confidence. I do not think I would purchase it again.,negative
I bought this fragrance recently and have used it regularly. I have found it easy and comfortable to use. It does what I need without unnecessary complications. It has turned out to be a worthwhile purchase.,positive
I have been using this personal care product for a few weeks. The quality is better than I expected. I would choose this again over several alternatives.,positive
"After spending some time with this product, I have formed a fairly clear opinion. The product has remained reliable even after repeated use. I would choose this again over several alternatives.",positive
I have used this product in several everyday situations. Everything has continued working as expected. I would be comfortable recommending it.,positive
I bought this sportswear recently and have used it regularly. The product has both strengths and weaknesses. There are a few areas where refinement would help. There is still some room for improvement.,neutral
"After spending some time with this product, I have formed a fairly clear opinion. The experience has been fairly ordinary overall. The overall performance is acceptable for ordinary use. It is fine as long as expectations are realistic. Some parts are better than others.",neutral
I picked this product after looking at a few alternatives. Its main features have worked smoothly. The setup was painless. The overall experience has been better than I anticipated. I am happy with how it has performed.,positive
"After using the product for some time, I can comment on how it performs. The product has both strengths and weaknesses. The limitations are manageable for normal use. It has been usable so far, although some details could be refined.",neutral
"I picked this product after looking at a few alternatives. I have not found anything particularly impressive about it. The limitations are manageable for normal use. Overall, it is acceptable but not exceptional. Some parts are better than others.",neutral
I decided to try this ModeFit product after comparing several options. The overall quality is reasonable for the price. It is difficult to call the experience either excellent or poor. The product has both strengths and weaknesses. I would describe the experience as average.,neutral
I purchased this product mainly for its snacks features. The experience has been fairly ordinary overall. It is difficult to call the experience either excellent or poor.,neutral
I have used this product in several everyday situations. It meets the basic requirements without offering much beyond them. It performs roughly as I expected. Some parts are better than others.,neutral
I have used this product in several everyday situations. It performs roughly as I expected. The product is suitable if expectations remain reasonable. It is a reasonable choice for basic requirements.,neutral
This product has been part of my regular routine for a while. The product has remained reliable even after repeated use. It does what I need without unnecessary complications. I would choose this again over several alternatives.,positive
I gave this product a reasonable amount of use before writing this review. The product feels well made. The overall design feels practical. The overall experience has been better than I anticipated. I would be comfortable recommending it.,positive
I picked this product after looking at a few alternatives. I would describe the experience as acceptable rather than impressive. It is difficult to call the experience either excellent or poor. The overall performance is acceptable for ordinary use. Some parts are better than others.,neutral
I bought this product to see how well it would fit my everyday needs. The product has both strengths and weaknesses. The differences are noticeable but not severe. The product is suitable if expectations remain reasonable. I would consider other options before making another purchase.,neutral
I have been testing this product under normal conditions. It performs reliably when I need it. I am happy with how it has performed. There are still a few minor details that could be improved.,positive
I purchased this product mainly for its mobile features. The overall quality is reasonable for the price. Some parts are better than others.,neutral
"This product has been part of my regular routine for a while. It has been usable so far, although some details could be refined. It is difficult to call the experience either excellent or poor.",neutral
I decided to try this PaperTrail product after comparing several options. The overall performance is acceptable for ordinary use. The result is reasonably predictable. The product is neither particularly impressive nor disappointing. It is fine as long as expectations are realistic. Some parts are better than others.,neutral
"I gave this product a reasonable amount of use before writing this review. It gets the job done, but there is room for improvement. The differences are noticeable but not severe. The product is functional without being exceptional. I would consider other options before making another purchase.",neutral
I purchased this product mainly for its breakfast features. The product has both strengths and weaknesses. The differences are noticeable but not severe. The product is neither particularly impressive nor disappointing.,neutral
"After using the product for some time, I can comment on how it performs. It performs roughly as I expected. It is difficult to call the experience either excellent or poor. Overall, it is acceptable but not exceptional.",neutral
"I bought this accessories recently and have used it regularly. Nothing is seriously wrong, but I would not call it outstanding. It is a reasonable choice for basic requirements.",neutral
I purchased this product mainly for its running features. The product is functional without being exceptional. There are a few areas where refinement would help.,neutral
"After using the product for some time, I can comment on how it performs. The product is suitable if expectations remain reasonable. The limitations are manageable for normal use. It is fine as long as expectations are realistic.",neutral
This product has been part of my regular routine for a while. It has made my routine noticeably easier. It has been dependable from the beginning. I am happy with how it has performed.,positive
"I have been using this technology product for a few weeks. The product feels thoughtfully designed. It does what I need without unnecessary complications. Overall, I am satisfied with the purchase.",positive
I bought this controller recently and have used it regularly. The product feels well made. It does what I need without unnecessary complications. I would be comfortable recommending it. There are still a few minor details that could be improved.,positive
This product has been part of my regular routine for a while. Everything has continued working as expected. I barely needed any time to get used to it. I can depend on it for regular use.,positive
I bought this gaming audio recently and have used it regularly. The product has both strengths and weaknesses. It is difficult to call the experience either excellent or poor. I would describe the experience as acceptable rather than impressive. I would describe the experience as average.,neutral
"After using the product for some time, I can comment on how it performs. The overall experience has been better than I anticipated. I barely needed any time to get used to it.",positive
I have used this product in several everyday situations. I have found it easy and comfortable to use.,positive
This product has been part of my regular routine for a while. The product is functional without being exceptional. It is difficult to call the experience either excellent or poor.,neutral
I picked this product after looking at a few alternatives. I would describe the experience as acceptable rather than impressive. The product is adequate for straightforward use. I would describe the experience as average.,neutral
I decided to try this NovaTech product after comparing several options. The product is suitable if expectations remain reasonable. It is difficult to call the experience either excellent or poor. I have not found anything particularly impressive about it. It is fine as long as expectations are realistic.,neutral
This product has been part of my regular routine for a while. The product has both strengths and weaknesses. It is difficult to call the experience either excellent or poor. I would describe the experience as average.,neutral
I picked this product after looking at a few alternatives. The product handles its main tasks very well. The overall design feels practical. The quality is better than I expected.,positive
"I gave this product a reasonable amount of use before writing this review. Nothing is seriously wrong, but I would not call it outstanding. The result is reasonably predictable. The product is neither particularly impressive nor disappointing.",neutral
"After spending some time with this product, I have formed a fairly clear opinion. The overall experience has been better than I anticipated. The overall design feels practical. I am happy with how it has performed.",positive
I have been using this men product for a few weeks. It handles the basic job adequately. The limitations are manageable for normal use. I would describe the experience as average.,neutral
"I decided to try this ModeFit product after comparing several options. The product works, although it does not stand out.",neutral
"I purchased this product mainly for its snacks features. There are useful aspects, but there are also some limitations. Overall, it is acceptable but not exceptional.",neutral
I purchased this product mainly for its controller features. The performance has remained dependable during regular use. It has handled regular use without difficulty. I would be comfortable recommending it. There are still a few minor details that could be improved.,positive
"I have used this product in several everyday situations. Nothing is seriously wrong, but I would not call it outstanding. Nothing is seriously wrong, but I would not call it outstanding. It is a reasonable choice for basic requirements.",neutral
I bought this audio recently and have used it regularly. The controls feel natural and easy to understand. I barely needed any time to get used to it. I would consider buying it again.,positive
I bought this product to see how well it would fit my everyday needs. It handles the basic job adequately. The product is adequate for straightforward use. It is a reasonable choice for basic requirements.,neutral
I gave this product a reasonable amount of use before writing this review. The product is suitable if expectations remain reasonable. The limitations are manageable for normal use. Some parts are better than others.,neutral
"I have been using this breakfast product for a few weeks. It has worked consistently without unexpected problems. Overall, I am satisfied with the purchase.",positive
I bought this product to see how well it would fit my everyday needs. It has worked consistently without unexpected problems. I have had no reason to complain about its reliability. I would choose this again over several alternatives.,positive
I have been using this packaged food product for a few weeks. Its main features have worked smoothly. It has handled regular use without difficulty. It has turned out to be a worthwhile purchase.,positive
I have been using this fitness product for a few weeks. The overall experience has been better than I anticipated. I have had no reason to complain about its reliability.,positive
"After spending some time with this product, I have formed a fairly clear opinion. The experience has been fairly ordinary overall. The strengths and weaknesses are fairly balanced. It is fine as long as expectations are realistic.",neutral
I have used this product in several everyday situations. I have encountered several problems that were difficult to ignore. I would hesitate to recommend it.,negative
I bought this product to see how well it would fit my everyday needs. Its main features have worked smoothly. It has handled regular use without difficulty. The product has remained reliable even after repeated use.,positive
I decided to try this XCore product after comparing several options. The product feels thoughtfully designed. I have had no reason to complain about its reliability. It has turned out to be a worthwhile purchase.,positive
"This product has been part of my regular routine for a while. It gets the job done, but there is room for improvement. The strengths and weaknesses are fairly balanced.",neutral
"After using the product for some time, I can comment on how it performs. It has worked consistently without unexpected problems. The setup was painless.",positive
I have been using this controller product for a few weeks. The setup was quick and straightforward. The overall design feels practical.,positive
This product has been part of my regular routine for a while. The experience has been fairly ordinary overall. It is difficult to call the experience either excellent or poor. It handles the basic job adequately.,neutral
I bought this appliances recently and have used it regularly. The product has been a pleasant surprise. It has been dependable from the beginning. The performance has remained dependable during regular use.,positive
"I picked this product after looking at a few alternatives. It has been usable so far, although some details could be refined. The product is adequate for straightforward use. The overall quality is reasonable for the price. Some parts are better than others.",neutral
I picked this product after looking at a few alternatives. The product is suitable if expectations remain reasonable. It is difficult to call the experience either excellent or poor. I would consider other options before making another purchase. Some parts are better than others.,neutral
"I decided to try this BookHouse product after comparing several options. It gets the job done, but there is room for improvement. It handles the basic job adequately. Some parts are better than others.",neutral
"After using the product for some time, I can comment on how it performs. The product started showing problems after repeated use. The setup was more difficult than it needed to be. The actual performance falls short of its apparent potential. I would look at alternatives before buying it again.",negative
I gave this product a reasonable amount of use before writing this review. The experience has been fairly ordinary overall. It depends somewhat on what you expect from the product. The overall performance is acceptable for ordinary use.,neutral
I bought this product to see how well it would fit my everyday needs. The product has failed to perform consistently. The issues are especially noticeable during longer sessions. The product has failed to perform consistently.,negative
"After using the product for some time, I can comment on how it performs. The setup was quick and straightforward. The setup was painless. It has made my routine noticeably easier. I would consider buying it again.",positive
I have been testing this product under normal conditions. The actual performance falls short of its apparent potential. Some components already show signs of wear.,negative
"I bought this self help recently and have used it regularly. The product is suitable if expectations remain reasonable. The result is reasonably predictable. It has been usable so far, although some details could be refined. I would consider other options before making another purchase.",neutral
"I have been using this skincare product for a few weeks. There are useful aspects, but there are also some limitations. The differences are noticeable but not severe. I would consider other options before making another purchase.",neutral
This product has been part of my regular routine for a while. The experience has been more disappointing than satisfying. The issues are especially noticeable during longer sessions. I would hesitate to recommend it.,negative
I have been testing this product under normal conditions. The quality does not match what I expected for the price. The problems affect the overall experience. There is considerable room for improvement. One or two aspects of the product are still useful.,negative
"I have used this product in several everyday situations. It gets the job done, but there is room for improvement. It depends somewhat on what you expect from the product. Some parts work well while others are fairly average. It is a reasonable choice for basic requirements.",neutral
"I have been testing this product under normal conditions. The experience has been fairly ordinary overall. There are useful aspects, but there are also some limitations. Overall, it is acceptable but not exceptional.",neutral
"After using the product for some time, I can comment on how it performs. The product is functional without being exceptional. There are a few areas where refinement would help.",neutral
I bought this controller recently and have used it regularly. It meets the basic requirements without offering much beyond them. It is difficult to call the experience either excellent or poor.,neutral
I gave this product a reasonable amount of use before writing this review. The experience has been fairly ordinary overall. There are a few areas where refinement would help. It performs roughly as I expected. It is a reasonable choice for basic requirements.,neutral
"I decided to try this GoodFood product after comparing several options. It meets the basic requirements without offering much beyond them. The result is reasonably predictable. The product works, although it does not stand out.",neutral
I decided to try this DailyBasket product after comparing several options. There are several issues that make the product difficult to recommend. I would hesitate to recommend it.,negative
"I gave this product a reasonable amount of use before writing this review. Some parts work well while others are fairly average. There are a few areas where refinement would help. Nothing is seriously wrong, but I would not call it outstanding. Some parts are better than others.",neutral
I picked this product after looking at a few alternatives. The product is functional without being exceptional. There are a few areas where refinement would help. The experience has been fairly ordinary overall. It is a reasonable choice for basic requirements.,neutral
"I bought this makeup recently and have used it regularly. The product has remained reliable even after repeated use. I have had no reason to complain about its reliability. The product feels thoughtfully designed. Overall, I am satisfied with the purchase.",positive
I gave this product a reasonable amount of use before writing this review. The product feels thoughtfully designed. The setup was quick and straightforward. I am happy with how it has performed.,positive
I picked this product after looking at a few alternatives. The quality is better than I expected. The setup was painless. I would choose this again over several alternatives.,positive
I picked this product after looking at a few alternatives. The materials do not feel particularly durable. I would prefer a more reliable alternative. I have encountered several problems that were difficult to ignore. One or two aspects of the product are still useful.,negative
I have used this product in several everyday situations. The overall quality is reasonable for the price. The differences are noticeable but not severe. The experience has been fairly ordinary overall.,neutral
I picked this product after looking at a few alternatives. The overall performance is acceptable for ordinary use. I would consider other options before making another purchase.,neutral
I decided to try this NatureBest product after comparing several options. Some parts work well while others are fairly average. There are a few areas where refinement would help. It handles the basic job adequately. Some parts are better than others.,neutral
I gave this product a reasonable amount of use before writing this review. The quality does not match what I expected for the price. I would prefer a more reliable alternative. I would probably choose another option next time.,negative
I picked this product after looking at a few alternatives. It has worked consistently without unexpected problems. The overall design feels practical. I would choose this again over several alternatives.,positive
I gave this product a reasonable amount of use before writing this review. The product has been a pleasant surprise. I would be comfortable recommending it.,positive
I have been testing this product under normal conditions. The performance has remained dependable during regular use. I have not had any meaningful problems with it. I am happy with how it has performed.,positive
"I picked this product after looking at a few alternatives. There are useful aspects, but there are also some limitations. The differences are noticeable but not severe.",neutral
I have used this product in several everyday situations. I would describe the experience as acceptable rather than impressive. It is difficult to call the experience either excellent or poor.,neutral
I bought this product to see how well it would fit my everyday needs. It has worked consistently without unexpected problems. It has handled regular use without difficulty.,positive
I purchased this product mainly for its decor features. The experience has been fairly ordinary overall. The limitations are manageable for normal use.,neutral
I picked this product after looking at a few alternatives. The product feels well made. It has handled regular use without difficulty. The quality is better than I expected. I would be comfortable recommending it.,positive
"After using the product for some time, I can comment on how it performs. The product handles its main tasks very well. I would consider buying it again.",positive
I purchased this product mainly for its gaming audio features. The materials do not feel particularly durable. The setup was more difficult than it needed to be.,negative
This product has been part of my regular routine for a while. The product has both strengths and weaknesses. I would describe the experience as average.,neutral
I have been using this mobile product for a few weeks. I have found it easy and comfortable to use. The quality is better than I expected. I would choose this again over several alternatives.,positive
I purchased this product mainly for its men features. It has made my routine noticeably easier.,positive
"After using the product for some time, I can comment on how it performs. It gets the job done, but there is room for improvement. The differences are noticeable but not severe. I would consider other options before making another purchase.",neutral
I have used this product in several everyday situations. The overall performance is acceptable for ordinary use. The result is reasonably predictable.,neutral
I have been testing this product under normal conditions. I have found it easy and comfortable to use. I barely needed any time to get used to it. It has turned out to be a worthwhile purchase. There are still a few minor details that could be improved.,positive
I have used this product in several everyday situations. I would describe the experience as acceptable rather than impressive. It depends somewhat on what you expect from the product. It meets the basic requirements without offering much beyond them. I would describe the experience as average.,neutral
I bought this product to see how well it would fit my everyday needs. The controls feel natural and easy to understand. I have not had any meaningful problems with it.,positive
I have been testing this product under normal conditions. The quality is better than I expected. I have had no reason to complain about its reliability.,positive
This product has been part of my regular routine for a while. It performs roughly as I expected. The result is reasonably predictable. I would consider other options before making another purchase.,neutral
"After using the product for some time, I can comment on how it performs. The experience has been fairly ordinary overall. The product is adequate for straightforward use.",neutral
I have been testing this product under normal conditions. The product has both strengths and weaknesses. It depends somewhat on what you expect from the product. There is still some room for improvement.,neutral
I bought this product to see how well it would fit my everyday needs. I have experienced problems that should not occur during ordinary use. One or two aspects of the product are still useful.,negative
I have used this product in several everyday situations. The product has remained reliable even after repeated use. The overall design feels practical.,positive
I decided to try this PureCare product after comparing several options. I would hesitate to rely on this product for important tasks. I would prefer a more reliable alternative.,negative
I picked this product after looking at a few alternatives. The overall experience has been better than I anticipated. I have had no reason to complain about its reliability.,positive
"After spending some time with this product, I have formed a fairly clear opinion. Nothing is seriously wrong, but I would not call it outstanding. The product is suitable if expectations remain reasonable. Some parts are better than others.",neutral
I picked this product after looking at a few alternatives. The overall quality is reasonable for the price. The product has both strengths and weaknesses. There is still some room for improvement.,neutral
I have used this product in several everyday situations. Everything has continued working as expected. The overall design feels practical. The setup was quick and straightforward.,positive
"I have been testing this product under normal conditions. Nothing is seriously wrong, but I would not call it outstanding. It is difficult to call the experience either excellent or poor. I would describe the experience as average.",neutral
I bought this product to see how well it would fit my everyday needs. The quality is better than I expected. It has handled regular use without difficulty. I would consider buying it again.,positive
I have used this product in several everyday situations. I have encountered several problems that were difficult to ignore. I expected something more dependable. I would look at alternatives before buying it again.,negative
This product has been part of my regular routine for a while. I have not had any meaningful problems with it. The day-to-day experience has been smooth. I am happy with how it has performed. There are still a few minor details that could be improved.,positive
I gave this product a reasonable amount of use before writing this review. The experience has been fairly ordinary overall. It is a reasonable choice for basic requirements.,neutral
This product has been part of my regular routine for a while. The product feels thoughtfully designed. The setup was painless. There are still a few minor details that could be improved.,positive
I bought this product to see how well it would fit my everyday needs. Its main features have worked smoothly. The overall design feels practical. I would choose this again over several alternatives.,positive
I have been using this yoga product for a few weeks. The product handles its main tasks very well. It has handled regular use without difficulty. I would consider buying it again. There are still a few minor details that could be improved.,positive
"After spending some time with this product, I have formed a fairly clear opinion. The product started showing problems after repeated use. I have had to work around several shortcomings. The product started showing problems after repeated use. I would hesitate to recommend it.",negative
"After spending some time with this product, I have formed a fairly clear opinion. It has made my routine noticeably easier. The setup was painless. I have found it easy and comfortable to use. I would consider buying it again. There are still a few minor details that could be improved.",positive
I purchased this product mainly for its cricket features. The setup was quick and straightforward. It has been dependable from the beginning. The product feels well made.,positive
"I bought this science recently and have used it regularly. There are useful aspects, but there are also some limitations. It is difficult to call the experience either excellent or poor. The product works, although it does not stand out.",neutral
I have been using this gaming audio product for a few weeks. Everything has continued working as expected. It does what I need without unnecessary complications. Its main features have worked smoothly.,positive
"After using the product for some time, I can comment on how it performs. It has made my routine noticeably easier. The overall design feels practical. I have found it easy and comfortable to use.",positive
I have been using this kitchen product for a few weeks. The overall experience has been better than I anticipated. I have had no reason to complain about its reliability. It has turned out to be a worthwhile purchase.,positive
This product has been part of my regular routine for a while. The performance becomes inconsistent over longer periods. The setup was more difficult than it needed to be. The product has caused more frustration than I expected. There is considerable room for improvement.,negative
This product has been part of my regular routine for a while. It has worked consistently without unexpected problems. It does what I need without unnecessary complications.,positive
I bought this product to see how well it would fit my everyday needs. I have not found anything particularly impressive about it. There are a few areas where refinement would help. It is a reasonable choice for basic requirements.,neutral
I gave this product a reasonable amount of use before writing this review. I have found it easy and comfortable to use. The quality is better than I expected.,positive
"I have used this product in several everyday situations. The product handles its main tasks very well. I barely needed any time to get used to it. Overall, I am satisfied with the purchase.",positive
"I gave this product a reasonable amount of use before writing this review. It has been usable so far, although some details could be refined. The product is adequate for straightforward use. The overall quality is reasonable for the price.",neutral
"After using the product for some time, I can comment on how it performs. The setup was quick and straightforward. I have had no reason to complain about its reliability.",positive
I purchased this product mainly for its makeup features. The product started showing problems after repeated use. The issues are especially noticeable during longer sessions. The quality does not match what I expected for the price. One or two aspects of the product are still useful.,negative
"After spending some time with this product, I have formed a fairly clear opinion. Everything has continued working as expected. It has been dependable from the beginning. The setup was quick and straightforward.",positive
I decided to try this ActiveX product after comparing several options. I have encountered several problems that were difficult to ignore. The problems affect the overall experience. I would look at alternatives before buying it again.,negative
"After using the product for some time, I can comment on how it performs. It has worked consistently without unexpected problems. It does what I need without unnecessary complications. The quality is better than I expected.",positive
I gave this product a reasonable amount of use before writing this review. It performs reliably when I need it.,positive
"After spending some time with this product, I have formed a fairly clear opinion. Everything has continued working as expected. The quality is better than I expected. There are still a few minor details that could be improved.",positive
I bought this product to see how well it would fit my everyday needs. Some parts work well while others are fairly average. Some parts work well while others are fairly average. I would describe the experience as average.,neutral
I have used this product in several everyday situations. Some parts work well while others are fairly average. The limitations are manageable for normal use.,neutral
I purchased this product mainly for its science features. I have found it easy and comfortable to use. It does what I need without unnecessary complications. The overall experience has been better than I anticipated. I would consider buying it again.,positive
I have been testing this product under normal conditions. The overall performance is acceptable for ordinary use. It depends somewhat on what you expect from the product. The overall quality is reasonable for the price.,neutral
I decided to try this FreshChoice product after comparing several options. The product has both strengths and weaknesses. It depends somewhat on what you expect from the product. It handles the basic job adequately.,neutral
"After using the product for some time, I can comment on how it performs. I have found it easy and comfortable to use. The overall design feels practical. I have found it easy and comfortable to use.",positive
"After spending some time with this product, I have formed a fairly clear opinion. The overall performance is acceptable for ordinary use. It is difficult to call the experience either excellent or poor. The overall performance is acceptable for ordinary use.",neutral
"After spending some time with this product, I have formed a fairly clear opinion. I can depend on it for regular use. Overall, I am satisfied with the purchase.",positive
"After using the product for some time, I can comment on how it performs. Some parts work well while others are fairly average. There are a few areas where refinement would help. It handles the basic job adequately.",neutral
I bought this breakfast recently and have used it regularly. The product has caused more frustration than I expected. The problems affect the overall experience.,negative
This product has been part of my regular routine for a while. I have found it easy and comfortable to use. It performs reliably when I need it. It has turned out to be a worthwhile purchase.,positive
I have used this product in several everyday situations. Several aspects of the experience could be substantially better. I have had to work around several shortcomings.,negative
"I bought this mobile recently and have used it regularly. There are useful aspects, but there are also some limitations. There are a few areas where refinement would help. There are useful aspects, but there are also some limitations.",neutral
"After spending some time with this product, I have formed a fairly clear opinion. It meets the basic requirements without offering much beyond them. The result is reasonably predictable. The overall quality is reasonable for the price.",neutral
I have been using this kitchen product for a few weeks. The performance has remained dependable during regular use. The overall design feels practical. I have not had any meaningful problems with it.,positive
"After using the product for some time, I can comment on how it performs. It has made my routine noticeably easier. It has been dependable from the beginning. I have found it easy and comfortable to use.",positive
I purchased this product mainly for its packaged food features. It meets the basic requirements without offering much beyond them. There are a few areas where refinement would help. It is fine as long as expectations are realistic.,neutral
I gave this product a reasonable amount of use before writing this review. The performance has remained dependable during regular use. The setup was painless.,positive
I decided to try this ClassicWear product after comparing several options. Some parts work well while others are fairly average. There are a few areas where refinement would help.,neutral
I bought this product to see how well it would fit my everyday needs. It has made my routine noticeably easier. I barely needed any time to get used to it. It performs reliably when I need it.,positive
"After using the product for some time, I can comment on how it performs. The setup was quick and straightforward. The performance has remained dependable during regular use. It has turned out to be a worthwhile purchase. There are still a few minor details that could be improved.",positive
I decided to try this KnowledgeHub product after comparing several options. The product started showing problems after repeated use. The setup was more difficult than it needed to be. Several aspects of the experience could be substantially better. I would look at alternatives before buying it again.,negative
"After spending some time with this product, I have formed a fairly clear opinion. The quality is better than I expected. It has made my routine noticeably easier. There are still a few minor details that could be improved.",positive
I bought this yoga recently and have used it regularly. It meets the basic requirements without offering much beyond them. Some parts are better than others.,neutral
I purchased this product mainly for its mobile features. The overall quality is reasonable for the price.,neutral
I purchased this product mainly for its snacks features. The product is neither particularly impressive nor disappointing.,neutral
"After spending some time with this product, I have formed a fairly clear opinion. The product is neither particularly impressive nor disappointing. The strengths and weaknesses are fairly balanced.",neutral
I bought this product to see how well it would fit my everyday needs. Some important functions have not worked properly. The setup was more difficult than it needed to be. One or two aspects of the product are still useful.,negative
I picked this product after looking at a few alternatives. The product is functional without being exceptional. It handles the basic job adequately. I would describe the experience as average.,neutral
"After spending some time with this product, I have formed a fairly clear opinion. The overall experience has been better than I anticipated. It has handled regular use without difficulty.",positive
I decided to try this BeautyPlus product after comparing several options. Some components already show signs of wear. The setup was more difficult than it needed to be. The experience has been more disappointing than satisfying. I would look at alternatives before buying it again.,negative
I have used this product in several everyday situations. It performs roughly as I expected. There are a few areas where refinement would help. I would consider other options before making another purchase.,neutral
"I gave this product a reasonable amount of use before writing this review. I have found it easy and comfortable to use. I have had no reason to complain about its reliability. Overall, I am satisfied with the purchase.",positive
I have used this product in several everyday situations. The product is neither particularly impressive nor disappointing. There are a few areas where refinement would help.,neutral
"I bought this product to see how well it would fit my everyday needs. I would describe the experience as acceptable rather than impressive. It depends somewhat on what you expect from the product. It gets the job done, but there is room for improvement.",neutral
I have been using this yoga product for a few weeks. It has made my routine noticeably easier. The setup was painless. I have not had any meaningful problems with it.,positive
I gave this product a reasonable amount of use before writing this review. Everything has continued working as expected. It has handled regular use without difficulty.,positive
I bought this product to see how well it would fit my everyday needs. The quality does not match what I expected for the price. I would look at alternatives before buying it again.,negative
I have used this product in several everyday situations. The product has been a pleasant surprise. I am happy with how it has performed.,positive
I have used this product in several everyday situations. It has worked consistently without unexpected problems. It has been dependable from the beginning.,positive
I picked this product after looking at a few alternatives. The product has been a pleasant surprise. The day-to-day experience has been smooth. The product handles its main tasks very well. I would choose this again over several alternatives.,positive
I bought this packaged food recently and have used it regularly. Some parts work well while others are fairly average. The product is adequate for straightforward use. It is a reasonable choice for basic requirements.,neutral
"I picked this product after looking at a few alternatives. There are useful aspects, but there are also some limitations. It depends somewhat on what you expect from the product. There are useful aspects, but there are also some limitations. It is a reasonable choice for basic requirements.",neutral
"I have been using this technology product for a few weeks. The product works, although it does not stand out. Overall, it is acceptable but not exceptional.",neutral
I bought this product to see how well it would fit my everyday needs. The overall experience has been better than I anticipated. It has handled regular use without difficulty.,positive
"I have been testing this product under normal conditions. The product works, although it does not stand out. It is difficult to call the experience either excellent or poor. It is a reasonable choice for basic requirements. Some parts are better than others.",neutral
This product has been part of my regular routine for a while. I have found it easy and comfortable to use. It has been dependable from the beginning. The product feels well made. I would be comfortable recommending it. There are still a few minor details that could be improved.,positive
"I have been testing this product under normal conditions. The product works, although it does not stand out. The limitations are manageable for normal use. I would consider other options before making another purchase.",neutral
I decided to try this SportMax product after comparing several options. The quality is better than I expected. It has handled regular use without difficulty. I would consider buying it again.,positive
"I decided to try this NovaTech product after comparing several options. The overall quality is reasonable for the price. It has been usable so far, although some details could be refined. Overall, it is acceptable but not exceptional. Some parts are better than others.",neutral
I have been testing this product under normal conditions. I have experienced problems that should not occur during ordinary use. The product has become unreliable during normal use. I expected better overall reliability.,negative
"I have been using this snacks product for a few weeks. It has been usable so far, although some details could be refined. It depends somewhat on what you expect from the product. I have not found anything particularly impressive about it.",neutral
I bought this smart home recently and have used it regularly. The setup was quick and straightforward. It has been dependable from the beginning.,positive
I have used this product in several everyday situations. The controls feel natural and easy to understand. The overall design feels practical. It performs reliably when I need it. I would consider buying it again.,positive
I decided to try this DailyBasket product after comparing several options. The product has remained reliable even after repeated use. I would consider buying it again.,positive
"After spending some time with this product, I have formed a fairly clear opinion. The experience has been fairly ordinary overall. The strengths and weaknesses are fairly balanced.",neutral
"After spending some time with this product, I have formed a fairly clear opinion. I would describe the experience as acceptable rather than impressive. The limitations are manageable for normal use. It gets the job done, but there is room for improvement. There is still some room for improvement.",neutral
"After spending some time with this product, I have formed a fairly clear opinion. It performs roughly as I expected. The strengths and weaknesses are fairly balanced. Overall, it is acceptable but not exceptional.",neutral
"After using the product for some time, I can comment on how it performs. It gets the job done, but there is room for improvement. The differences are noticeable but not severe. It gets the job done, but there is room for improvement.",neutral
I bought this product to see how well it would fit my everyday needs. It performs roughly as I expected. There is still some room for improvement.,neutral
I have used this product in several everyday situations. Some parts work well while others are fairly average. The strengths and weaknesses are fairly balanced. It is a reasonable choice for basic requirements.,neutral
I decided to try this Harvest product after comparing several options. I have found it easy and comfortable to use. I have had no reason to complain about its reliability. I would choose this again over several alternatives.,positive
"I gave this product a reasonable amount of use before writing this review. The product works, although it does not stand out. It is fine as long as expectations are realistic. Some parts are better than others.",neutral
"I have used this product in several everyday situations. Nothing is seriously wrong, but I would not call it outstanding. It depends somewhat on what you expect from the product. Overall, it is acceptable but not exceptional.",neutral
"I have been testing this product under normal conditions. It meets the basic requirements without offering much beyond them. It is difficult to call the experience either excellent or poor. Overall, it is acceptable but not exceptional.",neutral
I have used this product in several everyday situations. I have found it easy and comfortable to use. I have had no reason to complain about its reliability. It performs reliably when I need it.,positive
"This product has been part of my regular routine for a while. Everything has continued working as expected. I have found it easy and comfortable to use. Overall, I am satisfied with the purchase.",positive
"I decided to try this ReadWell product after comparing several options. There are useful aspects, but there are also some limitations. It is difficult to call the experience either excellent or poor. Some parts are better than others.",neutral
This product has been part of my regular routine for a while. The product feels thoughtfully designed. The setup was painless. I would choose this again over several alternatives.,positive
I bought this packaged food recently and have used it regularly. The product is functional without being exceptional. The product is adequate for straightforward use.,neutral
"I picked this product after looking at a few alternatives. It gets the job done, but there is room for improvement. There are a few areas where refinement would help. Overall, it is acceptable but not exceptional.",neutral
"After spending some time with this product, I have formed a fairly clear opinion. The experience has been more disappointing than satisfying. I would hesitate to rely on this product for important tasks.",negative
I have been using this smart home product for a few weeks. The overall quality is reasonable for the price. There are a few areas where refinement would help. The experience has been fairly ordinary overall. I would describe the experience as average. Some parts are better than others.,neutral
I purchased this product mainly for its running features. I have found it easy and comfortable to use. The product handles its main tasks very well. There are still a few minor details that could be improved.,positive
"I decided to try this NatureBest product after comparing several options. Its main features have worked smoothly. Overall, I am satisfied with the purchase.",positive
"After using the product for some time, I can comment on how it performs. The product has remained reliable even after repeated use. The overall design feels practical.",positive
"After spending some time with this product, I have formed a fairly clear opinion. It gets the job done, but there is room for improvement. It is difficult to call the experience either excellent or poor. I would consider other options before making another purchase.",neutral
"I bought this product to see how well it would fit my everyday needs. The product is neither particularly impressive nor disappointing. The limitations are manageable for normal use. The product works, although it does not stand out.",neutral
"I purchased this product mainly for its fragrance features. It has been usable so far, although some details could be refined. I would consider other options before making another purchase.",neutral
"After using the product for some time, I can comment on how it performs. The product feels well made. It has been dependable from the beginning. I would choose this again over several alternatives.",positive
I gave this product a reasonable amount of use before writing this review. I have had trouble depending on it for regular use. I would prefer a more reliable alternative. I would probably choose another option next time. One or two aspects of the product are still useful.,negative
"I picked this product after looking at a few alternatives. The product works, although it does not stand out. The product is neither particularly impressive nor disappointing.",neutral
I gave this product a reasonable amount of use before writing this review. The product has failed to perform consistently. The problems became more noticeable with continued use. There is considerable room for improvement.,negative
"I have used this product in several everyday situations. Nothing is seriously wrong, but I would not call it outstanding. It is a reasonable choice for basic requirements.",neutral
I bought this product to see how well it would fit my everyday needs. It has made my routine noticeably easier. It does what I need without unnecessary complications. I would be comfortable recommending it.,positive
"After using the product for some time, I can comment on how it performs. The overall experience has been better than I anticipated. The overall design feels practical. The product feels well made.",positive
"I purchased this product mainly for its outdoor features. I would describe the experience as acceptable rather than impressive. The result is reasonably predictable. The product works, although it does not stand out. It is fine as long as expectations are realistic.",neutral
I gave this product a reasonable amount of use before writing this review. The overall experience has been better than I anticipated. I barely needed any time to get used to it. The overall experience has been better than I anticipated. There are still a few minor details that could be improved.,positive
"I bought this product to see how well it would fit my everyday needs. The setup was quick and straightforward. I barely needed any time to get used to it. It has worked consistently without unexpected problems. Overall, I am satisfied with the purchase.",positive
"After spending some time with this product, I have formed a fairly clear opinion. The product feels thoughtfully designed. The setup was painless.",positive
I gave this product a reasonable amount of use before writing this review. I have had trouble depending on it for regular use. The product does not inspire much confidence. The quality does not match what I expected for the price.,negative
I purchased this product mainly for its storage features. I would describe the experience as acceptable rather than impressive. The result is reasonably predictable.,neutral
"I have been testing this product under normal conditions. Nothing is seriously wrong, but I would not call it outstanding. I would describe the experience as acceptable rather than impressive.",neutral
I bought this console recently and have used it regularly. The product handles its main tasks very well. The overall design feels practical.,positive
I purchased this product mainly for its snacks features. The product handles its main tasks very well. It does what I need without unnecessary complications.,positive
"After using the product for some time, I can comment on how it performs. The product handles its main tasks very well. The day-to-day experience has been smooth. The product handles its main tasks very well.",positive
"After using the product for some time, I can comment on how it performs. The product handles its main tasks very well. It does what I need without unnecessary complications. I have not had any meaningful problems with it.",positive
I have been using this storage product for a few weeks. The product has both strengths and weaknesses. I would describe the experience as average.,neutral
"I have used this product in several everyday situations. It has been usable so far, although some details could be refined. The product is adequate for straightforward use. It meets the basic requirements without offering much beyond them.",neutral
I have used this product in several everyday situations. It performs reliably when I need it.,positive
"After spending some time with this product, I have formed a fairly clear opinion. The product feels well made. Overall, I am satisfied with the purchase.",positive
I bought this product to see how well it would fit my everyday needs. I have not had any meaningful problems with it. The overall design feels practical.,positive
I bought this science recently and have used it regularly. The actual performance falls short of its apparent potential.,negative
I have been using this kitchen product for a few weeks. The product feels well made. The product feels well made.,positive
I bought this running recently and have used it regularly. The controls feel natural and easy to understand. The overall design feels practical. I have not had any meaningful problems with it.,positive
I bought this product to see how well it would fit my everyday needs. The product has become unreliable during normal use. I expected something more dependable. There are several issues that make the product difficult to recommend.,negative
This product has been part of my regular routine for a while. I have not had any meaningful problems with it. The setup was painless. It has worked consistently without unexpected problems. It has turned out to be a worthwhile purchase.,positive
"After using the product for some time, I can comment on how it performs. The product has been a pleasant surprise. It has made my routine noticeably easier. I would choose this again over several alternatives.",positive
"I purchased this product mainly for its fragrance features. Nothing is seriously wrong, but I would not call it outstanding. The result is reasonably predictable. It is fine as long as expectations are realistic.",neutral
This product has been part of my regular routine for a while. Its main features have worked smoothly. It has been dependable from the beginning. It performs reliably when I need it. It has turned out to be a worthwhile purchase.,positive
I bought this games recently and have used it regularly. The product is suitable if expectations remain reasonable. The product is adequate for straightforward use. Some parts work well while others are fairly average. I would consider other options before making another purchase.,neutral
I have been testing this product under normal conditions. The product has been a pleasant surprise. The day-to-day experience has been smooth.,positive
"After using the product for some time, I can comment on how it performs. Everything has continued working as expected. The product has remained reliable even after repeated use.",positive
"I purchased this product mainly for its mobile features. The product is suitable if expectations remain reasonable. The product is adequate for straightforward use. The product works, although it does not stand out.",neutral
"I bought this product to see how well it would fit my everyday needs. Nothing is seriously wrong, but I would not call it outstanding. It depends somewhat on what you expect from the product. It has been usable so far, although some details could be refined. It is a reasonable choice for basic requirements.",neutral
I have been testing this product under normal conditions. The product handles its main tasks very well. It has handled regular use without difficulty. The quality is better than I expected. I would choose this again over several alternatives.,positive
I have been testing this product under normal conditions. The product is neither particularly impressive nor disappointing. The limitations are manageable for normal use.,neutral
I have been using this organic product for a few weeks. Several aspects of the experience could be substantially better. The setup was more difficult than it needed to be. One or two aspects of the product are still useful.,negative
"After spending some time with this product, I have formed a fairly clear opinion. It meets the basic requirements without offering much beyond them. It is difficult to call the experience either excellent or poor.",neutral
"After using the product for some time, I can comment on how it performs. I can depend on it for regular use. The overall experience has been better than I anticipated. I would consider buying it again.",positive
"I have been testing this product under normal conditions. It gets the job done, but there is room for improvement. The limitations are manageable for normal use. It meets the basic requirements without offering much beyond them. It is fine as long as expectations are realistic.",neutral
"This product has been part of my regular routine for a while. It has been usable so far, although some details could be refined. The differences are noticeable but not severe. It has been usable so far, although some details could be refined.",neutral
I decided to try this NatureBest product after comparing several options. The product has failed to perform consistently. The problems affect the overall experience.,negative
"After spending some time with this product, I have formed a fairly clear opinion. There are several issues that make the product difficult to recommend. I expected something more dependable. I expected better overall reliability.",negative
"I have been testing this product under normal conditions. Nothing is seriously wrong, but I would not call it outstanding. The strengths and weaknesses are fairly balanced. Some parts are better than others.",neutral
I bought this product to see how well it would fit my everyday needs. It has worked consistently without unexpected problems. The setup was painless. I have not had any meaningful problems with it.,positive
I bought this outdoor recently and have used it regularly. Everything has continued working as expected. The day-to-day experience has been smooth.,positive
I have been testing this product under normal conditions. The setup was quick and straightforward. It has been dependable from the beginning. Everything has continued working as expected. I would choose this again over several alternatives.,positive
I have been using this packaged food product for a few weeks. Some parts work well while others are fairly average. The strengths and weaknesses are fairly balanced. The product is functional without being exceptional. It is fine as long as expectations are realistic.,neutral
I bought this product to see how well it would fit my everyday needs. The product has both strengths and weaknesses. The product is adequate for straightforward use. I have not found anything particularly impressive about it. Some parts are better than others.,neutral
I have used this product in several everyday situations. The product is suitable if expectations remain reasonable.,neutral
I have used this product in several everyday situations. It handles the basic job adequately. It is a reasonable choice for basic requirements.,neutral
This product has been part of my regular routine for a while. The product is functional without being exceptional. There are a few areas where refinement would help. I would consider other options before making another purchase.,neutral
This product has been part of my regular routine for a while. Everything has continued working as expected. I have had no reason to complain about its reliability. I would choose this again over several alternatives.,positive
I bought this audio recently and have used it regularly. The product is neither particularly impressive nor disappointing. The overall performance is acceptable for ordinary use. I would describe the experience as average.,neutral
I have been testing this product under normal conditions. It has worked consistently without unexpected problems. The setup was quick and straightforward.,positive
I have been testing this product under normal conditions. It performs reliably when I need it. It has handled regular use without difficulty. I would choose this again over several alternatives.,positive
I bought this controller recently and have used it regularly. The product handles its main tasks very well. It has handled regular use without difficulty. It performs reliably when I need it.,positive
"After spending some time with this product, I have formed a fairly clear opinion. I have found it easy and comfortable to use. I have found it easy and comfortable to use. I would choose this again over several alternatives.",positive
I gave this product a reasonable amount of use before writing this review. The product handles its main tasks very well. Its main features have worked smoothly.,positive
"I gave this product a reasonable amount of use before writing this review. I would describe the experience as acceptable rather than impressive. The result is reasonably predictable. It gets the job done, but there is room for improvement. There is still some room for improvement.",neutral
I bought this accessories recently and have used it regularly. The product feels thoughtfully designed. It does what I need without unnecessary complications. The product feels well made. I would consider buying it again.,positive
"After spending some time with this product, I have formed a fairly clear opinion. Nothing is seriously wrong, but I would not call it outstanding. The product works, although it does not stand out. I would consider other options before making another purchase.",neutral
I bought this product to see how well it would fit my everyday needs. I would hesitate to rely on this product for important tasks. The problems became more noticeable with continued use. I would probably choose another option next time.,negative
"After using the product for some time, I can comment on how it performs. The product has remained reliable even after repeated use. I barely needed any time to get used to it.",positive
"I bought this product to see how well it would fit my everyday needs. Some parts work well while others are fairly average. The product is adequate for straightforward use. Overall, it is acceptable but not exceptional. Some parts are better than others.",neutral
"I bought this product to see how well it would fit my everyday needs. The performance has remained dependable during regular use. It does what I need without unnecessary complications. Overall, I am satisfied with the purchase.",positive
"After using the product for some time, I can comment on how it performs. It has been usable so far, although some details could be refined. It is difficult to call the experience either excellent or poor. It gets the job done, but there is room for improvement. It is a reasonable choice for basic requirements.",neutral
"I have been using this yoga product for a few weeks. The product has both strengths and weaknesses. The result is reasonably predictable. Overall, it is acceptable but not exceptional.",neutral
I purchased this product mainly for its science features. The product has both strengths and weaknesses.,neutral
I purchased this product mainly for its technology features. I can depend on it for regular use.,positive
I purchased this product mainly for its science features. The product started showing problems after repeated use. The quality does not match what I expected for the price.,negative
"After using the product for some time, I can comment on how it performs. The product feels well made. It has been dependable from the beginning. The overall experience has been better than I anticipated. I would be comfortable recommending it.",positive
This product has been part of my regular routine for a while. The product feels well made. It has handled regular use without difficulty. It has turned out to be a worthwhile purchase.,positive
I have been using this self help product for a few weeks. I have not had any meaningful problems with it. The product handles its main tasks very well. There are still a few minor details that could be improved.,positive
I picked this product after looking at a few alternatives. The product has been a pleasant surprise. I would be comfortable recommending it. There are still a few minor details that could be improved.,positive
"I picked this product after looking at a few alternatives. It gets the job done, but there is room for improvement. It depends somewhat on what you expect from the product. It gets the job done, but there is room for improvement.",neutral
I picked this product after looking at a few alternatives. The overall experience has been better than I anticipated. It has made my routine noticeably easier.,positive
I decided to try this TechPro product after comparing several options. The product has not been as dependable as I needed. The product has caused more frustration than I expected.,negative
"After using the product for some time, I can comment on how it performs. It performs reliably when I need it. The setup was painless. I would be comfortable recommending it.",positive
I bought this furniture recently and have used it regularly. The overall quality is reasonable for the price. The result is reasonably predictable. It is fine as long as expectations are realistic.,neutral
I gave this product a reasonable amount of use before writing this review. The product has been a pleasant surprise.,positive
I have been using this furniture product for a few weeks. The quality is better than I expected. I have had no reason to complain about its reliability. I am happy with how it has performed.,positive
I gave this product a reasonable amount of use before writing this review. The quality is better than I expected. The product feels well made. It has turned out to be a worthwhile purchase.,positive
I purchased this product mainly for its console features. The product has both strengths and weaknesses. The limitations are manageable for normal use. It meets the basic requirements without offering much beyond them. It is fine as long as expectations are realistic.,neutral
"After using the product for some time, I can comment on how it performs. The product handles its main tasks very well. The product has remained reliable even after repeated use. Overall, I am satisfied with the purchase.",positive
"After spending some time with this product, I have formed a fairly clear opinion. There are useful aspects, but there are also some limitations. The result is reasonably predictable. I would consider other options before making another purchase. Some parts are better than others.",neutral
I have been testing this product under normal conditions. Some parts work well while others are fairly average. I would consider other options before making another purchase.,neutral
"After using the product for some time, I can comment on how it performs. Some parts work well while others are fairly average. It is fine as long as expectations are realistic.",neutral
"After using the product for some time, I can comment on how it performs. It has worked consistently without unexpected problems. Its main features have worked smoothly. I would consider buying it again.",positive
"I bought this packaged food recently and have used it regularly. There are useful aspects, but there are also some limitations. The strengths and weaknesses are fairly balanced. I would consider other options before making another purchase.",neutral
I picked this product after looking at a few alternatives. I have not had any meaningful problems with it. I have found it easy and comfortable to use. There are still a few minor details that could be improved.,positive
I picked this product after looking at a few alternatives. The materials do not feel particularly durable. The product does not inspire much confidence. There is considerable room for improvement.,negative
I have been testing this product under normal conditions. The product has caused more frustration than I expected. I would hesitate to recommend it.,negative
I bought this product to see how well it would fit my everyday needs. Everything has continued working as expected. The overall design feels practical. I have found it easy and comfortable to use. There are still a few minor details that could be improved.,positive
"I bought this storage recently and have used it regularly. The product works, although it does not stand out. The strengths and weaknesses are fairly balanced. The product is neither particularly impressive nor disappointing.",neutral
This product has been part of my regular routine for a while. I can depend on it for regular use. I am happy with how it has performed.,positive
I decided to try this TechPro product after comparing several options. The product has become unreliable during normal use.,negative
I have used this product in several everyday situations. I have found it easy and comfortable to use. I have had no reason to complain about its reliability. The quality is better than I expected.,positive
I decided to try this Casa product after comparing several options. The product feels thoughtfully designed. I barely needed any time to get used to it. There are still a few minor details that could be improved.,positive
I have been using this sportswear product for a few weeks. The overall experience has been better than I anticipated. I barely needed any time to get used to it.,positive
"I have used this product in several everyday situations. There are useful aspects, but there are also some limitations. The product is suitable if expectations remain reasonable. There is still some room for improvement.",neutral
I have used this product in several everyday situations. Some parts work well while others are fairly average. The strengths and weaknesses are fairly balanced. It is fine as long as expectations are realistic.,neutral
This product has been part of my regular routine for a while. The product has been a pleasant surprise. The day-to-day experience has been smooth.,positive
I bought this mobile recently and have used it regularly. The product has both strengths and weaknesses.,neutral
I bought this product to see how well it would fit my everyday needs. Everything has continued working as expected. The setup was painless.,positive
"After spending some time with this product, I have formed a fairly clear opinion. Nothing is seriously wrong, but I would not call it outstanding. The product is adequate for straightforward use.",neutral
I have used this product in several everyday situations. The controls feel natural and easy to understand. It has turned out to be a worthwhile purchase.,positive
I purchased this product mainly for its men features. It performs reliably when I need it. The setup was painless.,positive
I have been testing this product under normal conditions. I have not had any meaningful problems with it. The overall design feels practical. There are still a few minor details that could be improved.,positive
This product has been part of my regular routine for a while. I have had trouble depending on it for regular use. I expected something more dependable. The actual performance falls short of its apparent potential. I expected better overall reliability.,negative
I bought this product to see how well it would fit my everyday needs. The product feels thoughtfully designed. I would consider buying it again.,positive
"After using the product for some time, I can comment on how it performs. The product feels thoughtfully designed. I barely needed any time to get used to it. There are still a few minor details that could be improved.",positive
"I bought this outdoor recently and have used it regularly. The product is suitable if expectations remain reasonable. It depends somewhat on what you expect from the product. There are useful aspects, but there are also some limitations. Overall, it is acceptable but not exceptional.",neutral
"I have been using this cricket product for a few weeks. The overall quality is reasonable for the price. Overall, it is acceptable but not exceptional.",neutral
This product has been part of my regular routine for a while. The product has caused more frustration than I expected. I do not think I would purchase it again.,negative
I have been testing this product under normal conditions. The product is functional without being exceptional. The limitations are manageable for normal use. The product has both strengths and weaknesses.,neutral
This product has been part of my regular routine for a while. Some important functions have not worked properly. I expected something more dependable. There are several issues that make the product difficult to recommend.,negative
"I picked this product after looking at a few alternatives. It has been usable so far, although some details could be refined. The differences are noticeable but not severe. Overall, it is acceptable but not exceptional.",neutral
"I bought this product to see how well it would fit my everyday needs. The product has both strengths and weaknesses. The differences are noticeable but not severe. The product is neither particularly impressive nor disappointing. Overall, it is acceptable but not exceptional.",neutral
I bought this beverages recently and have used it regularly. I would describe the experience as acceptable rather than impressive. It depends somewhat on what you expect from the product. It performs roughly as I expected. There is still some room for improvement.,neutral
I purchased this product mainly for its footwear features. The overall quality is reasonable for the price. It depends somewhat on what you expect from the product. The product has both strengths and weaknesses.,neutral
I gave this product a reasonable amount of use before writing this review. The product has been a pleasant surprise. I have had no reason to complain about its reliability. The controls feel natural and easy to understand. I would choose this again over several alternatives.,positive
"After using the product for some time, I can comment on how it performs. Its main features have worked smoothly. The setup was painless. There are still a few minor details that could be improved.",positive
I decided to try this NovaTech product after comparing several options. The product is neither particularly impressive nor disappointing. The limitations are manageable for normal use. The product is neither particularly impressive nor disappointing. I would consider other options before making another purchase.,neutral
I have been testing this product under normal conditions. I have not found anything particularly impressive about it. It is difficult to call the experience either excellent or poor. I would describe the experience as average. Some parts are better than others.,neutral
"After using the product for some time, I can comment on how it performs. The overall performance is acceptable for ordinary use. There are a few areas where refinement would help.",neutral
I purchased this product mainly for its business features. The experience has been fairly ordinary overall. It is fine as long as expectations are realistic.,neutral
I have been testing this product under normal conditions. It performs roughly as I expected. The differences are noticeable but not severe. There is still some room for improvement.,neutral
I gave this product a reasonable amount of use before writing this review. The product handles its main tasks very well. I am happy with how it has performed.,positive
I bought this decor recently and have used it regularly. The experience has been fairly ordinary overall. The product is adequate for straightforward use.,neutral
I have been testing this product under normal conditions. The product has remained reliable even after repeated use. The setup was painless.,positive
I picked this product after looking at a few alternatives. Its main features have worked smoothly. It does what I need without unnecessary complications. I would choose this again over several alternatives.,positive
"After spending some time with this product, I have formed a fairly clear opinion. The product is functional without being exceptional. Nothing is seriously wrong, but I would not call it outstanding.",neutral
"After using the product for some time, I can comment on how it performs. The quality is better than I expected. It does what I need without unnecessary complications. I would choose this again over several alternatives. There are still a few minor details that could be improved.",positive
I bought this product to see how well it would fit my everyday needs. The product has remained reliable even after repeated use. The overall design feels practical. I would be comfortable recommending it.,positive
I decided to try this ReadWell product after comparing several options. The product handles its main tasks very well. The setup was painless. I would choose this again over several alternatives.,positive
"I purchased this product mainly for its kitchen features. I have not found anything particularly impressive about it. The overall performance is acceptable for ordinary use. Overall, it is acceptable but not exceptional.",neutral
I have used this product in several everyday situations. The overall quality is reasonable for the price. The limitations are manageable for normal use. The product is neither particularly impressive nor disappointing. It is fine as long as expectations are realistic.,neutral
I decided to try this PageTurner product after comparing several options. The setup was quick and straightforward. I would be comfortable recommending it.,positive
"After using the product for some time, I can comment on how it performs. Its main features have worked smoothly. The setup was painless. The product has been a pleasant surprise. I would consider buying it again.",positive
I gave this product a reasonable amount of use before writing this review. The product has been a pleasant surprise. It has turned out to be a worthwhile purchase.,positive
I gave this product a reasonable amount of use before writing this review. The product handles its main tasks very well. I have had no reason to complain about its reliability.,positive
This product has been part of my regular routine for a while. The overall experience has been better than I anticipated.,positive
"After using the product for some time, I can comment on how it performs. I have found it easy and comfortable to use.",positive
I decided to try this HomeCraft product after comparing several options. The product is suitable if expectations remain reasonable. It depends somewhat on what you expect from the product.,neutral
I have used this product in several everyday situations. The overall performance is acceptable for ordinary use. I would describe the experience as acceptable rather than impressive.,neutral
I purchased this product mainly for its laptop features. The product feels thoughtfully designed. The quality is better than I expected.,positive
"This product has been part of my regular routine for a while. It has been usable so far, although some details could be refined. The result is reasonably predictable. The overall performance is acceptable for ordinary use. It is fine as long as expectations are realistic.",neutral
I have been using this smart home product for a few weeks. I would describe the experience as acceptable rather than impressive.,neutral
"After using the product for some time, I can comment on how it performs. The product feels well made. I barely needed any time to get used to it.",positive
I bought this product to see how well it would fit my everyday needs. The product has both strengths and weaknesses. It is difficult to call the experience either excellent or poor. It is a reasonable choice for basic requirements.,neutral
"After using the product for some time, I can comment on how it performs. The experience has been fairly ordinary overall. Some parts are better than others.",neutral
I bought this product to see how well it would fit my everyday needs. The product is suitable if expectations remain reasonable. The result is reasonably predictable.,neutral
"After using the product for some time, I can comment on how it performs. I would describe the experience as acceptable rather than impressive. The overall performance is acceptable for ordinary use. I would consider other options before making another purchase.",neutral
I decided to try this NovaTech product after comparing several options. Everything has continued working as expected. It has been dependable from the beginning. I am happy with how it has performed.,positive
I bought this console recently and have used it regularly. I have not found anything particularly impressive about it. The result is reasonably predictable. I have not found anything particularly impressive about it. It is a reasonable choice for basic requirements.,neutral
"I bought this product to see how well it would fit my everyday needs. The product feels thoughtfully designed. The setup was painless. The product has been a pleasant surprise. Overall, I am satisfied with the purchase.",positive
"After spending some time with this product, I have formed a fairly clear opinion. The controls feel natural and easy to understand. The day-to-day experience has been smooth.",positive
"After spending some time with this product, I have formed a fairly clear opinion. Several aspects of the experience could be substantially better. I have had to work around several shortcomings.",negative
I have been using this audio product for a few weeks. It performs reliably when I need it. The overall design feels practical. I would choose this again over several alternatives.,positive
This product has been part of my regular routine for a while. The quality is better than I expected.,positive
I have been testing this product under normal conditions. It performs reliably when I need it. It has handled regular use without difficulty.,positive
I purchased this product mainly for its technology features. The quality is better than I expected. I barely needed any time to get used to it. It has worked consistently without unexpected problems.,positive
"I have used this product in several everyday situations. Nothing is seriously wrong, but I would not call it outstanding. Some parts are better than others.",neutral
I gave this product a reasonable amount of use before writing this review. The quality is better than I expected. It does what I need without unnecessary complications. I am happy with how it has performed.,positive
I decided to try this BookHouse product after comparing several options. It performs reliably when I need it. The setup was painless.,positive
"I gave this product a reasonable amount of use before writing this review. Nothing is seriously wrong, but I would not call it outstanding. The product is neither particularly impressive nor disappointing. Overall, it is acceptable but not exceptional.",neutral
"I have used this product in several everyday situations. It handles the basic job adequately. The result is reasonably predictable. The product works, although it does not stand out. Overall, it is acceptable but not exceptional.",neutral
"I have been testing this product under normal conditions. It has made my routine noticeably easier. It has been dependable from the beginning. Overall, I am satisfied with the purchase.",positive
I picked this product after looking at a few alternatives. It has made my routine noticeably easier. The day-to-day experience has been smooth.,positive
I purchased this product mainly for its accessories features. Everything has continued working as expected. Its main features have worked smoothly. I would be comfortable recommending it.,positive
"I have been testing this product under normal conditions. It has been usable so far, although some details could be refined. It depends somewhat on what you expect from the product. Some parts are better than others.",neutral
I purchased this product mainly for its snacks features. I have had trouble depending on it for regular use. The issues are especially noticeable during longer sessions. Several aspects of the experience could be substantially better.,negative
"I have been testing this product under normal conditions. It has been usable so far, although some details could be refined. It is difficult to call the experience either excellent or poor. It performs roughly as I expected. I would describe the experience as average. Some parts are better than others.",neutral
I have been using this fitness product for a few weeks. The controls feel natural and easy to understand.,positive
I have been testing this product under normal conditions. I can depend on it for regular use. The overall design feels practical.,positive
I have used this product in several everyday situations. I have not had any meaningful problems with it. There are still a few minor details that could be improved.,positive
I gave this product a reasonable amount of use before writing this review. Several aspects of the experience could be substantially better. I would hesitate to recommend it.,negative
This product has been part of my regular routine for a while. Some important functions have not worked properly. I would hesitate to recommend it.,negative
I purchased this product mainly for its technology features. The setup was quick and straightforward. The product feels well made.,positive
I purchased this product mainly for its personal care features. The controls feel natural and easy to understand. I barely needed any time to get used to it. I have not had any meaningful problems with it. I would consider buying it again. There are still a few minor details that could be improved.,positive
I purchased this product mainly for its self help features. I have found it easy and comfortable to use. I barely needed any time to get used to it. It has turned out to be a worthwhile purchase.,positive
I decided to try this NatureTouch product after comparing several options. I have not had any meaningful problems with it. It has handled regular use without difficulty. It performs reliably when I need it.,positive
I decided to try this PureCare product after comparing several options. The product is suitable if expectations remain reasonable. The differences are noticeable but not severe.,neutral
I have been testing this product under normal conditions. It has worked consistently without unexpected problems. It has been dependable from the beginning. It has worked consistently without unexpected problems. I would choose this again over several alternatives. There are still a few minor details that could be improved.,positive
I bought this product to see how well it would fit my everyday needs. It performs roughly as I expected. It is difficult to call the experience either excellent or poor. I have not found anything particularly impressive about it. There is still some room for improvement. Some parts are better than others.,neutral
I bought this product to see how well it would fit my everyday needs. It has worked consistently without unexpected problems. The setup was painless. The product has remained reliable even after repeated use.,positive
"After using the product for some time, I can comment on how it performs. It has worked consistently without unexpected problems. The controls feel natural and easy to understand.",positive
"After using the product for some time, I can comment on how it performs. There are useful aspects, but there are also some limitations. There are a few areas where refinement would help. I would describe the experience as average.",neutral
I have used this product in several everyday situations. The experience has been fairly ordinary overall. There are a few areas where refinement would help. There is still some room for improvement.,neutral
I have been using this appliances product for a few weeks. It performs roughly as I expected. The limitations are manageable for normal use. Some parts are better than others.,neutral
"I bought this controller recently and have used it regularly. I have not had any meaningful problems with it. It has been dependable from the beginning. Overall, I am satisfied with the purchase.",positive
I bought this cricket recently and have used it regularly. The quality is better than I expected. I barely needed any time to get used to it. It has made my routine noticeably easier. I would be comfortable recommending it. There are still a few minor details that could be improved.,positive
I picked this product after looking at a few alternatives. The controls feel natural and easy to understand. The overall design feels practical. It has made my routine noticeably easier.,positive
I bought this product to see how well it would fit my everyday needs. The product feels thoughtfully designed. I have had no reason to complain about its reliability. The controls feel natural and easy to understand. I am happy with how it has performed.,positive
"I have been testing this product under normal conditions. Nothing is seriously wrong, but I would not call it outstanding. It is difficult to call the experience either excellent or poor.",neutral
"I have used this product in several everyday situations. I have found it easy and comfortable to use. The day-to-day experience has been smooth. Overall, I am satisfied with the purchase.",positive
I gave this product a reasonable amount of use before writing this review. The controls feel natural and easy to understand. It does what I need without unnecessary complications. I would consider buying it again.,positive
I have used this product in several everyday situations. The controls feel natural and easy to understand. I have had no reason to complain about its reliability. I would choose this again over several alternatives.,positive
"I have used this product in several everyday situations. The product is functional without being exceptional. It depends somewhat on what you expect from the product. Nothing is seriously wrong, but I would not call it outstanding. Overall, it is acceptable but not exceptional.",neutral
I gave this product a reasonable amount of use before writing this review. It handles the basic job adequately. There are a few areas where refinement would help. It performs roughly as I expected.,neutral
"I picked this product after looking at a few alternatives. The product works, although it does not stand out. The product has both strengths and weaknesses.",neutral
"After spending some time with this product, I have formed a fairly clear opinion. The product is functional without being exceptional. The differences are noticeable but not severe. I would consider other options before making another purchase.",neutral
I have used this product in several everyday situations. The overall experience has been better than I anticipated. There are still a few minor details that could be improved.,positive
I gave this product a reasonable amount of use before writing this review. Some components already show signs of wear. I would look at alternatives before buying it again.,negative
I bought this breakfast recently and have used it regularly. The product has both strengths and weaknesses. The limitations are manageable for normal use. There is still some room for improvement.,neutral
I have been using this men product for a few weeks. The product has both strengths and weaknesses. The strengths and weaknesses are fairly balanced.,neutral
I decided to try this TrendX product after comparing several options. The quality is better than I expected. I barely needed any time to get used to it. I would consider buying it again. There are still a few minor details that could be improved.,positive
I purchased this product mainly for its running features. The performance has remained dependable during regular use. The day-to-day experience has been smooth.,positive
I have been using this makeup product for a few weeks. I have not had any meaningful problems with it. It does what I need without unnecessary complications. It performs reliably when I need it.,positive
I purchased this product mainly for its accessories features. The product has failed to perform consistently. I expected something more dependable. I do not think I would purchase it again.,negative
This product has been part of my regular routine for a while. The product has been a pleasant surprise. The product has been a pleasant surprise. It has turned out to be a worthwhile purchase.,positive
I have been testing this product under normal conditions. The product has been a pleasant surprise. The overall experience has been better than I anticipated. There are still a few minor details that could be improved.,positive
"I purchased this product mainly for its technology features. The overall experience has been better than I anticipated. It has been dependable from the beginning. The controls feel natural and easy to understand. Overall, I am satisfied with the purchase.",positive
I purchased this product mainly for its audio features. The setup was quick and straightforward. The overall experience has been better than I anticipated.,positive
I picked this product after looking at a few alternatives. The product feels well made. It has handled regular use without difficulty. Everything has continued working as expected. I would consider buying it again.,positive
I have used this product in several everyday situations. The overall quality is reasonable for the price. It is difficult to call the experience either excellent or poor. It meets the basic requirements without offering much beyond them.,neutral
I gave this product a reasonable amount of use before writing this review. I have found it easy and comfortable to use. It has handled regular use without difficulty.,positive
"After using the product for some time, I can comment on how it performs. The product is functional without being exceptional. The strengths and weaknesses are fairly balanced. I would describe the experience as average.",neutral
I bought this product to see how well it would fit my everyday needs. The product is neither particularly impressive nor disappointing. The result is reasonably predictable.,neutral
I have used this product in several everyday situations. The product handles its main tasks very well. The overall design feels practical. The overall experience has been better than I anticipated.,positive
This product has been part of my regular routine for a while. Everything has continued working as expected. I would be comfortable recommending it.,positive
I have been using this appliances product for a few weeks. It performs roughly as I expected. The differences are noticeable but not severe.,neutral
This product has been part of my regular routine for a while. The product is neither particularly impressive nor disappointing. There are a few areas where refinement would help. I would describe the experience as acceptable rather than impressive.,neutral
I have been using this running product for a few weeks. It has made my routine noticeably easier. There are still a few minor details that could be improved.,positive
"After spending some time with this product, I have formed a fairly clear opinion. Nothing is seriously wrong, but I would not call it outstanding. It depends somewhat on what you expect from the product. Some parts work well while others are fairly average.",neutral
"After using the product for some time, I can comment on how it performs. The overall quality is reasonable for the price. The product is suitable if expectations remain reasonable. There is still some room for improvement.",neutral
I have used this product in several everyday situations. I have experienced problems that should not occur during ordinary use.,negative
"After spending some time with this product, I have formed a fairly clear opinion. The quality is better than I expected. The day-to-day experience has been smooth. I would choose this again over several alternatives.",positive
"After spending some time with this product, I have formed a fairly clear opinion. I have found it easy and comfortable to use. I would consider buying it again.",positive
I have been testing this product under normal conditions. I have found it easy and comfortable to use. I have had no reason to complain about its reliability. The overall experience has been better than I anticipated.,positive
I have been using this technology product for a few weeks. The product has been a pleasant surprise. The setup was painless. It has made my routine noticeably easier.,positive
I gave this product a reasonable amount of use before writing this review. The product feels well made. I barely needed any time to get used to it.,positive
"I have been testing this product under normal conditions. There are useful aspects, but there are also some limitations. The result is reasonably predictable. There is still some room for improvement.",neutral
"I decided to try this GameTech product after comparing several options. Nothing is seriously wrong, but I would not call it outstanding. The differences are noticeable but not severe. Overall, it is acceptable but not exceptional. Some parts are better than others.",neutral
I decided to try this GameZone product after comparing several options. I would describe the experience as acceptable rather than impressive. The differences are noticeable but not severe. It is a reasonable choice for basic requirements.,neutral
"After spending some time with this product, I have formed a fairly clear opinion. The performance has remained dependable during regular use. The overall design feels practical.",positive
I gave this product a reasonable amount of use before writing this review. The overall performance is acceptable for ordinary use. It depends somewhat on what you expect from the product. Some parts are better than others.,neutral
"I have been testing this product under normal conditions. Nothing is seriously wrong, but I would not call it outstanding. There are a few areas where refinement would help. It is fine as long as expectations are realistic.",neutral
"I decided to try this NatureBest product after comparing several options. It handles the basic job adequately. It gets the job done, but there is room for improvement. Overall, it is acceptable but not exceptional.",neutral
I bought this product to see how well it would fit my everyday needs. The product feels thoughtfully designed. The setup was painless. The overall experience has been better than I anticipated.,positive
"I gave this product a reasonable amount of use before writing this review. Nothing is seriously wrong, but I would not call it outstanding. Some parts work well while others are fairly average. It is a reasonable choice for basic requirements.",neutral
"I picked this product after looking at a few alternatives. Nothing is seriously wrong, but I would not call it outstanding. It is difficult to call the experience either excellent or poor. The experience has been fairly ordinary overall.",neutral
I bought this product to see how well it would fit my everyday needs. The setup was quick and straightforward. The overall design feels practical. It performs reliably when I need it. I would be comfortable recommending it.,positive
I decided to try this NovaTech product after comparing several options. The experience has been more disappointing than satisfying. I would prefer a more reliable alternative.,negative
I have been using this self help product for a few weeks. Everything has continued working as expected. It does what I need without unnecessary complications. It has turned out to be a worthwhile purchase.,positive
I have used this product in several everyday situations. The quality is better than I expected. I have had no reason to complain about its reliability. The setup was quick and straightforward. It has turned out to be a worthwhile purchase. There are still a few minor details that could be improved.,positive
I decided to try this Peak product after comparing several options. The product has remained reliable even after repeated use.,positive
I purchased this product mainly for its snacks features. The product is neither particularly impressive nor disappointing. The overall quality is reasonable for the price. I would consider other options before making another purchase.,neutral
I gave this product a reasonable amount of use before writing this review. It has worked consistently without unexpected problems. The overall design feels practical.,positive
"After spending some time with this product, I have formed a fairly clear opinion. The materials do not feel particularly durable. I would hesitate to recommend it.",negative
I have been using this accessories product for a few weeks. The product has failed to perform consistently. I expected something more dependable. There is considerable room for improvement.,negative
I bought this technology recently and have used it regularly. The overall performance is acceptable for ordinary use. The product is adequate for straightforward use. The overall quality is reasonable for the price.,neutral
"After using the product for some time, I can comment on how it performs. The product is neither particularly impressive nor disappointing. There are a few areas where refinement would help. It meets the basic requirements without offering much beyond them. Some parts are better than others.",neutral
"I bought this breakfast recently and have used it regularly. Nothing is seriously wrong, but I would not call it outstanding. There are a few areas where refinement would help. I would consider other options before making another purchase.",neutral
"This product has been part of my regular routine for a while. It gets the job done, but there is room for improvement. The overall quality is reasonable for the price. There is still some room for improvement.",neutral
I have been using this fragrance product for a few weeks. The product feels thoughtfully designed. The overall design feels practical. I would be comfortable recommending it.,positive
I gave this product a reasonable amount of use before writing this review. It has worked consistently without unexpected problems. It has been dependable from the beginning. The product feels thoughtfully designed. I would choose this again over several alternatives.,positive
"After spending some time with this product, I have formed a fairly clear opinion. The setup was quick and straightforward. The overall design feels practical. I would choose this again over several alternatives.",positive
I purchased this product mainly for its footwear features. The controls feel natural and easy to understand. Everything has continued working as expected. There are still a few minor details that could be improved.,positive
This product has been part of my regular routine for a while. The quality does not match what I expected for the price. The problems affect the overall experience. One or two aspects of the product are still useful.,negative
I gave this product a reasonable amount of use before writing this review. The quality is better than I expected. It has been dependable from the beginning.,positive
I bought this product to see how well it would fit my everyday needs. The overall experience has been better than I anticipated. The day-to-day experience has been smooth. I would choose this again over several alternatives.,positive
I gave this product a reasonable amount of use before writing this review. I can depend on it for regular use. I have had no reason to complain about its reliability. I would be comfortable recommending it. There are still a few minor details that could be improved.,positive
I bought this product to see how well it would fit my everyday needs. The experience has been fairly ordinary overall. There are a few areas where refinement would help. Some parts work well while others are fairly average.,neutral
I bought this product to see how well it would fit my everyday needs. I have found it easy and comfortable to use. It has been dependable from the beginning.,positive
I decided to try this ClassicWear product after comparing several options. It has made my routine noticeably easier. It has been dependable from the beginning. The performance has remained dependable during regular use. I would consider buying it again.,positive
"I picked this product after looking at a few alternatives. The product is functional without being exceptional. The product is adequate for straightforward use. It meets the basic requirements without offering much beyond them. Overall, it is acceptable but not exceptional.",neutral
I bought this audio recently and have used it regularly. The performance becomes inconsistent over longer periods. The product does not inspire much confidence. Several aspects of the experience could be substantially better.,negative
This product has been part of my regular routine for a while. I have not found anything particularly impressive about it. It is a reasonable choice for basic requirements. Some parts are better than others.,neutral
This product has been part of my regular routine for a while. The product has caused more frustration than I expected. The problems affect the overall experience.,negative
"After using the product for some time, I can comment on how it performs. Some parts work well while others are fairly average. It depends somewhat on what you expect from the product.",neutral
I have been testing this product under normal conditions. The overall experience has been better than I anticipated. The product feels well made.,positive
I have been testing this product under normal conditions. It has worked consistently without unexpected problems. It does what I need without unnecessary complications. I would consider buying it again. There are still a few minor details that could be improved.,positive
I have been using this fragrance product for a few weeks. It has made my routine noticeably easier. The overall design feels practical.,positive
"I picked this product after looking at a few alternatives. It has been usable so far, although some details could be refined. The limitations are manageable for normal use. I would consider other options before making another purchase.",neutral
I gave this product a reasonable amount of use before writing this review. The quality is better than I expected. I barely needed any time to get used to it.,positive
I have been using this running product for a few weeks. It has worked consistently without unexpected problems. The overall design feels practical.,positive
I bought this technology recently and have used it regularly. The overall quality is reasonable for the price. The differences are noticeable but not severe. I would describe the experience as acceptable rather than impressive.,neutral
I bought this sportswear recently and have used it regularly. The overall quality is reasonable for the price. The strengths and weaknesses are fairly balanced. I have not found anything particularly impressive about it.,neutral
I have been testing this product under normal conditions. The product feels well made. It has been dependable from the beginning. I would consider buying it again.,positive
I have been using this audio product for a few weeks. The product is suitable if expectations remain reasonable. The product is adequate for straightforward use.,neutral
"After spending some time with this product, I have formed a fairly clear opinion. The product is functional without being exceptional. The differences are noticeable but not severe. It is fine as long as expectations are realistic.",neutral
"I gave this product a reasonable amount of use before writing this review. I have not had any meaningful problems with it. I have had no reason to complain about its reliability. Overall, I am satisfied with the purchase. There are still a few minor details that could be improved.",positive
I have been using this console product for a few weeks. It meets the basic requirements without offering much beyond them. The overall performance is acceptable for ordinary use.,neutral
I gave this product a reasonable amount of use before writing this review. I have not had any meaningful problems with it. The overall design feels practical.,positive
I have used this product in several everyday situations. The product has become unreliable during normal use. I would hesitate to rely on this product for important tasks. There is considerable room for improvement.,negative
I picked this product after looking at a few alternatives. The product is neither particularly impressive nor disappointing. The product is adequate for straightforward use. The product is functional without being exceptional. There is still some room for improvement.,neutral
I bought this smart home recently and have used it regularly. I have experienced problems that should not occur during ordinary use. The quality does not match what I expected for the price.,negative
I have been using this skincare product for a few weeks. The product is suitable if expectations remain reasonable. It handles the basic job adequately.,neutral
This product has been part of my regular routine for a while. The product feels thoughtfully designed. I have had no reason to complain about its reliability. There are still a few minor details that could be improved.,positive
I picked this product after looking at a few alternatives. The product started showing problems after repeated use. The problems became more noticeable with continued use.,negative
"After spending some time with this product, I have formed a fairly clear opinion. The product feels well made. The setup was painless. The overall experience has been better than I anticipated.",positive
"After spending some time with this product, I have formed a fairly clear opinion. It has been usable so far, although some details could be refined. It depends somewhat on what you expect from the product. It is a reasonable choice for basic requirements.",neutral
I purchased this product mainly for its business features. I would describe the experience as acceptable rather than impressive. The product is adequate for straightforward use.,neutral
I bought this smart home recently and have used it regularly. Its main features have worked smoothly. The product feels thoughtfully designed. I would choose this again over several alternatives.,positive
I have been testing this product under normal conditions. The product feels well made. The overall design feels practical. The product feels thoughtfully designed.,positive
I gave this product a reasonable amount of use before writing this review. The overall quality is reasonable for the price. The strengths and weaknesses are fairly balanced. There is still some room for improvement.,neutral
"After spending some time with this product, I have formed a fairly clear opinion. It has worked consistently without unexpected problems. It has been dependable from the beginning. I have found it easy and comfortable to use. Overall, I am satisfied with the purchase. There are still a few minor details that could be improved.",positive
"I gave this product a reasonable amount of use before writing this review. There are useful aspects, but there are also some limitations. The strengths and weaknesses are fairly balanced. There are useful aspects, but there are also some limitations.",neutral
I bought this product to see how well it would fit my everyday needs. I would hesitate to rely on this product for important tasks. The performance becomes inconsistent over longer periods.,negative
"After using the product for some time, I can comment on how it performs. The overall performance is acceptable for ordinary use. It is a reasonable choice for basic requirements.",neutral
I have been using this furniture product for a few weeks. Everything has continued working as expected.,positive
"After spending some time with this product, I have formed a fairly clear opinion. The overall performance is acceptable for ordinary use. There are a few areas where refinement would help. I would describe the experience as average. Some parts are better than others.",neutral
"After spending some time with this product, I have formed a fairly clear opinion. The overall performance is acceptable for ordinary use. The differences are noticeable but not severe.",neutral
This product has been part of my regular routine for a while. The product has remained reliable even after repeated use. It has handled regular use without difficulty. The product feels well made. I would be comfortable recommending it.,positive
I picked this product after looking at a few alternatives. Several aspects of the experience could be substantially better. I expected something more dependable. I expected better overall reliability. One or two aspects of the product are still useful.,negative
I have used this product in several everyday situations. The product has become unreliable during normal use. I expected something more dependable.,negative
"After using the product for some time, I can comment on how it performs. It has made my routine noticeably easier. It has been dependable from the beginning. Its main features have worked smoothly.",positive
I have been using this running product for a few weeks. The controls feel natural and easy to understand. It has handled regular use without difficulty. I am happy with how it has performed. There are still a few minor details that could be improved.,positive
"I picked this product after looking at a few alternatives. It handles the basic job adequately. The product is adequate for straightforward use. Nothing is seriously wrong, but I would not call it outstanding.",neutral
"After spending some time with this product, I have formed a fairly clear opinion. Nothing is seriously wrong, but I would not call it outstanding. The result is reasonably predictable. Overall, it is acceptable but not exceptional.",neutral
I bought this product to see how well it would fit my everyday needs. The materials do not feel particularly durable. I do not think I would purchase it again.,negative
"After using the product for some time, I can comment on how it performs. The product has become unreliable during normal use. I expected something more dependable. I expected better overall reliability. One or two aspects of the product are still useful.",negative
This product has been part of my regular routine for a while. The overall performance is acceptable for ordinary use. The differences are noticeable but not severe.,neutral
"After spending some time with this product, I have formed a fairly clear opinion. It gets the job done, but there is room for improvement. The product is adequate for straightforward use. The product is suitable if expectations remain reasonable.",neutral
I gave this product a reasonable amount of use before writing this review. The performance has remained dependable during regular use. It has been dependable from the beginning. It has turned out to be a worthwhile purchase.,positive
I gave this product a reasonable amount of use before writing this review. Several aspects of the experience could be substantially better. I have had to work around several shortcomings. I do not think I would purchase it again.,negative
I bought this product to see how well it would fit my everyday needs. The quality is better than I expected. It performs reliably when I need it. I am happy with how it has performed.,positive
I picked this product after looking at a few alternatives. The setup was quick and straightforward. The day-to-day experience has been smooth. The controls feel natural and easy to understand.,positive
"After spending some time with this product, I have formed a fairly clear opinion. The product started showing problems after repeated use. The problems affect the overall experience. The actual performance falls short of its apparent potential. I expected better overall reliability.",negative
I have used this product in several everyday situations. I have had trouble depending on it for regular use. The problems affect the overall experience.,negative
I bought this product to see how well it would fit my everyday needs. The product is functional without being exceptional. The result is reasonably predictable. It handles the basic job adequately. I would consider other options before making another purchase.,neutral
I have been testing this product under normal conditions. It meets the basic requirements without offering much beyond them. The limitations are manageable for normal use. I would consider other options before making another purchase.,neutral
I decided to try this ComfortLiving product after comparing several options. The product has both strengths and weaknesses. The product is adequate for straightforward use.,neutral
"After spending some time with this product, I have formed a fairly clear opinion. The product has remained reliable even after repeated use. I have had no reason to complain about its reliability. I have not had any meaningful problems with it. It has turned out to be a worthwhile purchase.",positive
I gave this product a reasonable amount of use before writing this review. The overall experience has been better than I anticipated. The setup was painless.,positive
I purchased this product mainly for its smart home features. The product has been a pleasant surprise. It has been dependable from the beginning. It has worked consistently without unexpected problems. It has turned out to be a worthwhile purchase.,positive
"After using the product for some time, I can comment on how it performs. It meets the basic requirements without offering much beyond them. It depends somewhat on what you expect from the product. The product works, although it does not stand out.",neutral
I have used this product in several everyday situations. The product is functional without being exceptional. The limitations are manageable for normal use. The product is suitable if expectations remain reasonable. It is fine as long as expectations are realistic.,neutral
I picked this product after looking at a few alternatives. The product has been a pleasant surprise. The overall design feels practical. I would be comfortable recommending it.,positive
"After spending some time with this product, I have formed a fairly clear opinion. The overall quality is reasonable for the price. The product is functional without being exceptional. I would consider other options before making another purchase.",neutral
This product has been part of my regular routine for a while. The product has been a pleasant surprise. It has been dependable from the beginning.,positive
"I gave this product a reasonable amount of use before writing this review. The product works, although it does not stand out. Overall, it is acceptable but not exceptional.",neutral
I bought this product to see how well it would fit my everyday needs. It has worked consistently without unexpected problems. There are still a few minor details that could be improved.,positive
This product has been part of my regular routine for a while. The product handles its main tasks very well.,positive
I decided to try this Glow product after comparing several options. The product handles its main tasks very well. It does what I need without unnecessary complications. The product feels thoughtfully designed.,positive
"I have been testing this product under normal conditions. It gets the job done, but there is room for improvement. The overall quality is reasonable for the price. There is still some room for improvement.",neutral
I have used this product in several everyday situations. The product is functional without being exceptional. The result is reasonably predictable. It meets the basic requirements without offering much beyond them. It is fine as long as expectations are realistic.,neutral
I have been using this packaged food product for a few weeks. The overall quality is reasonable for the price. It depends somewhat on what you expect from the product.,neutral
This product has been part of my regular routine for a while. Everything has continued working as expected. It has been dependable from the beginning. It performs reliably when I need it.,positive
I bought this product to see how well it would fit my everyday needs. It performs reliably when I need it. The setup was painless.,positive
I have been using this packaged food product for a few weeks. The product is functional without being exceptional. I would describe the experience as average.,neutral
I gave this product a reasonable amount of use before writing this review. It has made my routine noticeably easier. I would choose this again over several alternatives.,positive
"After spending some time with this product, I have formed a fairly clear opinion. The product has been a pleasant surprise. The day-to-day experience has been smooth.",positive
"After using the product for some time, I can comment on how it performs. The product has remained reliable even after repeated use. The overall design feels practical. It has turned out to be a worthwhile purchase.",positive
"After spending some time with this product, I have formed a fairly clear opinion. I have not found anything particularly impressive about it. The product has both strengths and weaknesses.",neutral
I picked this product after looking at a few alternatives. I can depend on it for regular use. I barely needed any time to get used to it. It has made my routine noticeably easier. I would choose this again over several alternatives.,positive
I gave this product a reasonable amount of use before writing this review. I would describe the experience as acceptable rather than impressive. The product is adequate for straightforward use. I would describe the experience as average. Some parts are better than others.,neutral
I have been using this audio product for a few weeks. The overall quality is reasonable for the price. The differences are noticeable but not severe. Some parts are better than others.,neutral
"I have been using this snacks product for a few weeks. The product is suitable if expectations remain reasonable. The limitations are manageable for normal use. It has been usable so far, although some details could be refined. There is still some room for improvement.",neutral
"After using the product for some time, I can comment on how it performs. Nothing is seriously wrong, but I would not call it outstanding. Overall, it is acceptable but not exceptional.",neutral
I have been using this organic product for a few weeks. The product is suitable if expectations remain reasonable. It is difficult to call the experience either excellent or poor. I would consider other options before making another purchase.,neutral
I gave this product a reasonable amount of use before writing this review. I have not found anything particularly impressive about it. The product is adequate for straightforward use. It is a reasonable choice for basic requirements.,neutral
I gave this product a reasonable amount of use before writing this review. The overall quality is reasonable for the price. There are a few areas where refinement would help. It performs roughly as I expected. There is still some room for improvement. Some parts are better than others.,neutral
I bought this smart home recently and have used it regularly. It performs roughly as I expected. It is a reasonable choice for basic requirements.,neutral
"I bought this storage recently and have used it regularly. The experience has been fairly ordinary overall. The strengths and weaknesses are fairly balanced. It gets the job done, but there is room for improvement. I would consider other options before making another purchase. Some parts are better than others.",neutral
I gave this product a reasonable amount of use before writing this review. The product handles its main tasks very well. I would choose this again over several alternatives.,positive
I have used this product in several everyday situations. The controls feel natural and easy to understand. It does what I need without unnecessary complications. Everything has continued working as expected. There are still a few minor details that could be improved.,positive
This product has been part of my regular routine for a while. The quality is better than I expected. It performs reliably when I need it.,positive
I have been using this organic product for a few weeks. The overall experience has been better than I anticipated. It does what I need without unnecessary complications. I would consider buying it again.,positive
"After using the product for some time, I can comment on how it performs. The experience has been fairly ordinary overall. The differences are noticeable but not severe. The product is suitable if expectations remain reasonable.",neutral
I have used this product in several everyday situations. I have not found anything particularly impressive about it. The limitations are manageable for normal use.,neutral
I have been testing this product under normal conditions. Some components already show signs of wear. Several aspects of the experience could be substantially better. I would probably choose another option next time.,negative
I bought this console recently and have used it regularly. Its main features have worked smoothly. The day-to-day experience has been smooth. It has worked consistently without unexpected problems.,positive
I bought this product to see how well it would fit my everyday needs. The overall performance is acceptable for ordinary use. It is difficult to call the experience either excellent or poor.,neutral
I decided to try this Casa product after comparing several options. The product is suitable if expectations remain reasonable. The product is functional without being exceptional.,neutral
"After using the product for some time, I can comment on how it performs. There are useful aspects, but there are also some limitations. The differences are noticeable but not severe. The product is functional without being exceptional. Overall, it is acceptable but not exceptional. Some parts are better than others.",neutral
"I have been using this furniture product for a few weeks. There are useful aspects, but there are also some limitations. It is difficult to call the experience either excellent or poor.",neutral
"After using the product for some time, I can comment on how it performs. I can depend on it for regular use. The product handles its main tasks very well.",positive
I have been testing this product under normal conditions. The overall performance is acceptable for ordinary use. The limitations are manageable for normal use. It is fine as long as expectations are realistic.,neutral
"After spending some time with this product, I have formed a fairly clear opinion. The quality does not match what I expected for the price. The product has caused more frustration than I expected. I would probably choose another option next time. One or two aspects of the product are still useful.",negative
I have used this product in several everyday situations. It has made my routine noticeably easier. I barely needed any time to get used to it. The product has been a pleasant surprise. I would choose this again over several alternatives.,positive
I purchased this product mainly for its audio features. The product is suitable if expectations remain reasonable. The differences are noticeable but not severe.,neutral
I gave this product a reasonable amount of use before writing this review. I have not had any meaningful problems with it. It does what I need without unnecessary complications. Its main features have worked smoothly. I would consider buying it again.,positive
I have been testing this product under normal conditions. It has worked consistently without unexpected problems. The product feels well made. I would be comfortable recommending it. There are still a few minor details that could be improved.,positive
"I have been using this snacks product for a few weeks. It has worked consistently without unexpected problems. I barely needed any time to get used to it. Overall, I am satisfied with the purchase.",positive
I have been using this packaged food product for a few weeks. I would describe the experience as acceptable rather than impressive. The differences are noticeable but not severe.,neutral
I have been using this skincare product for a few weeks. Some parts work well while others are fairly average. The experience has been fairly ordinary overall. Some parts are better than others.,neutral
This product has been part of my regular routine for a while. The setup was quick and straightforward. I barely needed any time to get used to it. It has worked consistently without unexpected problems.,positive
"I have been using this business product for a few weeks. I have not found anything particularly impressive about it. Overall, it is acceptable but not exceptional.",neutral
"I bought this product to see how well it would fit my everyday needs. The product works, although it does not stand out. The product is functional without being exceptional.",neutral
"I have been using this packaged food product for a few weeks. Some parts work well while others are fairly average. It is difficult to call the experience either excellent or poor. It gets the job done, but there is room for improvement. Overall, it is acceptable but not exceptional.",neutral
I bought this fiction recently and have used it regularly. Some components already show signs of wear. The problems affect the overall experience. The product has caused more frustration than I expected.,negative
I purchased this product mainly for its snacks features. The product is neither particularly impressive nor disappointing. The overall quality is reasonable for the price.,neutral
"I decided to try this DailyHome product after comparing several options. It gets the job done, but there is room for improvement. The strengths and weaknesses are fairly balanced.",neutral
I gave this product a reasonable amount of use before writing this review. The product is suitable if expectations remain reasonable. The overall quality is reasonable for the price. I would consider other options before making another purchase.,neutral
"I have been using this haircare product for a few weeks. The overall performance is acceptable for ordinary use. The differences are noticeable but not severe. The product works, although it does not stand out.",neutral
I bought this yoga recently and have used it regularly. The product is neither particularly impressive nor disappointing.,neutral
I picked this product after looking at a few alternatives. The product feels thoughtfully designed. It has handled regular use without difficulty. The setup was quick and straightforward. It has turned out to be a worthwhile purchase.,positive
I purchased this product mainly for its packaged food features. The setup was quick and straightforward. It has handled regular use without difficulty. The quality is better than I expected. I would choose this again over several alternatives. There are still a few minor details that could be improved.,positive
"After using the product for some time, I can comment on how it performs. The overall performance is acceptable for ordinary use. The experience has been fairly ordinary overall. I would describe the experience as average.",neutral
I purchased this product mainly for its science features. The product has remained reliable even after repeated use. I would choose this again over several alternatives.,positive
"I bought this product to see how well it would fit my everyday needs. It performs reliably when I need it. The day-to-day experience has been smooth. The product feels well made. Overall, I am satisfied with the purchase.",positive
"I have been using this business product for a few weeks. The quality is better than I expected. The day-to-day experience has been smooth. Overall, I am satisfied with the purchase.",positive
I purchased this product mainly for its snacks features. It has worked consistently without unexpected problems. The overall design feels practical. There are still a few minor details that could be improved.,positive
I have been using this accessories product for a few weeks. The overall experience has been better than I anticipated. The overall design feels practical. The controls feel natural and easy to understand.,positive
"After spending some time with this product, I have formed a fairly clear opinion. The quality is better than I expected. The overall design feels practical. The performance has remained dependable during regular use.",positive
I bought this product to see how well it would fit my everyday needs. The product is suitable if expectations remain reasonable. The product is adequate for straightforward use.,neutral
I picked this product after looking at a few alternatives. The product is suitable if expectations remain reasonable. The strengths and weaknesses are fairly balanced. There is still some room for improvement.,neutral
"I have used this product in several everyday situations. It gets the job done, but there is room for improvement. The limitations are manageable for normal use. It meets the basic requirements without offering much beyond them. There is still some room for improvement.",neutral
I decided to try this Harvest product after comparing several options. The product has both strengths and weaknesses. There are a few areas where refinement would help. Some parts work well while others are fairly average. There is still some room for improvement.,neutral
"After using the product for some time, I can comment on how it performs. Everything has continued working as expected. It has handled regular use without difficulty. I have not had any meaningful problems with it.",positive
I have been using this appliances product for a few weeks. The controls feel natural and easy to understand. It has turned out to be a worthwhile purchase.,positive
"I bought this product to see how well it would fit my everyday needs. There are useful aspects, but there are also some limitations. The product is adequate for straightforward use.",neutral
I have used this product in several everyday situations. The overall experience has been better than I anticipated. The day-to-day experience has been smooth. I am happy with how it has performed.,positive
I bought this furniture recently and have used it regularly. Some parts work well while others are fairly average. The product is adequate for straightforward use.,neutral
I bought this fragrance recently and have used it regularly. The performance has remained dependable during regular use. The quality is better than I expected. There are still a few minor details that could be improved.,positive
This product has been part of my regular routine for a while. The setup was quick and straightforward. The overall design feels practical. The product handles its main tasks very well.,positive
I purchased this product mainly for its accessories features. The controls feel natural and easy to understand. The product feels thoughtfully designed. I am happy with how it has performed.,positive
"After using the product for some time, I can comment on how it performs. The performance has remained dependable during regular use. I would consider buying it again.",positive
I bought this accessories recently and have used it regularly. The product feels thoughtfully designed.,positive
"After using the product for some time, I can comment on how it performs. It meets the basic requirements without offering much beyond them. It depends somewhat on what you expect from the product.",neutral
"After using the product for some time, I can comment on how it performs. The overall performance is acceptable for ordinary use. The strengths and weaknesses are fairly balanced. Some parts work well while others are fairly average. It is fine as long as expectations are realistic. Some parts are better than others.",neutral
"I decided to try this NatureBest product after comparing several options. It has made my routine noticeably easier. It has made my routine noticeably easier. Overall, I am satisfied with the purchase.",positive
"This product has been part of my regular routine for a while. The controls feel natural and easy to understand. Overall, I am satisfied with the purchase.",positive
"I picked this product after looking at a few alternatives. It has worked consistently without unexpected problems. The setup was painless. Overall, I am satisfied with the purchase.",positive
I bought this product to see how well it would fit my everyday needs. The performance becomes inconsistent over longer periods. The problems became more noticeable with continued use. I would hesitate to rely on this product for important tasks.,negative
"I purchased this product mainly for its fitness features. Nothing is seriously wrong, but I would not call it outstanding. It is difficult to call the experience either excellent or poor. It gets the job done, but there is room for improvement.",neutral
I decided to try this DailyBasket product after comparing several options. The product has been a pleasant surprise. The overall design feels practical. I would consider buying it again.,positive
I decided to try this NatureBest product after comparing several options. The product has remained reliable even after repeated use. I barely needed any time to get used to it. The product handles its main tasks very well. I would be comfortable recommending it.,positive
I have been using this games product for a few weeks. It meets the basic requirements without offering much beyond them. I would describe the experience as acceptable rather than impressive.,neutral
This product has been part of my regular routine for a while. I have had trouble depending on it for regular use. I would look at alternatives before buying it again. One or two aspects of the product are still useful.,negative
"I bought this console recently and have used it regularly. The product feels thoughtfully designed. I have had no reason to complain about its reliability. The controls feel natural and easy to understand. Overall, I am satisfied with the purchase.",positive
I bought this decor recently and have used it regularly. The product handles its main tasks very well. I have had no reason to complain about its reliability. The product handles its main tasks very well. I would be comfortable recommending it.,positive
I bought this product to see how well it would fit my everyday needs. The product has remained reliable even after repeated use.,positive
"I have used this product in several everyday situations. Everything has continued working as expected. The overall design feels practical. The setup was quick and straightforward. Overall, I am satisfied with the purchase.",positive
I gave this product a reasonable amount of use before writing this review. Several aspects of the experience could be substantially better. The problems became more noticeable with continued use. Some important functions have not worked properly. I expected better overall reliability.,negative
I have used this product in several everyday situations. It handles the basic job adequately. The limitations are manageable for normal use. It is a reasonable choice for basic requirements.,neutral
I bought this organic recently and have used it regularly. It performs reliably when I need it. The day-to-day experience has been smooth. I have found it easy and comfortable to use. I would consider buying it again.,positive
I decided to try this Electra product after comparing several options. The experience has been fairly ordinary overall.,neutral
I picked this product after looking at a few alternatives. It has worked consistently without unexpected problems. There are still a few minor details that could be improved.,positive
I purchased this product mainly for its business features. The quality is better than I expected. I have had no reason to complain about its reliability. It has made my routine noticeably easier.,positive
I purchased this product mainly for its audio features. The performance has remained dependable during regular use. The day-to-day experience has been smooth.,positive
"After spending some time with this product, I have formed a fairly clear opinion. The product is functional without being exceptional. There is still some room for improvement.",neutral
"This product has been part of my regular routine for a while. The overall experience has been better than I anticipated. The product feels well made. Overall, I am satisfied with the purchase.",positive
"I gave this product a reasonable amount of use before writing this review. It has been usable so far, although some details could be refined. It is difficult to call the experience either excellent or poor. It performs roughly as I expected. Overall, it is acceptable but not exceptional.",neutral
I bought this fragrance recently and have used it regularly. The quality is better than I expected. The setup was painless. It has made my routine noticeably easier. I would choose this again over several alternatives.,positive
This product has been part of my regular routine for a while. I have not had any meaningful problems with it. It has handled regular use without difficulty.,positive
I purchased this product mainly for its smart home features. It has worked consistently without unexpected problems. It performs reliably when I need it. I would choose this again over several alternatives.,positive
"I have been testing this product under normal conditions. The quality is better than I expected. The day-to-day experience has been smooth. Overall, I am satisfied with the purchase.",positive
I bought this running recently and have used it regularly. The actual performance falls short of its apparent potential. The product does not inspire much confidence. I expected better overall reliability.,negative
I bought this product to see how well it would fit my everyday needs. It performs roughly as I expected. I would describe the experience as average.,neutral
I picked this product after looking at a few alternatives. It has worked consistently without unexpected problems. The setup was painless. The quality is better than I expected. I am happy with how it has performed.,positive
"I decided to try this UrbanStyle product after comparing several options. It gets the job done, but there is room for improvement. It depends somewhat on what you expect from the product. There is still some room for improvement.",neutral
I picked this product after looking at a few alternatives. It performs roughly as I expected. There are a few areas where refinement would help. The product is functional without being exceptional.,neutral
I have been testing this product under normal conditions. The product has been a pleasant surprise. The product has remained reliable even after repeated use.,positive
"After spending some time with this product, I have formed a fairly clear opinion. The product feels well made. The day-to-day experience has been smooth. Everything has continued working as expected. Overall, I am satisfied with the purchase.",positive
I have been testing this product under normal conditions. The product feels well made.,positive
"I picked this product after looking at a few alternatives. The overall quality is reasonable for the price. Overall, it is acceptable but not exceptional.",neutral
I purchased this product mainly for its cricket features. I have had trouble depending on it for regular use. The problems became more noticeable with continued use. I do not think I would purchase it again.,negative
"I gave this product a reasonable amount of use before writing this review. The product is neither particularly impressive nor disappointing. The product is adequate for straightforward use. It gets the job done, but there is room for improvement.",neutral
I decided to try this Casa product after comparing several options. I have found it easy and comfortable to use. There are still a few minor details that could be improved.,positive
I purchased this product mainly for its fragrance features. The controls feel natural and easy to understand. I barely needed any time to get used to it. I am happy with how it has performed.,positive
I have been using this beverages product for a few weeks. The product is functional without being exceptional. There are a few areas where refinement would help.,neutral
I gave this product a reasonable amount of use before writing this review. I have not found anything particularly impressive about it. There are a few areas where refinement would help.,neutral
"I picked this product after looking at a few alternatives. Nothing is seriously wrong, but I would not call it outstanding. It meets the basic requirements without offering much beyond them. There is still some room for improvement. Some parts are better than others.",neutral
"After using the product for some time, I can comment on how it performs. The overall quality is reasonable for the price. There are a few areas where refinement would help.",neutral
I gave this product a reasonable amount of use before writing this review. Some important functions have not worked properly. The problems became more noticeable with continued use. I would probably choose another option next time.,negative
This product has been part of my regular routine for a while. The product feels thoughtfully designed. I have had no reason to complain about its reliability. Its main features have worked smoothly. I would consider buying it again.,positive
I have been testing this product under normal conditions. The controls feel natural and easy to understand. I can depend on it for regular use.,positive
I decided to try this NovaTech product after comparing several options. The performance has remained dependable during regular use. The day-to-day experience has been smooth. It performs reliably when I need it. I would choose this again over several alternatives.,positive
"I have been using this mobile product for a few weeks. I would describe the experience as acceptable rather than impressive. It is difficult to call the experience either excellent or poor. Nothing is seriously wrong, but I would not call it outstanding.",neutral
I decided to try this BookHouse product after comparing several options. I have not had any meaningful problems with it. I would consider buying it again. There are still a few minor details that could be improved.,positive
I picked this product after looking at a few alternatives. The product is neither particularly impressive nor disappointing. The differences are noticeable but not severe.,neutral
I bought this appliances recently and have used it regularly. It meets the basic requirements without offering much beyond them. The limitations are manageable for normal use.,neutral
I picked this product after looking at a few alternatives. The product has failed to perform consistently. The product does not inspire much confidence.,negative
"I have been using this makeup product for a few weeks. It has been usable so far, although some details could be refined. There are a few areas where refinement would help. The product is suitable if expectations remain reasonable.",neutral
I gave this product a reasonable amount of use before writing this review. I have experienced problems that should not occur during ordinary use. I would prefer a more reliable alternative.,negative
I have used this product in several everyday situations. The product has become unreliable during normal use. The product has become unreliable during normal use. I would hesitate to recommend it.,negative
I have been using this men product for a few weeks. It has worked consistently without unexpected problems. It has been dependable from the beginning. I would be comfortable recommending it.,positive
I gave this product a reasonable amount of use before writing this review. There are several issues that make the product difficult to recommend. The product does not inspire much confidence. The actual performance falls short of its apparent potential.,negative
"This product has been part of my regular routine for a while. I have not found anything particularly impressive about it. The limitations are manageable for normal use. Nothing is seriously wrong, but I would not call it outstanding. It is a reasonable choice for basic requirements.",neutral
"After using the product for some time, I can comment on how it performs. The performance has remained dependable during regular use. The setup was painless. I can depend on it for regular use.",positive
I decided to try this DailyBasket product after comparing several options. The product has both strengths and weaknesses. I have not found anything particularly impressive about it.,neutral
"I have been using this outdoor product for a few weeks. There are useful aspects, but there are also some limitations. It is difficult to call the experience either excellent or poor. Overall, it is acceptable but not exceptional.",neutral
I picked this product after looking at a few alternatives. The product has remained reliable even after repeated use. It does what I need without unnecessary complications. The quality is better than I expected. I would be comfortable recommending it.,positive
"After using the product for some time, I can comment on how it performs. There are useful aspects, but there are also some limitations. The product is adequate for straightforward use.",neutral
I bought this product to see how well it would fit my everyday needs. The quality is better than I expected. It has been dependable from the beginning. I can depend on it for regular use. It has turned out to be a worthwhile purchase.,positive
I have been using this snacks product for a few weeks. It has made my routine noticeably easier. I have had no reason to complain about its reliability. I would consider buying it again.,positive
I have used this product in several everyday situations. I can depend on it for regular use.,positive
"I bought this product to see how well it would fit my everyday needs. The product has been a pleasant surprise. The day-to-day experience has been smooth. The quality is better than I expected. Overall, I am satisfied with the purchase.",positive
"After using the product for some time, I can comment on how it performs. I have found it easy and comfortable to use. The overall design feels practical. Overall, I am satisfied with the purchase.",positive
"I have used this product in several everyday situations. The overall quality is reasonable for the price. There are a few areas where refinement would help. It has been usable so far, although some details could be refined. Some parts are better than others.",neutral
I bought this product to see how well it would fit my everyday needs. The controls feel natural and easy to understand. The day-to-day experience has been smooth.,positive
This product has been part of my regular routine for a while. It has made my routine noticeably easier. The setup was painless. The controls feel natural and easy to understand. I would consider buying it again.,positive
I purchased this product mainly for its accessories features. The product has been a pleasant surprise. The controls feel natural and easy to understand.,positive
This product has been part of my regular routine for a while. There are several issues that make the product difficult to recommend. The materials do not feel particularly durable. I would hesitate to recommend it.,negative
"After using the product for some time, I can comment on how it performs. Its main features have worked smoothly. It has been dependable from the beginning. The product has been a pleasant surprise. It has turned out to be a worthwhile purchase.",positive
I bought this product to see how well it would fit my everyday needs. The product started showing problems after repeated use. I would prefer a more reliable alternative. The product has become unreliable during normal use. There is considerable room for improvement. One or two aspects of the product are still useful.,negative
"After spending some time with this product, I have formed a fairly clear opinion. I have found it easy and comfortable to use. The product feels thoughtfully designed.",positive
"I have used this product in several everyday situations. It has been usable so far, although some details could be refined. The limitations are manageable for normal use. The overall performance is acceptable for ordinary use. There is still some room for improvement.",neutral
"After spending some time with this product, I have formed a fairly clear opinion. The experience has been fairly ordinary overall.",neutral
"After spending some time with this product, I have formed a fairly clear opinion. The product handles its main tasks very well. The overall design feels practical.",positive
I picked this product after looking at a few alternatives. The product feels well made. The performance has remained dependable during regular use. It has turned out to be a worthwhile purchase.,positive
"This product has been part of my regular routine for a while. It gets the job done, but there is room for improvement. It is difficult to call the experience either excellent or poor. The overall quality is reasonable for the price.",neutral
I bought this fitness recently and have used it regularly. Some components already show signs of wear. The problems became more noticeable with continued use. The product has not been as dependable as I needed. There is considerable room for improvement.,negative
This product has been part of my regular routine for a while. Some parts work well while others are fairly average. The differences are noticeable but not severe. The product is suitable if expectations remain reasonable. It is fine as long as expectations are realistic.,neutral
I bought this product to see how well it would fit my everyday needs. The experience has been more disappointing than satisfying.,negative
"I purchased this product mainly for its fragrance features. It gets the job done, but there is room for improvement. The product is adequate for straightforward use. The product is neither particularly impressive nor disappointing. It is fine as long as expectations are realistic.",neutral
"I bought this product to see how well it would fit my everyday needs. It has been usable so far, although some details could be refined. The overall performance is acceptable for ordinary use. I would describe the experience as average.",neutral
I picked this product after looking at a few alternatives. I have found it easy and comfortable to use. It has been dependable from the beginning. I would choose this again over several alternatives.,positive
I picked this product after looking at a few alternatives. The controls feel natural and easy to understand. The product has been a pleasant surprise. I would choose this again over several alternatives.,positive
I bought this product to see how well it would fit my everyday needs. The product is neither particularly impressive nor disappointing. The differences are noticeable but not severe. I would describe the experience as acceptable rather than impressive.,neutral
I have used this product in several everyday situations. The product feels well made.,positive
"After using the product for some time, I can comment on how it performs. The product has remained reliable even after repeated use. I have had no reason to complain about its reliability. Its main features have worked smoothly. I would choose this again over several alternatives.",positive
"I have used this product in several everyday situations. I would describe the experience as acceptable rather than impressive. The differences are noticeable but not severe. Overall, it is acceptable but not exceptional.",neutral
I purchased this product mainly for its controller features. It has worked consistently without unexpected problems.,positive
"I purchased this product mainly for its mobile features. It gets the job done, but there is room for improvement. It is difficult to call the experience either excellent or poor.",neutral
I decided to try this TrendX product after comparing several options. The performance has remained dependable during regular use. It has been dependable from the beginning.,positive
"After spending some time with this product, I have formed a fairly clear opinion. The product works, although it does not stand out.",neutral
This product has been part of my regular routine for a while. Some parts work well while others are fairly average. It is a reasonable choice for basic requirements.,neutral
I gave this product a reasonable amount of use before writing this review. The setup was quick and straightforward. I would be comfortable recommending it.,positive
"I purchased this product mainly for its audio features. It gets the job done, but there is room for improvement. The result is reasonably predictable.",neutral
This product has been part of my regular routine for a while. The product is neither particularly impressive nor disappointing. It is a reasonable choice for basic requirements.,neutral
I have been testing this product under normal conditions. The product feels thoughtfully designed. The overall design feels practical. I am happy with how it has performed.,positive
I bought this product to see how well it would fit my everyday needs. It has made my routine noticeably easier. I would be comfortable recommending it.,positive
I bought this accessories recently and have used it regularly. The performance has remained dependable during regular use. It does what I need without unnecessary complications. There are still a few minor details that could be improved.,positive
I decided to try this TechPro product after comparing several options. The product feels well made. The overall design feels practical. I am happy with how it has performed.,positive
This product has been part of my regular routine for a while. The product feels well made. It performs reliably when I need it. I would be comfortable recommending it. There are still a few minor details that could be improved.,positive
"After spending some time with this product, I have formed a fairly clear opinion. It has been usable so far, although some details could be refined. There are a few areas where refinement would help. There is still some room for improvement.",neutral
I have been testing this product under normal conditions. The product is neither particularly impressive nor disappointing. It is difficult to call the experience either excellent or poor.,neutral
I gave this product a reasonable amount of use before writing this review. I can depend on it for regular use. I have had no reason to complain about its reliability. Its main features have worked smoothly. I am happy with how it has performed.,positive
I gave this product a reasonable amount of use before writing this review. Some parts work well while others are fairly average. The product is adequate for straightforward use. I have not found anything particularly impressive about it. I would describe the experience as average.,neutral
I decided to try this KnowledgeHub product after comparing several options. I have not had any meaningful problems with it. It has been dependable from the beginning. The product feels thoughtfully designed. I would choose this again over several alternatives. There are still a few minor details that could be improved.,positive
I have been using this packaged food product for a few weeks. I have had trouble depending on it for regular use. The problems affect the overall experience. I would hesitate to recommend it.,negative
"After spending some time with this product, I have formed a fairly clear opinion. The product feels thoughtfully designed. It does what I need without unnecessary complications. I can depend on it for regular use. I would be comfortable recommending it.",positive
I picked this product after looking at a few alternatives. The actual performance falls short of its apparent potential. I expected something more dependable. I would hesitate to recommend it.,negative
"After using the product for some time, I can comment on how it performs. The product feels well made. It does what I need without unnecessary complications. The product has remained reliable even after repeated use.",positive
I bought this product to see how well it would fit my everyday needs. The controls feel natural and easy to understand. It has handled regular use without difficulty. There are still a few minor details that could be improved.,positive
I have used this product in several everyday situations. The setup was quick and straightforward. I barely needed any time to get used to it. I would consider buying it again.,positive
"This product has been part of my regular routine for a while. The product is neither particularly impressive nor disappointing. The strengths and weaknesses are fairly balanced. Nothing is seriously wrong, but I would not call it outstanding. Overall, it is acceptable but not exceptional.",neutral
"After spending some time with this product, I have formed a fairly clear opinion. There are useful aspects, but there are also some limitations. There is still some room for improvement.",neutral
I bought this product to see how well it would fit my everyday needs. I have found it easy and comfortable to use. It does what I need without unnecessary complications. I would choose this again over several alternatives.,positive
I picked this product after looking at a few alternatives. I have encountered several problems that were difficult to ignore. The setup was more difficult than it needed to be.,negative
I picked this product after looking at a few alternatives. The product is functional without being exceptional. The differences are noticeable but not severe. I would describe the experience as acceptable rather than impressive.,neutral
I picked this product after looking at a few alternatives. The product has been a pleasant surprise. The day-to-day experience has been smooth. There are still a few minor details that could be improved.,positive
"After spending some time with this product, I have formed a fairly clear opinion. It meets the basic requirements without offering much beyond them. There are a few areas where refinement would help. Overall, it is acceptable but not exceptional.",neutral
"This product has been part of my regular routine for a while. The experience has been fairly ordinary overall. It has been usable so far, although some details could be refined. I would consider other options before making another purchase.",neutral
I picked this product after looking at a few alternatives. The product has been a pleasant surprise.,positive
I have been testing this product under normal conditions. The experience has been fairly ordinary overall. The product is adequate for straightforward use.,neutral
I have been testing this product under normal conditions. The product has been a pleasant surprise. I barely needed any time to get used to it.,positive
I gave this product a reasonable amount of use before writing this review. It has made my routine noticeably easier. The setup was painless. The product has been a pleasant surprise. I would be comfortable recommending it.,positive
I purchased this product mainly for its outdoor features. The quality is better than I expected. I barely needed any time to get used to it.,positive
I gave this product a reasonable amount of use before writing this review. It has worked consistently without unexpected problems. It has been dependable from the beginning. I would be comfortable recommending it.,positive
"I picked this product after looking at a few alternatives. There are useful aspects, but there are also some limitations. There is still some room for improvement.",neutral
I bought this storage recently and have used it regularly. I have not found anything particularly impressive about it. The product is functional without being exceptional. Some parts are better than others.,neutral
"After using the product for some time, I can comment on how it performs. It performs reliably when I need it. The overall design feels practical. I would choose this again over several alternatives.",positive
"After spending some time with this product, I have formed a fairly clear opinion. Some parts work well while others are fairly average. The differences are noticeable but not severe. The product is neither particularly impressive nor disappointing.",neutral
I have been testing this product under normal conditions. The controls feel natural and easy to understand. I would consider buying it again.,positive
"I picked this product after looking at a few alternatives. It meets the basic requirements without offering much beyond them. It is difficult to call the experience either excellent or poor. Nothing is seriously wrong, but I would not call it outstanding. It is a reasonable choice for basic requirements.",neutral
I bought this product to see how well it would fit my everyday needs. It performs reliably when I need it. The overall design feels practical.,positive
I bought this skincare recently and have used it regularly. The performance has remained dependable during regular use. It does what I need without unnecessary complications. I am happy with how it has performed.,positive
I decided to try this SoundMax product after comparing several options. It has made my routine noticeably easier. It does what I need without unnecessary complications.,positive
"I have been testing this product under normal conditions. The experience has been fairly ordinary overall. There are useful aspects, but there are also some limitations. It is a reasonable choice for basic requirements.",neutral
"After spending some time with this product, I have formed a fairly clear opinion. The controls feel natural and easy to understand. I have had no reason to complain about its reliability. I would choose this again over several alternatives. There are still a few minor details that could be improved.",positive
I purchased this product mainly for its snacks features. It has made my routine noticeably easier. The product feels thoughtfully designed. It has turned out to be a worthwhile purchase. There are still a few minor details that could be improved.,positive
I have been testing this product under normal conditions. The product is suitable if expectations remain reasonable. It depends somewhat on what you expect from the product.,neutral
I bought this product to see how well it would fit my everyday needs. The product is neither particularly impressive nor disappointing. It is difficult to call the experience either excellent or poor. The product is functional without being exceptional. There is still some room for improvement.,neutral
I gave this product a reasonable amount of use before writing this review. I would describe the experience as acceptable rather than impressive. The strengths and weaknesses are fairly balanced. It is a reasonable choice for basic requirements. Some parts are better than others.,neutral
"After using the product for some time, I can comment on how it performs. It performs reliably when I need it. The overall design feels practical.",positive
"After spending some time with this product, I have formed a fairly clear opinion. The actual performance falls short of its apparent potential. I would prefer a more reliable alternative. I would hesitate to recommend it.",negative
I gave this product a reasonable amount of use before writing this review. Some important functions have not worked properly. The product does not inspire much confidence. I would hesitate to rely on this product for important tasks. There is considerable room for improvement.,negative
I purchased this product mainly for its audio features. I can depend on it for regular use. I would consider buying it again.,positive
"After spending some time with this product, I have formed a fairly clear opinion. The product feels well made. The overall design feels practical. It has made my routine noticeably easier. It has turned out to be a worthwhile purchase.",positive
"After spending some time with this product, I have formed a fairly clear opinion. The overall performance is acceptable for ordinary use. It gets the job done, but there is room for improvement. It is a reasonable choice for basic requirements. Some parts are better than others.",neutral
I decided to try this DailyHome product after comparing several options. I would describe the experience as acceptable rather than impressive. The limitations are manageable for normal use. It handles the basic job adequately. There is still some room for improvement.,neutral
"This product has been part of my regular routine for a while. It performs reliably when I need it. The overall design feels practical. Overall, I am satisfied with the purchase.",positive
I picked this product after looking at a few alternatives. The setup was quick and straightforward. I barely needed any time to get used to it. I would choose this again over several alternatives.,positive
"After using the product for some time, I can comment on how it performs. Nothing is seriously wrong, but I would not call it outstanding. It handles the basic job adequately.",neutral
I bought this men recently and have used it regularly. The product handles its main tasks very well. The setup was painless. I have found it easy and comfortable to use.,positive
I purchased this product mainly for its fragrance features. It has worked consistently without unexpected problems. The setup was painless.,positive
"I bought this product to see how well it would fit my everyday needs. It handles the basic job adequately. It is difficult to call the experience either excellent or poor. Nothing is seriously wrong, but I would not call it outstanding. Some parts are better than others.",neutral
This product has been part of my regular routine for a while. The product has remained reliable even after repeated use. I am happy with how it has performed.,positive
I bought this console recently and have used it regularly. The product has been a pleasant surprise. The product feels well made. I would choose this again over several alternatives.,positive
I bought this product to see how well it would fit my everyday needs. It performs roughly as I expected. It depends somewhat on what you expect from the product.,neutral
I have been using this appliances product for a few weeks. It has worked consistently without unexpected problems. I have had no reason to complain about its reliability. The controls feel natural and easy to understand.,positive
"I decided to try this NatureTouch product after comparing several options. Nothing is seriously wrong, but I would not call it outstanding. There are a few areas where refinement would help. It meets the basic requirements without offering much beyond them. It is fine as long as expectations are realistic.",neutral
"After spending some time with this product, I have formed a fairly clear opinion. The performance has remained dependable during regular use. It does what I need without unnecessary complications. I have found it easy and comfortable to use.",positive
"I bought this product to see how well it would fit my everyday needs. It handles the basic job adequately. The result is reasonably predictable. It gets the job done, but there is room for improvement. There is still some room for improvement.",neutral
This product has been part of my regular routine for a while. I can depend on it for regular use. It has been dependable from the beginning. The product has been a pleasant surprise. I would be comfortable recommending it.,positive
I picked this product after looking at a few alternatives. Some parts work well while others are fairly average. The strengths and weaknesses are fairly balanced. The overall quality is reasonable for the price.,neutral
I picked this product after looking at a few alternatives. The quality is better than I expected. The overall design feels practical. The setup was quick and straightforward. I would be comfortable recommending it.,positive
This product has been part of my regular routine for a while. The overall quality is reasonable for the price. There are a few areas where refinement would help. Some parts are better than others.,neutral
This product has been part of my regular routine for a while. The product is suitable if expectations remain reasonable. It is difficult to call the experience either excellent or poor.,neutral
This product has been part of my regular routine for a while. The performance has remained dependable during regular use. It has turned out to be a worthwhile purchase.,positive
"After spending some time with this product, I have formed a fairly clear opinion. The controls feel natural and easy to understand.",positive
"I decided to try this Casa product after comparing several options. It gets the job done, but there is room for improvement. It depends somewhat on what you expect from the product. It handles the basic job adequately.",neutral
"After using the product for some time, I can comment on how it performs. The performance has remained dependable during regular use. It has handled regular use without difficulty. The product has remained reliable even after repeated use.",positive
"After spending some time with this product, I have formed a fairly clear opinion. I have had trouble depending on it for regular use. The issues are especially noticeable during longer sessions. The product started showing problems after repeated use.",negative
I picked this product after looking at a few alternatives. The performance has remained dependable during regular use. I have had no reason to complain about its reliability. The controls feel natural and easy to understand. I would consider buying it again.,positive
I picked this product after looking at a few alternatives. It performs reliably when I need it.,positive
I picked this product after looking at a few alternatives. I have not found anything particularly impressive about it.,neutral
I bought this product to see how well it would fit my everyday needs. The setup was quick and straightforward. It has been dependable from the beginning. I have not had any meaningful problems with it.,positive
"I purchased this product mainly for its sportswear features. I would describe the experience as acceptable rather than impressive. There are useful aspects, but there are also some limitations. I would describe the experience as average.",neutral
I have been testing this product under normal conditions. The actual performance falls short of its apparent potential. The setup was more difficult than it needed to be. I would look at alternatives before buying it again.,negative
I decided to try this ReadWell product after comparing several options. The product has both strengths and weaknesses. There are a few areas where refinement would help. I would describe the experience as average.,neutral
I gave this product a reasonable amount of use before writing this review. The product has been a pleasant surprise. I barely needed any time to get used to it. The product feels thoughtfully designed. I would consider buying it again.,positive
"I picked this product after looking at a few alternatives. It has been usable so far, although some details could be refined. It is difficult to call the experience either excellent or poor. Overall, it is acceptable but not exceptional.",neutral
This product has been part of my regular routine for a while. The product has caused more frustration than I expected. The problems affect the overall experience. I would probably choose another option next time.,negative
"After spending some time with this product, I have formed a fairly clear opinion. It performs reliably when I need it. There are still a few minor details that could be improved.",positive
I have been testing this product under normal conditions. It has made my routine noticeably easier. The controls feel natural and easy to understand. I would be comfortable recommending it.,positive
"After using the product for some time, I can comment on how it performs. The product is neither particularly impressive nor disappointing. The overall performance is acceptable for ordinary use.",neutral
I bought this product to see how well it would fit my everyday needs. Its main features have worked smoothly. It has turned out to be a worthwhile purchase.,positive
I picked this product after looking at a few alternatives. The product is neither particularly impressive nor disappointing. There are a few areas where refinement would help. The product is suitable if expectations remain reasonable. I would describe the experience as average.,neutral
This product has been part of my regular routine for a while. It performs roughly as I expected. It is difficult to call the experience either excellent or poor. It is a reasonable choice for basic requirements. Some parts are better than others.,neutral
"After using the product for some time, I can comment on how it performs. The product feels well made. The setup was painless. I would choose this again over several alternatives.",positive
I bought this product to see how well it would fit my everyday needs. The product is functional without being exceptional. The product is adequate for straightforward use. I would consider other options before making another purchase.,neutral
I have been using this accessories product for a few weeks. I would describe the experience as acceptable rather than impressive. I would consider other options before making another purchase.,neutral
I decided to try this GameZone product after comparing several options. I would describe the experience as acceptable rather than impressive. The product is adequate for straightforward use. The overall quality is reasonable for the price.,neutral
"After using the product for some time, I can comment on how it performs. The product has remained reliable even after repeated use. The setup was painless. It has turned out to be a worthwhile purchase.",positive
I picked this product after looking at a few alternatives. The overall performance is acceptable for ordinary use. It handles the basic job adequately.,neutral
"I have been testing this product under normal conditions. Nothing is seriously wrong, but I would not call it outstanding. The result is reasonably predictable. It meets the basic requirements without offering much beyond them. It is fine as long as expectations are realistic.",neutral
"After using the product for some time, I can comment on how it performs. It has made my routine noticeably easier. The day-to-day experience has been smooth. There are still a few minor details that could be improved.",positive
This product has been part of my regular routine for a while. I would hesitate to rely on this product for important tasks. The issues are especially noticeable during longer sessions. The product has caused more frustration than I expected. I would look at alternatives before buying it again. One or two aspects of the product are still useful.,negative
"After spending some time with this product, I have formed a fairly clear opinion. It performs roughly as I expected. The limitations are manageable for normal use.",neutral
I bought this fiction recently and have used it regularly. I would hesitate to rely on this product for important tasks. I would prefer a more reliable alternative. Some important functions have not worked properly. I expected better overall reliability.,negative
"I decided to try this DailyHome product after comparing several options. The overall experience has been better than I anticipated. It does what I need without unnecessary complications. Overall, I am satisfied with the purchase.",positive
I picked this product after looking at a few alternatives. The product has both strengths and weaknesses. The result is reasonably predictable. Some parts are better than others.,neutral
I purchased this product mainly for its business features. The overall quality is reasonable for the price. I would describe the experience as acceptable rather than impressive. There is still some room for improvement.,neutral
I purchased this product mainly for its laptop features. The experience has been fairly ordinary overall. The product is adequate for straightforward use. It is a reasonable choice for basic requirements.,neutral
"After using the product for some time, I can comment on how it performs. Some parts work well while others are fairly average. The overall performance is acceptable for ordinary use. Overall, it is acceptable but not exceptional.",neutral
"After spending some time with this product, I have formed a fairly clear opinion. I have experienced problems that should not occur during ordinary use. I would look at alternatives before buying it again.",negative
I have been testing this product under normal conditions. The product feels thoughtfully designed. The setup was painless. I would be comfortable recommending it.,positive
"I have been testing this product under normal conditions. Its main features have worked smoothly. The overall experience has been better than I anticipated. Overall, I am satisfied with the purchase. There are still a few minor details that could be improved.",positive
"This product has been part of my regular routine for a while. It has been usable so far, although some details could be refined. The strengths and weaknesses are fairly balanced. It has been usable so far, although some details could be refined. Overall, it is acceptable but not exceptional.",neutral
"After using the product for some time, I can comment on how it performs. The product is neither particularly impressive nor disappointing. There are a few areas where refinement would help. It is fine as long as expectations are realistic.",neutral
"I bought this organic recently and have used it regularly. I have found it easy and comfortable to use. It does what I need without unnecessary complications. Overall, I am satisfied with the purchase. There are still a few minor details that could be improved.",positive
"After using the product for some time, I can comment on how it performs. The product feels well made. I have had no reason to complain about its reliability. The product feels well made. I would be comfortable recommending it.",positive
This product has been part of my regular routine for a while. The quality does not match what I expected for the price. I expected better overall reliability.,negative
"After spending some time with this product, I have formed a fairly clear opinion. Some parts work well while others are fairly average. It is difficult to call the experience either excellent or poor. It is a reasonable choice for basic requirements.",neutral
"This product has been part of my regular routine for a while. Some parts work well while others are fairly average. Overall, it is acceptable but not exceptional.",neutral
"This product has been part of my regular routine for a while. There are useful aspects, but there are also some limitations. I would describe the experience as average.",neutral
"I have been using this snacks product for a few weeks. I can depend on it for regular use. Overall, I am satisfied with the purchase.",positive
"After spending some time with this product, I have formed a fairly clear opinion. It performs reliably when I need it. It does what I need without unnecessary complications. It has worked consistently without unexpected problems.",positive
This product has been part of my regular routine for a while. I would hesitate to rely on this product for important tasks.,negative
"I have used this product in several everyday situations. I have not had any meaningful problems with it. It has been dependable from the beginning. Overall, I am satisfied with the purchase.",positive
"After spending some time with this product, I have formed a fairly clear opinion. I have had trouble depending on it for regular use. The product has caused more frustration than I expected. I expected better overall reliability.",negative
I gave this product a reasonable amount of use before writing this review. The product feels thoughtfully designed. I barely needed any time to get used to it. It has turned out to be a worthwhile purchase.,positive
I have been using this fragrance product for a few weeks. The overall quality is reasonable for the price.,neutral
I have used this product in several everyday situations. It has worked consistently without unexpected problems. The setup was painless. It performs reliably when I need it. It has turned out to be a worthwhile purchase.,positive
I purchased this product mainly for its audio features. The product has remained reliable even after repeated use. The overall design feels practical.,positive
I picked this product after looking at a few alternatives. It has worked consistently without unexpected problems. I barely needed any time to get used to it. I would choose this again over several alternatives.,positive
"After using the product for some time, I can comment on how it performs. The overall experience has been better than I anticipated. I barely needed any time to get used to it. Its main features have worked smoothly. I would consider buying it again.",positive
I have been using this sportswear product for a few weeks. It has made my routine noticeably easier. I have had no reason to complain about its reliability. It has made my routine noticeably easier. I would consider buying it again. There are still a few minor details that could be improved.,positive
I purchased this product mainly for its cricket features. The controls feel natural and easy to understand. It has been dependable from the beginning. The quality is better than I expected.,positive
"I decided to try this GameTech product after comparing several options. The product is neither particularly impressive nor disappointing. There are a few areas where refinement would help. It has been usable so far, although some details could be refined.",neutral
I bought this smart home recently and have used it regularly. There are several issues that make the product difficult to recommend. The problems affect the overall experience. I have had trouble depending on it for regular use. I expected better overall reliability.,negative
I gave this product a reasonable amount of use before writing this review. I have not found anything particularly impressive about it. The limitations are manageable for normal use. There is still some room for improvement. Some parts are better than others.,neutral
I bought this breakfast recently and have used it regularly. The product has become unreliable during normal use. I have encountered several problems that were difficult to ignore.,negative
I have been testing this product under normal conditions. The quality is better than I expected. The product handles its main tasks very well. I would consider buying it again.,positive
I have been testing this product under normal conditions. The product has not been as dependable as I needed. The setup was more difficult than it needed to be. Some important functions have not worked properly.,negative
"After using the product for some time, I can comment on how it performs. The overall quality is reasonable for the price. There are a few areas where refinement would help. Overall, it is acceptable but not exceptional.",neutral
I purchased this product mainly for its running features. It performs roughly as I expected. It depends somewhat on what you expect from the product. It is a reasonable choice for basic requirements.,neutral
"This product has been part of my regular routine for a while. Some parts work well while others are fairly average. The differences are noticeable but not severe. Nothing is seriously wrong, but I would not call it outstanding. Overall, it is acceptable but not exceptional.",neutral
This product has been part of my regular routine for a while. The product has become unreliable during normal use. I have had to work around several shortcomings. I would hesitate to recommend it.,negative
I have been testing this product under normal conditions. The overall quality is reasonable for the price. The product is adequate for straightforward use.,neutral
I have been using this controller product for a few weeks. I have found it easy and comfortable to use. The setup was painless. There are still a few minor details that could be improved.,positive
I have used this product in several everyday situations. The product handles its main tasks very well. I would be comfortable recommending it.,positive
I have been testing this product under normal conditions. The product has caused more frustration than I expected. The setup was more difficult than it needed to be. There are several issues that make the product difficult to recommend. I would hesitate to recommend it.,negative
I purchased this product mainly for its running features. I have not found anything particularly impressive about it. I would describe the experience as average.,neutral
"I gave this product a reasonable amount of use before writing this review. The experience has been fairly ordinary overall. It depends somewhat on what you expect from the product. The product works, although it does not stand out.",neutral
"After using the product for some time, I can comment on how it performs. The product works, although it does not stand out. It meets the basic requirements without offering much beyond them. There is still some room for improvement.",neutral
I have been using this snacks product for a few weeks. It performs reliably when I need it. It has been dependable from the beginning. I would be comfortable recommending it.,positive
This product has been part of my regular routine for a while. I have found it easy and comfortable to use. The setup was painless. There are still a few minor details that could be improved.,positive
I have been using this accessories product for a few weeks. I have found it easy and comfortable to use. It has been dependable from the beginning. Its main features have worked smoothly. I would choose this again over several alternatives.,positive
"I decided to try this Casa product after comparing several options. There are useful aspects, but there are also some limitations. The product is neither particularly impressive nor disappointing. Overall, it is acceptable but not exceptional.",neutral
I bought this accessories recently and have used it regularly. The overall quality is reasonable for the price. The product is neither particularly impressive nor disappointing.,neutral
I purchased this product mainly for its console features. The product started showing problems after repeated use. The product does not inspire much confidence. There is considerable room for improvement.,negative
I picked this product after looking at a few alternatives. It performs reliably when I need it. The overall design feels practical. It has worked consistently without unexpected problems.,positive
I have been using this storage product for a few weeks. The controls feel natural and easy to understand.,positive
I have used this product in several everyday situations. The product is functional without being exceptional. The product is adequate for straightforward use.,neutral
"After spending some time with this product, I have formed a fairly clear opinion. It performs reliably when I need it. It does what I need without unnecessary complications. The product has been a pleasant surprise.",positive
I purchased this product mainly for its haircare features. The product feels well made. I can depend on it for regular use.,positive
This product has been part of my regular routine for a while. The experience has been fairly ordinary overall. The differences are noticeable but not severe. The overall quality is reasonable for the price. It is fine as long as expectations are realistic.,neutral
"I have been testing this product under normal conditions. Nothing is seriously wrong, but I would not call it outstanding. There are a few areas where refinement would help. The overall performance is acceptable for ordinary use. It is a reasonable choice for basic requirements.",neutral
"After spending some time with this product, I have formed a fairly clear opinion. Its main features have worked smoothly. It has been dependable from the beginning. It has turned out to be a worthwhile purchase.",positive
I have been using this kitchen product for a few weeks. I have experienced problems that should not occur during ordinary use. The issues are especially noticeable during longer sessions.,negative
"After using the product for some time, I can comment on how it performs. It handles the basic job adequately. The strengths and weaknesses are fairly balanced. It is a reasonable choice for basic requirements.",neutral
I have used this product in several everyday situations. The overall experience has been better than I anticipated. The controls feel natural and easy to understand.,positive
"After spending some time with this product, I have formed a fairly clear opinion. It performs reliably when I need it. The overall design feels practical. The overall experience has been better than I anticipated. I would consider buying it again.",positive
"I gave this product a reasonable amount of use before writing this review. The product works, although it does not stand out. There are a few areas where refinement would help. I would describe the experience as acceptable rather than impressive.",neutral
I gave this product a reasonable amount of use before writing this review. Some parts work well while others are fairly average. The differences are noticeable but not severe. I would describe the experience as average.,neutral
"I have been testing this product under normal conditions. Nothing is seriously wrong, but I would not call it outstanding. The result is reasonably predictable. Overall, it is acceptable but not exceptional.",neutral
I have used this product in several everyday situations. Some components already show signs of wear. The product has become unreliable during normal use. There is considerable room for improvement.,negative
I decided to try this Harvest product after comparing several options. I have not found anything particularly impressive about it. The product is adequate for straightforward use. The product is neither particularly impressive nor disappointing. There is still some room for improvement.,neutral
I purchased this product mainly for its accessories features. I have not found anything particularly impressive about it. It depends somewhat on what you expect from the product. I have not found anything particularly impressive about it. Some parts are better than others.,neutral
"I have been testing this product under normal conditions. The overall performance is acceptable for ordinary use. The result is reasonably predictable. There are useful aspects, but there are also some limitations. It is fine as long as expectations are realistic.",neutral
"I bought this business recently and have used it regularly. It gets the job done, but there is room for improvement. The strengths and weaknesses are fairly balanced.",neutral
I bought this storage recently and have used it regularly. It has made my routine noticeably easier. It has handled regular use without difficulty. I have not had any meaningful problems with it. It has turned out to be a worthwhile purchase.,positive
I purchased this product mainly for its self help features. The product has both strengths and weaknesses. The limitations are manageable for normal use.,neutral
"After using the product for some time, I can comment on how it performs. I would describe the experience as acceptable rather than impressive. The differences are noticeable but not severe. I would consider other options before making another purchase.",neutral
I bought this yoga recently and have used it regularly. The overall experience has been better than I anticipated. The setup was painless.,positive
I have used this product in several everyday situations. It performs reliably when I need it. It has been dependable from the beginning. I would consider buying it again.,positive
I bought this product to see how well it would fit my everyday needs. Some parts work well while others are fairly average. It depends somewhat on what you expect from the product.,neutral
I gave this product a reasonable amount of use before writing this review. The overall performance is acceptable for ordinary use. The strengths and weaknesses are fairly balanced.,neutral
"After using the product for some time, I can comment on how it performs. The product is neither particularly impressive nor disappointing. The strengths and weaknesses are fairly balanced. Nothing is seriously wrong, but I would not call it outstanding.",neutral
This product has been part of my regular routine for a while. It has made my routine noticeably easier.,positive
This product has been part of my regular routine for a while. The product feels thoughtfully designed. It has handled regular use without difficulty. It has worked consistently without unexpected problems.,positive
I have used this product in several everyday situations. The experience has been more disappointing than satisfying. The problems affect the overall experience.,negative
I picked this product after looking at a few alternatives. The overall quality is reasonable for the price. The differences are noticeable but not severe.,neutral
This product has been part of my regular routine for a while. Some parts work well while others are fairly average.,neutral
I have used this product in several everyday situations. It meets the basic requirements without offering much beyond them. There are a few areas where refinement would help. I have not found anything particularly impressive about it.,neutral
"This product has been part of my regular routine for a while. Its main features have worked smoothly. Overall, I am satisfied with the purchase.",positive
"After using the product for some time, I can comment on how it performs. The overall performance is acceptable for ordinary use. The differences are noticeable but not severe. It is fine as long as expectations are realistic.",neutral
I picked this product after looking at a few alternatives. The overall quality is reasonable for the price. The product is functional without being exceptional.,neutral
I gave this product a reasonable amount of use before writing this review. The overall performance is acceptable for ordinary use.,neutral
I have used this product in several everyday situations. The product has been a pleasant surprise. It has been dependable from the beginning. The product feels well made.,positive
I decided to try this Peak product after comparing several options. It performs roughly as I expected. The limitations are manageable for normal use. It is a reasonable choice for basic requirements.,neutral
I purchased this product mainly for its business features. Its main features have worked smoothly. Everything has continued working as expected. I would choose this again over several alternatives.,positive
I bought this product to see how well it would fit my everyday needs. The product is functional without being exceptional.,neutral
I purchased this product mainly for its personal care features. The product handles its main tasks very well. It has been dependable from the beginning. I would choose this again over several alternatives.,positive
I purchased this product mainly for its fragrance features. The product has remained reliable even after repeated use. I barely needed any time to get used to it. I would be comfortable recommending it.,positive
I have been using this appliances product for a few weeks. It performs roughly as I expected.,neutral
"After spending some time with this product, I have formed a fairly clear opinion. The product feels thoughtfully designed. It has been dependable from the beginning. It has turned out to be a worthwhile purchase.",positive
This product has been part of my regular routine for a while. Some important functions have not worked properly. The problems affect the overall experience. There is considerable room for improvement. One or two aspects of the product are still useful.,negative
"I gave this product a reasonable amount of use before writing this review. There are useful aspects, but there are also some limitations. It depends somewhat on what you expect from the product.",neutral
"After spending some time with this product, I have formed a fairly clear opinion. It has worked consistently without unexpected problems. It does what I need without unnecessary complications. I would be comfortable recommending it.",positive
"I purchased this product mainly for its yoga features. The product works, although it does not stand out. The product is adequate for straightforward use. Some parts are better than others.",neutral
I have used this product in several everyday situations. I would describe the experience as acceptable rather than impressive. The differences are noticeable but not severe. I would describe the experience as acceptable rather than impressive.,neutral
"I have been testing this product under normal conditions. The setup was quick and straightforward. The setup was painless. Its main features have worked smoothly. Overall, I am satisfied with the purchase.",positive
I purchased this product mainly for its games features. I have not had any meaningful problems with it. It has been dependable from the beginning. The controls feel natural and easy to understand. I would choose this again over several alternatives.,positive
"After spending some time with this product, I have formed a fairly clear opinion. There are useful aspects, but there are also some limitations. I would consider other options before making another purchase.",neutral
"This product has been part of my regular routine for a while. It gets the job done, but there is room for improvement. Some parts are better than others.",neutral
I gave this product a reasonable amount of use before writing this review. The setup was quick and straightforward. It has handled regular use without difficulty. I have found it easy and comfortable to use.,positive
I have been using this fitness product for a few weeks. The experience has been more disappointing than satisfying. The setup was more difficult than it needed to be. I have experienced problems that should not occur during ordinary use. There is considerable room for improvement. One or two aspects of the product are still useful.,negative
I have used this product in several everyday situations. The controls feel natural and easy to understand. The quality is better than I expected.,positive
"I have been using this packaged food product for a few weeks. It has been usable so far, although some details could be refined. It meets the basic requirements without offering much beyond them. There is still some room for improvement.",neutral
I purchased this product mainly for its appliances features. It meets the basic requirements without offering much beyond them. The strengths and weaknesses are fairly balanced. I would describe the experience as average.,neutral
I have used this product in several everyday situations. Some important functions have not worked properly. The product does not inspire much confidence.,negative
"I have been testing this product under normal conditions. Nothing is seriously wrong, but I would not call it outstanding. The limitations are manageable for normal use.",neutral
I bought this controller recently and have used it regularly. The product has not been as dependable as I needed. The product does not inspire much confidence. Some components already show signs of wear.,negative
I bought this running recently and have used it regularly. Its main features have worked smoothly. The day-to-day experience has been smooth. There are still a few minor details that could be improved.,positive
This product has been part of my regular routine for a while. I would describe the experience as acceptable rather than impressive. It depends somewhat on what you expect from the product. It is a reasonable choice for basic requirements. Some parts are better than others.,neutral
I purchased this product mainly for its footwear features. The product feels well made. It does what I need without unnecessary complications.,positive
I have used this product in several everyday situations. The product feels well made. The day-to-day experience has been smooth. Its main features have worked smoothly. It has turned out to be a worthwhile purchase.,positive
I bought this product to see how well it would fit my everyday needs. It has made my routine noticeably easier. It has been dependable from the beginning. Its main features have worked smoothly. I would consider buying it again.,positive
I have been using this running product for a few weeks. Everything has continued working as expected. It has been dependable from the beginning.,positive
This product has been part of my regular routine for a while. It meets the basic requirements without offering much beyond them. The limitations are manageable for normal use. It is a reasonable choice for basic requirements.,neutral
This product has been part of my regular routine for a while. It performs reliably when I need it. I would be comfortable recommending it.,positive
I decided to try this ReadWell product after comparing several options. It performs roughly as I expected. There are a few areas where refinement would help.,neutral
"I bought this fitness recently and have used it regularly. The product is functional without being exceptional. The result is reasonably predictable. Overall, it is acceptable but not exceptional. Some parts are better than others.",neutral
I purchased this product mainly for its running features. I have not found anything particularly impressive about it. There are a few areas where refinement would help. I would describe the experience as average.,neutral
"I have used this product in several everyday situations. The overall quality is reasonable for the price. The differences are noticeable but not severe. It gets the job done, but there is room for improvement. Some parts are better than others.",neutral
This product has been part of my regular routine for a while. I have not found anything particularly impressive about it. The differences are noticeable but not severe.,neutral
I bought this product to see how well it would fit my everyday needs. I would describe the experience as acceptable rather than impressive.,neutral
I have been testing this product under normal conditions. The performance has remained dependable during regular use. The overall design feels practical. It has worked consistently without unexpected problems. I would be comfortable recommending it.,positive
I bought this product to see how well it would fit my everyday needs. The controls feel natural and easy to understand. It has worked consistently without unexpected problems. There are still a few minor details that could be improved.,positive
I have been using this fragrance product for a few weeks. The product feels thoughtfully designed. The overall design feels practical.,positive
"After using the product for some time, I can comment on how it performs. I would describe the experience as acceptable rather than impressive. It has been usable so far, although some details could be refined. I would consider other options before making another purchase.",neutral
I have been testing this product under normal conditions. There are several issues that make the product difficult to recommend. Some components already show signs of wear. I would hesitate to recommend it.,negative
"After spending some time with this product, I have formed a fairly clear opinion. I would hesitate to rely on this product for important tasks. The product does not inspire much confidence. One or two aspects of the product are still useful.",negative
"After using the product for some time, I can comment on how it performs. It gets the job done, but there is room for improvement. The product is adequate for straightforward use. It is fine as long as expectations are realistic.",neutral
I purchased this product mainly for its fragrance features. The overall performance is acceptable for ordinary use. The strengths and weaknesses are fairly balanced. I would describe the experience as average.,neutral
I picked this product after looking at a few alternatives. Everything has continued working as expected. The overall design feels practical.,positive
I picked this product after looking at a few alternatives. The controls feel natural and easy to understand. The overall design feels practical. I have found it easy and comfortable to use.,positive
This product has been part of my regular routine for a while. The overall experience has been better than I anticipated. Everything has continued working as expected. There are still a few minor details that could be improved.,positive
"After spending some time with this product, I have formed a fairly clear opinion. The product is suitable if expectations remain reasonable. It depends somewhat on what you expect from the product.",neutral
I picked this product after looking at a few alternatives. It meets the basic requirements without offering much beyond them. The product is adequate for straightforward use. There is still some room for improvement.,neutral
I gave this product a reasonable amount of use before writing this review. The overall quality is reasonable for the price. It is difficult to call the experience either excellent or poor. It is a reasonable choice for basic requirements.,neutral
"After using the product for some time, I can comment on how it performs. It handles the basic job adequately.",neutral
I have been using this controller product for a few weeks. It has made my routine noticeably easier. The day-to-day experience has been smooth. I have not had any meaningful problems with it.,positive
I have been using this appliances product for a few weeks. The product has remained reliable even after repeated use.,positive
"After spending some time with this product, I have formed a fairly clear opinion. It handles the basic job adequately. The strengths and weaknesses are fairly balanced. There is still some room for improvement.",neutral
"After using the product for some time, I can comment on how it performs. The quality is better than I expected. I have had no reason to complain about its reliability. The controls feel natural and easy to understand.",positive
I have been using this controller product for a few weeks. The product has both strengths and weaknesses. The strengths and weaknesses are fairly balanced. There is still some room for improvement.,neutral
"After spending some time with this product, I have formed a fairly clear opinion. The experience has been fairly ordinary overall. There are a few areas where refinement would help. The experience has been fairly ordinary overall. Overall, it is acceptable but not exceptional.",neutral
"I bought this packaged food recently and have used it regularly. It meets the basic requirements without offering much beyond them. It depends somewhat on what you expect from the product. The product works, although it does not stand out. I would describe the experience as average.",neutral
I have been testing this product under normal conditions. Its main features have worked smoothly. The day-to-day experience has been smooth. It has turned out to be a worthwhile purchase.,positive
"After spending some time with this product, I have formed a fairly clear opinion. The controls feel natural and easy to understand. I have had no reason to complain about its reliability. There are still a few minor details that could be improved.",positive
"After using the product for some time, I can comment on how it performs. I would describe the experience as acceptable rather than impressive. It has been usable so far, although some details could be refined. It is a reasonable choice for basic requirements.",neutral
This product has been part of my regular routine for a while. The product has been a pleasant surprise. The setup was painless. It has worked consistently without unexpected problems.,positive
"I decided to try this Zenith product after comparing several options. The product is functional without being exceptional. It is difficult to call the experience either excellent or poor. It gets the job done, but there is room for improvement. I would consider other options before making another purchase.",neutral
This product has been part of my regular routine for a while. The quality does not match what I expected for the price. I have encountered several problems that were difficult to ignore. There is considerable room for improvement.,negative
"I purchased this product mainly for its snacks features. The overall experience has been better than I anticipated. I barely needed any time to get used to it. The setup was quick and straightforward. Overall, I am satisfied with the purchase.",positive
"I decided to try this Peak product after comparing several options. It has been usable so far, although some details could be refined. There are a few areas where refinement would help.",neutral
I bought this audio recently and have used it regularly. The product feels thoughtfully designed. It has handled regular use without difficulty. The product feels well made. It has turned out to be a worthwhile purchase.,positive
I bought this product to see how well it would fit my everyday needs. The product has both strengths and weaknesses. It is difficult to call the experience either excellent or poor.,neutral
"After using the product for some time, I can comment on how it performs. The overall quality is reasonable for the price. The result is reasonably predictable. It gets the job done, but there is room for improvement. I would describe the experience as average.",neutral
This product has been part of my regular routine for a while. The quality is better than I expected. The overall design feels practical. I am happy with how it has performed.,positive
"I picked this product after looking at a few alternatives. Nothing is seriously wrong, but I would not call it outstanding. The differences are noticeable but not severe. Overall, it is acceptable but not exceptional. Some parts are better than others.",neutral
"After using the product for some time, I can comment on how it performs. The quality is better than I expected. The overall design feels practical. There are still a few minor details that could be improved.",positive
I bought this product to see how well it would fit my everyday needs. The quality is better than I expected. The setup was painless. The product feels thoughtfully designed.,positive
This product has been part of my regular routine for a while. The product handles its main tasks very well. It does what I need without unnecessary complications. The overall experience has been better than I anticipated. I would be comfortable recommending it.,positive
I purchased this product mainly for its storage features. Its main features have worked smoothly. It does what I need without unnecessary complications. The setup was quick and straightforward. There are still a few minor details that could be improved.,positive
This product has been part of my regular routine for a while. The experience has been fairly ordinary overall. There are a few areas where refinement would help.,neutral
I decided to try this MoveWell product after comparing several options. The overall performance is acceptable for ordinary use.,neutral
"I gave this product a reasonable amount of use before writing this review. The product has remained reliable even after repeated use. The setup was painless. The product handles its main tasks very well. Overall, I am satisfied with the purchase.",positive
"After using the product for some time, I can comment on how it performs. Its main features have worked smoothly. It has worked consistently without unexpected problems. Overall, I am satisfied with the purchase.",positive
I gave this product a reasonable amount of use before writing this review. The product is suitable if expectations remain reasonable. There are a few areas where refinement would help. The product is suitable if expectations remain reasonable. I would consider other options before making another purchase.,neutral
"After using the product for some time, I can comment on how it performs. Everything has continued working as expected. The overall design feels practical. I would consider buying it again.",positive
"After using the product for some time, I can comment on how it performs. The product has remained reliable even after repeated use. It does what I need without unnecessary complications. The product feels thoughtfully designed. Overall, I am satisfied with the purchase.",positive
I bought this men recently and have used it regularly. I have experienced problems that should not occur during ordinary use. The issues are especially noticeable during longer sessions.,negative
"I decided to try this TrendX product after comparing several options. It gets the job done, but there is room for improvement. It depends somewhat on what you expect from the product. It performs roughly as I expected. There is still some room for improvement.",neutral
I purchased this product mainly for its accessories features. The controls feel natural and easy to understand.,positive
I bought this storage recently and have used it regularly. The quality is better than I expected. The day-to-day experience has been smooth. I am happy with how it has performed.,positive
I bought this product to see how well it would fit my everyday needs. The setup was quick and straightforward. The product has been a pleasant surprise. There are still a few minor details that could be improved.,positive
I have been testing this product under normal conditions. The overall performance is acceptable for ordinary use.,neutral
I gave this product a reasonable amount of use before writing this review. The materials do not feel particularly durable. The problems affect the overall experience. There is considerable room for improvement.,negative
I bought this men recently and have used it regularly. It handles the basic job adequately. The differences are noticeable but not severe. It is fine as long as expectations are realistic.,neutral
I purchased this product mainly for its mobile features. Several aspects of the experience could be substantially better. The setup was more difficult than it needed to be.,negative
"After spending some time with this product, I have formed a fairly clear opinion. The product works, although it does not stand out. I would consider other options before making another purchase. Some parts are better than others.",neutral
"I picked this product after looking at a few alternatives. The overall quality is reasonable for the price. The strengths and weaknesses are fairly balanced. It gets the job done, but there is room for improvement. I would consider other options before making another purchase.",neutral
I decided to try this ModeFit product after comparing several options. The overall experience has been better than I anticipated. The day-to-day experience has been smooth. I would be comfortable recommending it.,positive
I have used this product in several everyday situations. It has made my routine noticeably easier. It does what I need without unnecessary complications. The quality is better than I expected. I would choose this again over several alternatives.,positive
I have been testing this product under normal conditions. The product is functional without being exceptional.,neutral
"I decided to try this Peak product after comparing several options. There are useful aspects, but there are also some limitations. The product is functional without being exceptional. There is still some room for improvement. Some parts are better than others.",neutral
I bought this product to see how well it would fit my everyday needs. The setup was quick and straightforward. The overall design feels practical. The quality is better than I expected. I would be comfortable recommending it.,positive
I purchased this product mainly for its yoga features. The product is functional without being exceptional. The differences are noticeable but not severe. The overall quality is reasonable for the price. It is a reasonable choice for basic requirements.,neutral
I bought this product to see how well it would fit my everyday needs. The product has remained reliable even after repeated use. It does what I need without unnecessary complications. The overall experience has been better than I anticipated. There are still a few minor details that could be improved.,positive
"After spending some time with this product, I have formed a fairly clear opinion. Some parts work well while others are fairly average. The product is adequate for straightforward use. The overall quality is reasonable for the price. There is still some room for improvement.",neutral
I picked this product after looking at a few alternatives. It handles the basic job adequately.,neutral
"After using the product for some time, I can comment on how it performs. It has worked consistently without unexpected problems. I barely needed any time to get used to it. It has turned out to be a worthwhile purchase.",positive
I bought this console recently and have used it regularly. The product is neither particularly impressive nor disappointing. The strengths and weaknesses are fairly balanced. I would describe the experience as acceptable rather than impressive. It is a reasonable choice for basic requirements.,neutral
I gave this product a reasonable amount of use before writing this review. Everything has continued working as expected. It has handled regular use without difficulty. The product handles its main tasks very well. I would be comfortable recommending it.,positive
I picked this product after looking at a few alternatives. It has worked consistently without unexpected problems. The overall design feels practical. I would choose this again over several alternatives. There are still a few minor details that could be improved.,positive
"I gave this product a reasonable amount of use before writing this review. The overall performance is acceptable for ordinary use. The product is adequate for straightforward use. Overall, it is acceptable but not exceptional.",neutral
I purchased this product mainly for its technology features. I would describe the experience as acceptable rather than impressive.,neutral
"I bought this product to see how well it would fit my everyday needs. It performs roughly as I expected. The product works, although it does not stand out. I would describe the experience as average.",neutral
I gave this product a reasonable amount of use before writing this review. The overall experience has been better than I anticipated. I have had no reason to complain about its reliability. The product feels well made. It has turned out to be a worthwhile purchase. There are still a few minor details that could be improved.,positive
I picked this product after looking at a few alternatives. I have found it easy and comfortable to use. I barely needed any time to get used to it. The performance has remained dependable during regular use. It has turned out to be a worthwhile purchase.,positive
I have used this product in several everyday situations. Some components already show signs of wear. I would prefer a more reliable alternative. I would probably choose another option next time.,negative
I bought this product to see how well it would fit my everyday needs. The quality is better than I expected. The setup was painless. I would choose this again over several alternatives.,positive
I have used this product in several everyday situations. The product is neither particularly impressive nor disappointing. I have not found anything particularly impressive about it. It is fine as long as expectations are realistic.,neutral
"I have used this product in several everyday situations. It meets the basic requirements without offering much beyond them. There are a few areas where refinement would help. There are useful aspects, but there are also some limitations. There is still some room for improvement.",neutral
I bought this product to see how well it would fit my everyday needs. The actual performance falls short of its apparent potential. The product does not inspire much confidence. The product has failed to perform consistently.,negative
I bought this men recently and have used it regularly. I can depend on it for regular use. The overall design feels practical. I am happy with how it has performed.,positive
I have been using this accessories product for a few weeks. The product handles its main tasks very well. I have had no reason to complain about its reliability. I would be comfortable recommending it.,positive
"After spending some time with this product, I have formed a fairly clear opinion. The overall quality is reasonable for the price. I would consider other options before making another purchase.",neutral
"After using the product for some time, I can comment on how it performs. The product feels well made. It has made my routine noticeably easier.",positive
"I have been testing this product under normal conditions. Its main features have worked smoothly. The day-to-day experience has been smooth. I have not had any meaningful problems with it. Overall, I am satisfied with the purchase.",positive
"I decided to try this GameZone product after comparing several options. There are useful aspects, but there are also some limitations.",neutral
This product has been part of my regular routine for a while. The performance has remained dependable during regular use. I barely needed any time to get used to it.,positive
I purchased this product mainly for its organic features. I can depend on it for regular use. The setup was painless. I can depend on it for regular use. I would consider buying it again.,positive
I picked this product after looking at a few alternatives. I have not found anything particularly impressive about it. The strengths and weaknesses are fairly balanced. The overall performance is acceptable for ordinary use.,neutral
"After spending some time with this product, I have formed a fairly clear opinion. The product is functional without being exceptional. The product is adequate for straightforward use. I would describe the experience as average.",neutral
I purchased this product mainly for its makeup features. It has worked consistently without unexpected problems.,positive
I have used this product in several everyday situations. I have found it easy and comfortable to use. It does what I need without unnecessary complications. I would consider buying it again.,positive
I bought this men recently and have used it regularly. The product has both strengths and weaknesses. Some parts work well while others are fairly average. I would consider other options before making another purchase.,neutral
"I bought this mobile recently and have used it regularly. The overall performance is acceptable for ordinary use. The limitations are manageable for normal use. It gets the job done, but there is room for improvement. Some parts are better than others.",neutral
I purchased this product mainly for its storage features. It has made my routine noticeably easier. It has been dependable from the beginning. I am happy with how it has performed. There are still a few minor details that could be improved.,positive
I decided to try this NovaTech product after comparing several options. The product has both strengths and weaknesses. The result is reasonably predictable.,neutral
"After using the product for some time, I can comment on how it performs. Nothing is seriously wrong, but I would not call it outstanding. There are a few areas where refinement would help. It is fine as long as expectations are realistic.",neutral
I purchased this product mainly for its makeup features. Some parts work well while others are fairly average. The experience has been fairly ordinary overall. There is still some room for improvement. Some parts are better than others.,neutral
"I decided to try this PixelPro product after comparing several options. The product works, although it does not stand out. It depends somewhat on what you expect from the product. The experience has been fairly ordinary overall. I would describe the experience as average.",neutral
"I gave this product a reasonable amount of use before writing this review. Nothing is seriously wrong, but I would not call it outstanding. Some parts are better than others.",neutral
I bought this product to see how well it would fit my everyday needs. I can depend on it for regular use.,positive
"I purchased this product mainly for its sportswear features. It has been usable so far, although some details could be refined. It depends somewhat on what you expect from the product. It handles the basic job adequately. Overall, it is acceptable but not exceptional.",neutral
"After using the product for some time, I can comment on how it performs. It has been usable so far, although some details could be refined. The product is suitable if expectations remain reasonable. It is a reasonable choice for basic requirements.",neutral
I decided to try this GoodFood product after comparing several options. The actual performance falls short of its apparent potential. The product does not inspire much confidence. I expected better overall reliability. One or two aspects of the product are still useful.,negative
I bought this product to see how well it would fit my everyday needs. The experience has been fairly ordinary overall. There are a few areas where refinement would help. The product is functional without being exceptional. It is a reasonable choice for basic requirements.,neutral
I have been testing this product under normal conditions. The quality is better than I expected. The performance has remained dependable during regular use. I am happy with how it has performed. There are still a few minor details that could be improved.,positive
I gave this product a reasonable amount of use before writing this review. The experience has been fairly ordinary overall. The result is reasonably predictable. Some parts are better than others.,neutral
"After using the product for some time, I can comment on how it performs. It meets the basic requirements without offering much beyond them. There is still some room for improvement.",neutral
This product has been part of my regular routine for a while. Its main features have worked smoothly. I have had no reason to complain about its reliability. The quality is better than I expected.,positive
I gave this product a reasonable amount of use before writing this review. The performance has remained dependable during regular use. The overall design feels practical. The product feels well made. I am happy with how it has performed.,positive
This product has been part of my regular routine for a while. Some important functions have not worked properly. The issues are especially noticeable during longer sessions. The experience has been more disappointing than satisfying. I do not think I would purchase it again.,negative
I gave this product a reasonable amount of use before writing this review. The product has failed to perform consistently. The problems became more noticeable with continued use. I have encountered several problems that were difficult to ignore. One or two aspects of the product are still useful.,negative
"I bought this product to see how well it would fit my everyday needs. The product works, although it does not stand out. The limitations are manageable for normal use.",neutral
I decided to try this Casa product after comparing several options. It performs roughly as I expected.,neutral
I bought this technology recently and have used it regularly. The product is neither particularly impressive nor disappointing. I would describe the experience as average.,neutral
I have been using this audio product for a few weeks. The overall performance is acceptable for ordinary use. The product is adequate for straightforward use. I would describe the experience as average.,neutral
"I have been using this fiction product for a few weeks. The overall performance is acceptable for ordinary use. The differences are noticeable but not severe. Overall, it is acceptable but not exceptional.",neutral
"This product has been part of my regular routine for a while. The product handles its main tasks very well. The quality is better than I expected. Overall, I am satisfied with the purchase.",positive
"I purchased this product mainly for its storage features. The product feels thoughtfully designed. Overall, I am satisfied with the purchase.",positive
"I have been using this organic product for a few weeks. It meets the basic requirements without offering much beyond them. Nothing is seriously wrong, but I would not call it outstanding. I would consider other options before making another purchase.",neutral
I have been using this organic product for a few weeks. The product feels well made. The overall design feels practical. I can depend on it for regular use.,positive
I have been testing this product under normal conditions. Its main features have worked smoothly. It does what I need without unnecessary complications. The product has been a pleasant surprise. I would choose this again over several alternatives.,positive
"After spending some time with this product, I have formed a fairly clear opinion. It has been usable so far, although some details could be refined. The strengths and weaknesses are fairly balanced. I have not found anything particularly impressive about it. I would describe the experience as average.",neutral
"After using the product for some time, I can comment on how it performs. I have found it easy and comfortable to use. The setup was painless. It has turned out to be a worthwhile purchase.",positive
"After using the product for some time, I can comment on how it performs. The product has been a pleasant surprise. The overall design feels practical.",positive
"After using the product for some time, I can comment on how it performs. It performs reliably when I need it.",positive
I bought this product to see how well it would fit my everyday needs. I have not had any meaningful problems with it.,positive
I bought this self help recently and have used it regularly. Its main features have worked smoothly. The overall design feels practical. It has made my routine noticeably easier. I am happy with how it has performed.,positive
I bought this product to see how well it would fit my everyday needs. The performance has remained dependable during regular use. It does what I need without unnecessary complications.,positive
"After spending some time with this product, I have formed a fairly clear opinion. Its main features have worked smoothly. It has been dependable from the beginning.",positive
"After using the product for some time, I can comment on how it performs. The overall experience has been better than I anticipated. The setup was painless. I am happy with how it has performed.",positive
I picked this product after looking at a few alternatives. The controls feel natural and easy to understand. The overall experience has been better than I anticipated.,positive
"I picked this product after looking at a few alternatives. It has been usable so far, although some details could be refined. There are a few areas where refinement would help. The product has both strengths and weaknesses. Overall, it is acceptable but not exceptional.",neutral
I gave this product a reasonable amount of use before writing this review. It performs roughly as I expected. The result is reasonably predictable.,neutral
I have used this product in several everyday situations. The product is functional without being exceptional.,neutral
I gave this product a reasonable amount of use before writing this review. The actual performance falls short of its apparent potential. The issues are especially noticeable during longer sessions. I do not think I would purchase it again.,negative
I have been testing this product under normal conditions. The controls feel natural and easy to understand. I have had no reason to complain about its reliability. The product has been a pleasant surprise.,positive
I have used this product in several everyday situations. I have had trouble depending on it for regular use. I would prefer a more reliable alternative. I would hesitate to rely on this product for important tasks. I would hesitate to recommend it. One or two aspects of the product are still useful.,negative
"I have used this product in several everyday situations. The product feels thoughtfully designed. The overall design feels practical. Overall, I am satisfied with the purchase.",positive
I gave this product a reasonable amount of use before writing this review. The overall performance is acceptable for ordinary use. The strengths and weaknesses are fairly balanced. I would consider other options before making another purchase.,neutral
I purchased this product mainly for its men features. I would describe the experience as acceptable rather than impressive. It is fine as long as expectations are realistic.,neutral
"After using the product for some time, I can comment on how it performs. The overall experience has been better than I anticipated. I am happy with how it has performed.",positive
I gave this product a reasonable amount of use before writing this review. I have found it easy and comfortable to use. The day-to-day experience has been smooth. I would consider buying it again.,positive
This product has been part of my regular routine for a while. The overall performance is acceptable for ordinary use. It is difficult to call the experience either excellent or poor. Some parts are better than others.,neutral
I picked this product after looking at a few alternatives. The product is neither particularly impressive nor disappointing. It depends somewhat on what you expect from the product. I would describe the experience as acceptable rather than impressive. There is still some room for improvement.,neutral
I gave this product a reasonable amount of use before writing this review. It performs roughly as I expected. The limitations are manageable for normal use. It meets the basic requirements without offering much beyond them. It is fine as long as expectations are realistic.,neutral
I bought this skincare recently and have used it regularly. The performance has remained dependable during regular use. I would consider buying it again.,positive
I bought this product to see how well it would fit my everyday needs. I have experienced problems that should not occur during ordinary use. I have encountered several problems that were difficult to ignore. I do not think I would purchase it again.,negative
I have been using this controller product for a few weeks. The product has remained reliable even after repeated use. It has handled regular use without difficulty. The product handles its main tasks very well.,positive
I bought this product to see how well it would fit my everyday needs. The experience has been more disappointing than satisfying. The product does not inspire much confidence. Some important functions have not worked properly.,negative
I picked this product after looking at a few alternatives. The product feels well made. I am happy with how it has performed.,positive
I bought this product to see how well it would fit my everyday needs. The actual performance falls short of its apparent potential.,negative
This product has been part of my regular routine for a while. The product handles its main tasks very well. I barely needed any time to get used to it. The setup was quick and straightforward. It has turned out to be a worthwhile purchase.,positive
"I purchased this product mainly for its accessories features. The product is suitable if expectations remain reasonable. The product is adequate for straightforward use. It gets the job done, but there is room for improvement. I would describe the experience as average.",neutral
I have been using this gaming audio product for a few weeks. The product has been a pleasant surprise. I would consider buying it again.,positive
I bought this outdoor recently and have used it regularly. The setup was quick and straightforward. The day-to-day experience has been smooth. I would consider buying it again.,positive
"After spending some time with this product, I have formed a fairly clear opinion. It handles the basic job adequately. The differences are noticeable but not severe. It gets the job done, but there is room for improvement. I would describe the experience as average.",neutral
I have been testing this product under normal conditions. The product has both strengths and weaknesses. It handles the basic job adequately. I would describe the experience as average.,neutral
I have been using this snacks product for a few weeks. Its main features have worked smoothly.,positive
I picked this product after looking at a few alternatives. The product has both strengths and weaknesses. The strengths and weaknesses are fairly balanced. It handles the basic job adequately. I would describe the experience as average.,neutral
I have used this product in several everyday situations. It performs reliably when I need it. I would consider buying it again.,positive
"I have been testing this product under normal conditions. The overall quality is reasonable for the price. It is difficult to call the experience either excellent or poor. It has been usable so far, although some details could be refined. Some parts are better than others.",neutral
I have been testing this product under normal conditions. Some important functions have not worked properly. I expected better overall reliability.,negative
"I have been testing this product under normal conditions. It gets the job done, but there is room for improvement. The differences are noticeable but not severe. The product is suitable if expectations remain reasonable.",neutral
I bought this product to see how well it would fit my everyday needs. The performance has remained dependable during regular use. The overall design feels practical. The product has been a pleasant surprise. I would consider buying it again.,positive
"I have used this product in several everyday situations. The controls feel natural and easy to understand. The setup was quick and straightforward. Overall, I am satisfied with the purchase.",positive
"This product has been part of my regular routine for a while. The overall experience has been better than I anticipated. It has been dependable from the beginning. The quality is better than I expected. Overall, I am satisfied with the purchase.",positive
I bought this product to see how well it would fit my everyday needs. Several aspects of the experience could be substantially better.,negative
I have been using this outdoor product for a few weeks. It performs reliably when I need it. It has been dependable from the beginning. I have not had any meaningful problems with it.,positive
I decided to try this KnowledgeHub product after comparing several options. The experience has been fairly ordinary overall. There is still some room for improvement.,neutral
"I bought this appliances recently and have used it regularly. It gets the job done, but there is room for improvement. It is difficult to call the experience either excellent or poor.",neutral
I decided to try this GoodFood product after comparing several options. The product is functional without being exceptional. The product is adequate for straightforward use.,neutral
"After spending some time with this product, I have formed a fairly clear opinion. I would describe the experience as acceptable rather than impressive.",neutral
"I have used this product in several everyday situations. The overall experience has been better than I anticipated. The overall design feels practical. Overall, I am satisfied with the purchase.",positive
I gave this product a reasonable amount of use before writing this review. It performs roughly as I expected. It is a reasonable choice for basic requirements.,neutral
"This product has been part of my regular routine for a while. It gets the job done, but there is room for improvement. The result is reasonably predictable.",neutral
"After spending some time with this product, I have formed a fairly clear opinion. I have not had any meaningful problems with it. It has handled regular use without difficulty.",positive
"After using the product for some time, I can comment on how it performs. The product has remained reliable even after repeated use. The day-to-day experience has been smooth. I would be comfortable recommending it.",positive
I picked this product after looking at a few alternatives. The product has both strengths and weaknesses. It depends somewhat on what you expect from the product. It handles the basic job adequately.,neutral
"After spending some time with this product, I have formed a fairly clear opinion. It meets the basic requirements without offering much beyond them. The product is suitable if expectations remain reasonable. It is a reasonable choice for basic requirements.",neutral
I decided to try this PlayMax product after comparing several options. Everything has continued working as expected.,positive
"I bought this fragrance recently and have used it regularly. Nothing is seriously wrong, but I would not call it outstanding. There are a few areas where refinement would help. I would describe the experience as average.",neutral
This product has been part of my regular routine for a while. The product has both strengths and weaknesses.,neutral
I picked this product after looking at a few alternatives. The performance has remained dependable during regular use. It does what I need without unnecessary complications. There are still a few minor details that could be improved.,positive
I purchased this product mainly for its personal care features. The setup was quick and straightforward. I have had no reason to complain about its reliability. The controls feel natural and easy to understand. I would choose this again over several alternatives. There are still a few minor details that could be improved.,positive
I have used this product in several everyday situations. The product feels well made. I barely needed any time to get used to it. The setup was quick and straightforward. I am happy with how it has performed.,positive
"After spending some time with this product, I have formed a fairly clear opinion. I can depend on it for regular use. There are still a few minor details that could be improved.",positive
I gave this product a reasonable amount of use before writing this review. The product feels thoughtfully designed. The setup was painless. I am happy with how it has performed.,positive
"After using the product for some time, I can comment on how it performs. The product works, although it does not stand out. The limitations are manageable for normal use. It meets the basic requirements without offering much beyond them.",neutral
"After using the product for some time, I can comment on how it performs. The product has been a pleasant surprise.",positive
I bought this mobile recently and have used it regularly. It has made my routine noticeably easier. It does what I need without unnecessary complications. It has worked consistently without unexpected problems. I would be comfortable recommending it.,positive
I purchased this product mainly for its console features. It has worked consistently without unexpected problems. The overall design feels practical. I would be comfortable recommending it.,positive
I decided to try this PaperTrail product after comparing several options. The quality is better than I expected. The setup was painless. It has worked consistently without unexpected problems. I would be comfortable recommending it.,positive
I have been using this smart home product for a few weeks. The product feels well made. The day-to-day experience has been smooth. The product handles its main tasks very well.,positive
I have been using this audio product for a few weeks. I would describe the experience as acceptable rather than impressive. The limitations are manageable for normal use.,neutral
This product has been part of my regular routine for a while. The overall quality is reasonable for the price. The product is adequate for straightforward use.,neutral
I have been using this games product for a few weeks. The overall quality is reasonable for the price.,neutral
"I purchased this product mainly for its appliances features. Some parts work well while others are fairly average. There are a few areas where refinement would help. Nothing is seriously wrong, but I would not call it outstanding.",neutral
"After spending some time with this product, I have formed a fairly clear opinion. I have experienced problems that should not occur during ordinary use. I expected something more dependable. Several aspects of the experience could be substantially better. I would look at alternatives before buying it again.",negative
I decided to try this GameZone product after comparing several options. The performance has remained dependable during regular use. It has handled regular use without difficulty. The product handles its main tasks very well.,positive
I have used this product in several everyday situations. The quality is better than I expected. The product feels thoughtfully designed.,positive
I have been using this storage product for a few weeks. The overall experience has been better than I anticipated. It has handled regular use without difficulty. The overall experience has been better than I anticipated. It has turned out to be a worthwhile purchase.,positive
"I bought this fragrance recently and have used it regularly. It gets the job done, but there is room for improvement. It is difficult to call the experience either excellent or poor. I would consider other options before making another purchase.",neutral
"After using the product for some time, I can comment on how it performs. The overall quality is reasonable for the price. The product is adequate for straightforward use. There is still some room for improvement.",neutral
I bought this product to see how well it would fit my everyday needs. Everything has continued working as expected. Its main features have worked smoothly. I am happy with how it has performed.,positive
"After spending some time with this product, I have formed a fairly clear opinion. Nothing is seriously wrong, but I would not call it outstanding. The limitations are manageable for normal use. It is fine as long as expectations are realistic.",neutral
"After spending some time with this product, I have formed a fairly clear opinion. I would describe the experience as acceptable rather than impressive. It depends somewhat on what you expect from the product.",neutral
"I bought this product to see how well it would fit my everyday needs. Nothing is seriously wrong, but I would not call it outstanding. It is a reasonable choice for basic requirements. Some parts are better than others.",neutral
I have used this product in several everyday situations. The overall experience has been better than I anticipated. It has been dependable from the beginning. The setup was quick and straightforward.,positive
I gave this product a reasonable amount of use before writing this review. I have found it easy and comfortable to use. I would consider buying it again.,positive
I decided to try this ActiveX product after comparing several options. Some parts work well while others are fairly average. There are a few areas where refinement would help. It handles the basic job adequately.,neutral
This product has been part of my regular routine for a while. The product has both strengths and weaknesses. Some parts work well while others are fairly average. It is fine as long as expectations are realistic.,neutral
"After spending some time with this product, I have formed a fairly clear opinion. The controls feel natural and easy to understand. It does what I need without unnecessary complications. Its main features have worked smoothly. There are still a few minor details that could be improved.",positive
I decided to try this BookHouse product after comparing several options. The product has remained reliable even after repeated use. The day-to-day experience has been smooth. I would choose this again over several alternatives. There are still a few minor details that could be improved.,positive
"After using the product for some time, I can comment on how it performs. Some components already show signs of wear. The problems became more noticeable with continued use. There are several issues that make the product difficult to recommend. I expected better overall reliability.",negative
I decided to try this TrendX product after comparing several options. The product feels thoughtfully designed. The product has been a pleasant surprise. There are still a few minor details that could be improved.,positive
I decided to try this FitPro product after comparing several options. The product started showing problems after repeated use. The problems affect the overall experience. Several aspects of the experience could be substantially better. I expected better overall reliability.,negative
This product has been part of my regular routine for a while. The product has both strengths and weaknesses. It depends somewhat on what you expect from the product. The product has both strengths and weaknesses.,neutral
I have been testing this product under normal conditions. I have not found anything particularly impressive about it. There are a few areas where refinement would help. Some parts work well while others are fairly average. There is still some room for improvement.,neutral
"I bought this product to see how well it would fit my everyday needs. I would describe the experience as acceptable rather than impressive. It is difficult to call the experience either excellent or poor. It has been usable so far, although some details could be refined.",neutral
I purchased this product mainly for its accessories features. The product is suitable if expectations remain reasonable. It is difficult to call the experience either excellent or poor. I would describe the experience as average.,neutral
"I have been using this organic product for a few weeks. I can depend on it for regular use. The overall design feels practical. Overall, I am satisfied with the purchase.",positive
"I picked this product after looking at a few alternatives. It has been usable so far, although some details could be refined. The product is suitable if expectations remain reasonable.",neutral
"After using the product for some time, I can comment on how it performs. The product has remained reliable even after repeated use. The product handles its main tasks very well. I would choose this again over several alternatives.",positive
"After spending some time with this product, I have formed a fairly clear opinion. I would describe the experience as acceptable rather than impressive. There are a few areas where refinement would help. It meets the basic requirements without offering much beyond them. It is a reasonable choice for basic requirements.",neutral
"After spending some time with this product, I have formed a fairly clear opinion. The product has both strengths and weaknesses. I have not found anything particularly impressive about it. Overall, it is acceptable but not exceptional.",neutral
"After using the product for some time, I can comment on how it performs. Several aspects of the experience could be substantially better. The product has failed to perform consistently. I would probably choose another option next time.",negative
I purchased this product mainly for its smart home features. The overall performance is acceptable for ordinary use. The product is adequate for straightforward use.,neutral
I bought this product to see how well it would fit my everyday needs. It performs reliably when I need it. I have had no reason to complain about its reliability. I have found it easy and comfortable to use. It has turned out to be a worthwhile purchase.,positive
"After using the product for some time, I can comment on how it performs. I have encountered several problems that were difficult to ignore. The actual performance falls short of its apparent potential. I expected better overall reliability.",negative
"I picked this product after looking at a few alternatives. It has been usable so far, although some details could be refined. The differences are noticeable but not severe. I would consider other options before making another purchase.",neutral
I have used this product in several everyday situations. The product feels well made. There are still a few minor details that could be improved.,positive
I have been using this accessories product for a few weeks. The quality is better than I expected. The day-to-day experience has been smooth. The quality is better than I expected.,positive
"I bought this storage recently and have used it regularly. It performs reliably when I need it. It has handled regular use without difficulty. Overall, I am satisfied with the purchase.",positive
"I gave this product a reasonable amount of use before writing this review. It has worked consistently without unexpected problems. Overall, I am satisfied with the purchase.",positive
I have used this product in several everyday situations. The product has been a pleasant surprise. The setup was painless. I would consider buying it again. There are still a few minor details that could be improved.,positive
I purchased this product mainly for its laptop features. The product has been a pleasant surprise. The overall design feels practical. I am happy with how it has performed.,positive
I purchased this product mainly for its packaged food features. It meets the basic requirements without offering much beyond them. There are a few areas where refinement would help.,neutral
This product has been part of my regular routine for a while. I have not had any meaningful problems with it. It has been dependable from the beginning. I would be comfortable recommending it.,positive
I have been testing this product under normal conditions. Its main features have worked smoothly. It has handled regular use without difficulty.,positive
This product has been part of my regular routine for a while. The performance has remained dependable during regular use. The overall design feels practical. The overall experience has been better than I anticipated.,positive
"I picked this product after looking at a few alternatives. I have found it easy and comfortable to use. I barely needed any time to get used to it. Overall, I am satisfied with the purchase. There are still a few minor details that could be improved.",positive
I bought this product to see how well it would fit my everyday needs. The product has been a pleasant surprise. I have had no reason to complain about its reliability. I can depend on it for regular use. There are still a few minor details that could be improved.,positive
I bought this product to see how well it would fit my everyday needs. I can depend on it for regular use. The setup was painless. The product feels well made. It has turned out to be a worthwhile purchase.,positive
"I purchased this product mainly for its fragrance features. It has been usable so far, although some details could be refined. It depends somewhat on what you expect from the product. There is still some room for improvement.",neutral
"After using the product for some time, I can comment on how it performs. I would describe the experience as acceptable rather than impressive. It is difficult to call the experience either excellent or poor. It performs roughly as I expected.",neutral
I have been testing this product under normal conditions. The overall experience has been better than I anticipated. The setup was painless. The performance has remained dependable during regular use. I am happy with how it has performed.,positive
I picked this product after looking at a few alternatives. The experience has been more disappointing than satisfying.,negative
I bought this product to see how well it would fit my everyday needs. The product feels thoughtfully designed. It does what I need without unnecessary complications. I am happy with how it has performed.,positive
I purchased this product mainly for its smart home features. Some parts work well while others are fairly average. The result is reasonably predictable. The product has both strengths and weaknesses.,neutral
I have been using this snacks product for a few weeks. The product is neither particularly impressive nor disappointing. It depends somewhat on what you expect from the product. It is fine as long as expectations are realistic.,neutral
I picked this product after looking at a few alternatives. I can depend on it for regular use. It has turned out to be a worthwhile purchase.,positive
I picked this product after looking at a few alternatives. I would describe the experience as acceptable rather than impressive. The product is adequate for straightforward use. It is a reasonable choice for basic requirements.,neutral
I purchased this product mainly for its haircare features. The overall performance is acceptable for ordinary use. It depends somewhat on what you expect from the product. The overall performance is acceptable for ordinary use.,neutral
I bought this personal care recently and have used it regularly. The product is suitable if expectations remain reasonable. The result is reasonably predictable. The product is suitable if expectations remain reasonable.,neutral
I gave this product a reasonable amount of use before writing this review. The product is suitable if expectations remain reasonable. It depends somewhat on what you expect from the product. I have not found anything particularly impressive about it.,neutral
"After spending some time with this product, I have formed a fairly clear opinion. The product has remained reliable even after repeated use. It has handled regular use without difficulty.",positive
"I picked this product after looking at a few alternatives. The experience has been fairly ordinary overall. The product is adequate for straightforward use. Nothing is seriously wrong, but I would not call it outstanding.",neutral
I have been testing this product under normal conditions. The product has been a pleasant surprise. I barely needed any time to get used to it. The product handles its main tasks very well. I am happy with how it has performed.,positive
I have been testing this product under normal conditions. The product feels thoughtfully designed. The product has been a pleasant surprise. I would be comfortable recommending it.,positive
I bought this product to see how well it would fit my everyday needs. I would describe the experience as acceptable rather than impressive. The differences are noticeable but not severe. Some parts work well while others are fairly average.,neutral
I bought this decor recently and have used it regularly. The overall quality is reasonable for the price. It is difficult to call the experience either excellent or poor. It performs roughly as I expected. It is a reasonable choice for basic requirements.,neutral
I bought this sportswear recently and have used it regularly. The overall experience has been better than I anticipated. The day-to-day experience has been smooth. It has worked consistently without unexpected problems. It has turned out to be a worthwhile purchase.,positive
"After spending some time with this product, I have formed a fairly clear opinion. The product has both strengths and weaknesses. It is a reasonable choice for basic requirements.",neutral
I bought this product to see how well it would fit my everyday needs. The overall quality is reasonable for the price. There are a few areas where refinement would help. I would describe the experience as average.,neutral
This product has been part of my regular routine for a while. The performance has remained dependable during regular use. I have had no reason to complain about its reliability.,positive
I purchased this product mainly for its business features. Some parts work well while others are fairly average. It depends somewhat on what you expect from the product. It is a reasonable choice for basic requirements. Some parts are better than others.,neutral
"I bought this product to see how well it would fit my everyday needs. The experience has been fairly ordinary overall. The overall quality is reasonable for the price. Overall, it is acceptable but not exceptional. Some parts are better than others.",neutral
I picked this product after looking at a few alternatives. The product feels well made. The setup was painless. It has worked consistently without unexpected problems. I would consider buying it again.,positive
"After using the product for some time, I can comment on how it performs. It has worked consistently without unexpected problems. The setup was painless. There are still a few minor details that could be improved.",positive
I bought this footwear recently and have used it regularly. It performs roughly as I expected. The result is reasonably predictable.,neutral
I have been using this footwear product for a few weeks. The product has become unreliable during normal use. The product does not inspire much confidence. The product started showing problems after repeated use.,negative
"After spending some time with this product, I have formed a fairly clear opinion. It meets the basic requirements without offering much beyond them. The limitations are manageable for normal use. There is still some room for improvement. Some parts are better than others.",neutral
I bought this mobile recently and have used it regularly. I have encountered several problems that were difficult to ignore. I have had to work around several shortcomings.,negative
"After spending some time with this product, I have formed a fairly clear opinion. The product is neither particularly impressive nor disappointing. Some parts are better than others.",neutral
I picked this product after looking at a few alternatives. I have not found anything particularly impressive about it. I would describe the experience as average.,neutral
I purchased this product mainly for its fragrance features. The product has remained reliable even after repeated use. It has handled regular use without difficulty. It has turned out to be a worthwhile purchase.,positive
I gave this product a reasonable amount of use before writing this review. The product has remained reliable even after repeated use. I would consider buying it again.,positive
I have used this product in several everyday situations. The performance has remained dependable during regular use. It has been dependable from the beginning. I would consider buying it again.,positive
"I bought this product to see how well it would fit my everyday needs. It has been usable so far, although some details could be refined. The strengths and weaknesses are fairly balanced. It is fine as long as expectations are realistic.",neutral
"After spending some time with this product, I have formed a fairly clear opinion. The product is suitable if expectations remain reasonable. The limitations are manageable for normal use. I would describe the experience as average.",neutral
I decided to try this NovaTech product after comparing several options. I have not found anything particularly impressive about it. The result is reasonably predictable.,neutral
"I bought this product to see how well it would fit my everyday needs. It gets the job done, but there is room for improvement. It depends somewhat on what you expect from the product. Some parts work well while others are fairly average.",neutral
This product has been part of my regular routine for a while. The setup was quick and straightforward. The setup was painless. The quality is better than I expected. I would choose this again over several alternatives. There are still a few minor details that could be improved.,positive
I decided to try this PaperTrail product after comparing several options. The product feels thoughtfully designed.,positive
"After using the product for some time, I can comment on how it performs. It handles the basic job adequately. The result is reasonably predictable.",neutral
I decided to try this Aura product after comparing several options. The product has remained reliable even after repeated use. The overall design feels practical. The setup was quick and straightforward. It has turned out to be a worthwhile purchase.,positive
I picked this product after looking at a few alternatives. The overall performance is acceptable for ordinary use. Some parts are better than others.,neutral
I bought this personal care recently and have used it regularly. The materials do not feel particularly durable. The issues are especially noticeable during longer sessions.,negative
I picked this product after looking at a few alternatives. The quality does not match what I expected for the price. The issues are especially noticeable during longer sessions. There is considerable room for improvement.,negative
I decided to try this GoodFood product after comparing several options. The product has been a pleasant surprise. I have had no reason to complain about its reliability. I would choose this again over several alternatives. There are still a few minor details that could be improved.,positive
I bought this appliances recently and have used it regularly. The performance becomes inconsistent over longer periods. The materials do not feel particularly durable.,negative
I bought this product to see how well it would fit my everyday needs. The quality is better than I expected. The overall design feels practical. I would be comfortable recommending it.,positive
"This product has been part of my regular routine for a while. There are useful aspects, but there are also some limitations. It is difficult to call the experience either excellent or poor. The product works, although it does not stand out. I would describe the experience as average.",neutral
I decided to try this FreshChoice product after comparing several options. The quality is better than I expected. I barely needed any time to get used to it.,positive
"After spending some time with this product, I have formed a fairly clear opinion. The product feels well made. It does what I need without unnecessary complications.",positive
I bought this product to see how well it would fit my everyday needs. The setup was quick and straightforward. I have not had any meaningful problems with it. It has turned out to be a worthwhile purchase.,positive
"This product has been part of my regular routine for a while. It gets the job done, but there is room for improvement. There are useful aspects, but there are also some limitations.",neutral
I bought this product to see how well it would fit my everyday needs. I would describe the experience as acceptable rather than impressive. There are a few areas where refinement would help. Some parts work well while others are fairly average. It is a reasonable choice for basic requirements.,neutral
I picked this product after looking at a few alternatives. The product is suitable if expectations remain reasonable. The limitations are manageable for normal use. I would consider other options before making another purchase.,neutral
I purchased this product mainly for its men features. It meets the basic requirements without offering much beyond them. The product is adequate for straightforward use.,neutral
I have used this product in several everyday situations. I can depend on it for regular use. It has been dependable from the beginning. The product has remained reliable even after repeated use. There are still a few minor details that could be improved.,positive
"I purchased this product mainly for its fragrance features. The product works, although it does not stand out. There are a few areas where refinement would help. It meets the basic requirements without offering much beyond them.",neutral
"I gave this product a reasonable amount of use before writing this review. The product works, although it does not stand out. It depends somewhat on what you expect from the product.",neutral
I bought this product to see how well it would fit my everyday needs. The quality is better than I expected. It has been dependable from the beginning.,positive
I bought this science recently and have used it regularly. It has made my routine noticeably easier. The product feels thoughtfully designed. I would consider buying it again.,positive
"I bought this product to see how well it would fit my everyday needs. The product works, although it does not stand out. The strengths and weaknesses are fairly balanced. I would describe the experience as average.",neutral
I bought this controller recently and have used it regularly. The product feels thoughtfully designed. It has handled regular use without difficulty.,positive
I bought this product to see how well it would fit my everyday needs. The quality is better than I expected. The overall design feels practical.,positive
"After using the product for some time, I can comment on how it performs. The performance becomes inconsistent over longer periods. The problems became more noticeable with continued use.",negative
"I have been using this appliances product for a few weeks. It gets the job done, but there is room for improvement. I have not found anything particularly impressive about it.",neutral
"This product has been part of my regular routine for a while. It gets the job done, but there is room for improvement. It is difficult to call the experience either excellent or poor. It is a reasonable choice for basic requirements.",neutral
I decided to try this PlayMax product after comparing several options. The product is neither particularly impressive nor disappointing. The result is reasonably predictable. It performs roughly as I expected. I would describe the experience as average.,neutral
"I have been testing this product under normal conditions. The overall quality is reasonable for the price. Nothing is seriously wrong, but I would not call it outstanding. There is still some room for improvement.",neutral
I purchased this product mainly for its fitness features. The product has been a pleasant surprise. It has handled regular use without difficulty. I can depend on it for regular use.,positive
I bought this product to see how well it would fit my everyday needs. The product is functional without being exceptional. I would describe the experience as average.,neutral
"After using the product for some time, I can comment on how it performs. The experience has been more disappointing than satisfying. The product does not inspire much confidence. I do not think I would purchase it again.",negative
"After using the product for some time, I can comment on how it performs. The setup was quick and straightforward. It has handled regular use without difficulty. I can depend on it for regular use.",positive
"After using the product for some time, I can comment on how it performs. I have not had any meaningful problems with it. The product has been a pleasant surprise. I am happy with how it has performed.",positive
"After spending some time with this product, I have formed a fairly clear opinion. Its main features have worked smoothly. The setup was painless.",positive
I picked this product after looking at a few alternatives. The overall experience has been better than I anticipated. It has been dependable from the beginning. Its main features have worked smoothly. I would consider buying it again.,positive
I picked this product after looking at a few alternatives. The experience has been fairly ordinary overall. It is fine as long as expectations are realistic. Some parts are better than others.,neutral
I bought this product to see how well it would fit my everyday needs. I have found it easy and comfortable to use. I barely needed any time to get used to it. Its main features have worked smoothly.,positive
I bought this product to see how well it would fit my everyday needs. The product is suitable if expectations remain reasonable.,neutral
"I bought this product to see how well it would fit my everyday needs. The product works, although it does not stand out. The result is reasonably predictable.",neutral
"After using the product for some time, I can comment on how it performs. It performs reliably when I need it. The day-to-day experience has been smooth. The product handles its main tasks very well. I would consider buying it again. There are still a few minor details that could be improved.",positive
I picked this product after looking at a few alternatives. I have found it easy and comfortable to use. The day-to-day experience has been smooth.,positive
I have used this product in several everyday situations. The overall quality is reasonable for the price.,neutral
I decided to try this ReadWell product after comparing several options. The product has been a pleasant surprise. I have had no reason to complain about its reliability. Its main features have worked smoothly.,positive
I bought this product to see how well it would fit my everyday needs. The product feels well made. I am happy with how it has performed.,positive
I have been testing this product under normal conditions. The product handles its main tasks very well. It has handled regular use without difficulty.,positive
"After using the product for some time, I can comment on how it performs. I have not had any meaningful problems with it. I have had no reason to complain about its reliability. The product has remained reliable even after repeated use. I am happy with how it has performed.",positive
"I purchased this product mainly for its storage features. It has been usable so far, although some details could be refined. There is still some room for improvement.",neutral
I decided to try this TechPro product after comparing several options. The product is functional without being exceptional.,neutral
"After spending some time with this product, I have formed a fairly clear opinion. I can depend on it for regular use. I barely needed any time to get used to it. It performs reliably when I need it. I am happy with how it has performed.",positive
I have been using this laptop product for a few weeks. It handles the basic job adequately. The result is reasonably predictable. It is a reasonable choice for basic requirements.,neutral
"I picked this product after looking at a few alternatives. I would describe the experience as acceptable rather than impressive. The differences are noticeable but not severe. It meets the basic requirements without offering much beyond them. Overall, it is acceptable but not exceptional.",neutral
I decided to try this Harvest product after comparing several options. It has made my routine noticeably easier. It does what I need without unnecessary complications. The product feels well made.,positive
I picked this product after looking at a few alternatives. The overall performance is acceptable for ordinary use. The limitations are manageable for normal use. The product is functional without being exceptional. It is fine as long as expectations are realistic.,neutral
"I purchased this product mainly for its business features. The product feels well made. The overall design feels practical. Overall, I am satisfied with the purchase.",positive
"I bought this furniture recently and have used it regularly. It gets the job done, but there is room for improvement. There are a few areas where refinement would help. The product is suitable if expectations remain reasonable.",neutral
"After spending some time with this product, I have formed a fairly clear opinion. The product works, although it does not stand out. The limitations are manageable for normal use. Some parts work well while others are fairly average. I would consider other options before making another purchase.",neutral
"After spending some time with this product, I have formed a fairly clear opinion. The product is functional without being exceptional. The product is adequate for straightforward use. It is a reasonable choice for basic requirements.",neutral
I gave this product a reasonable amount of use before writing this review. The product feels well made. The overall design feels practical. I have not had any meaningful problems with it. I would choose this again over several alternatives.,positive
I decided to try this PureCare product after comparing several options. The product is neither particularly impressive nor disappointing. The differences are noticeable but not severe.,neutral
I purchased this product mainly for its sportswear features. I have not found anything particularly impressive about it. The overall performance is acceptable for ordinary use. There is still some room for improvement.,neutral
I decided to try this Peak product after comparing several options. I would describe the experience as acceptable rather than impressive. The strengths and weaknesses are fairly balanced. It meets the basic requirements without offering much beyond them. There is still some room for improvement.,neutral
I purchased this product mainly for its yoga features. The quality is better than I expected. I have had no reason to complain about its reliability. The product has remained reliable even after repeated use. It has turned out to be a worthwhile purchase.,positive
"I purchased this product mainly for its science features. It gets the job done, but there is room for improvement. It has been usable so far, although some details could be refined.",neutral
I picked this product after looking at a few alternatives. There are several issues that make the product difficult to recommend. Some components already show signs of wear. I would probably choose another option next time.,negative
"After spending some time with this product, I have formed a fairly clear opinion. Everything has continued working as expected. The setup was painless. It has worked consistently without unexpected problems.",positive
I decided to try this XCore product after comparing several options. The experience has been fairly ordinary overall. It depends somewhat on what you expect from the product.,neutral
I gave this product a reasonable amount of use before writing this review. The overall performance is acceptable for ordinary use. The product is neither particularly impressive nor disappointing. It is a reasonable choice for basic requirements.,neutral
I decided to try this GoodFood product after comparing several options. The product is suitable if expectations remain reasonable. It is difficult to call the experience either excellent or poor. Some parts are better than others.,neutral
I bought this product to see how well it would fit my everyday needs. It has made my routine noticeably easier. I barely needed any time to get used to it. I would be comfortable recommending it.,positive
This product has been part of my regular routine for a while. Everything has continued working as expected. It has handled regular use without difficulty. The product feels thoughtfully designed. I would choose this again over several alternatives. There are still a few minor details that could be improved.,positive
I picked this product after looking at a few alternatives. The experience has been fairly ordinary overall. It is difficult to call the experience either excellent or poor. Some parts work well while others are fairly average. I would consider other options before making another purchase.,neutral
I purchased this product mainly for its smart home features. I have not had any meaningful problems with it. The setup was painless. It has worked consistently without unexpected problems. I would be comfortable recommending it.,positive
I bought this self help recently and have used it regularly. The product has become unreliable during normal use.,negative
"After spending some time with this product, I have formed a fairly clear opinion. It has been usable so far, although some details could be refined. The product is adequate for straightforward use. It meets the basic requirements without offering much beyond them. It is fine as long as expectations are realistic.",neutral
I purchased this product mainly for its haircare features. Its main features have worked smoothly. I barely needed any time to get used to it. It performs reliably when I need it. I am happy with how it has performed.,positive
I decided to try this GameZone product after comparing several options. The product has remained reliable even after repeated use. The day-to-day experience has been smooth. It has turned out to be a worthwhile purchase.,positive
"After using the product for some time, I can comment on how it performs. The overall experience has been better than I anticipated. It performs reliably when I need it. I am happy with how it has performed.",positive
I have used this product in several everyday situations. It handles the basic job adequately. I have not found anything particularly impressive about it.,neutral
I bought this business recently and have used it regularly. The setup was quick and straightforward. It does what I need without unnecessary complications.,positive
I gave this product a reasonable amount of use before writing this review. Everything has continued working as expected. I barely needed any time to get used to it. I can depend on it for regular use. I would choose this again over several alternatives.,positive
"After spending some time with this product, I have formed a fairly clear opinion. The overall quality is reasonable for the price. The result is reasonably predictable.",neutral
I have been testing this product under normal conditions. The performance has remained dependable during regular use. It has handled regular use without difficulty.,positive
I have been testing this product under normal conditions. I have found it easy and comfortable to use. The overall design feels practical. I can depend on it for regular use. It has turned out to be a worthwhile purchase.,positive
I bought this product to see how well it would fit my everyday needs. I have found it easy and comfortable to use. I barely needed any time to get used to it. I would choose this again over several alternatives.,positive
"After using the product for some time, I can comment on how it performs. The overall experience has been better than I anticipated. It has been dependable from the beginning. The product has remained reliable even after repeated use.",positive
I bought this business recently and have used it regularly. The quality is better than I expected. I would choose this again over several alternatives.,positive
I have been using this haircare product for a few weeks. The quality is better than I expected. I barely needed any time to get used to it. There are still a few minor details that could be improved.,positive
I bought this technology recently and have used it regularly. It handles the basic job adequately. There are a few areas where refinement would help. I would describe the experience as average.,neutral
I picked this product after looking at a few alternatives. I have found it easy and comfortable to use. The setup was painless.,positive
I picked this product after looking at a few alternatives. It meets the basic requirements without offering much beyond them. The strengths and weaknesses are fairly balanced. The product has both strengths and weaknesses. I would describe the experience as average. Some parts are better than others.,neutral
"After using the product for some time, I can comment on how it performs. I can depend on it for regular use. I have had no reason to complain about its reliability. It performs reliably when I need it.",positive
I have been using this science product for a few weeks. It has worked consistently without unexpected problems. I would choose this again over several alternatives. There are still a few minor details that could be improved.,positive
I purchased this product mainly for its business features. It has worked consistently without unexpected problems.,positive
"After using the product for some time, I can comment on how it performs. I have found it easy and comfortable to use. The overall design feels practical. It performs reliably when I need it. It has turned out to be a worthwhile purchase.",positive
"This product has been part of my regular routine for a while. It gets the job done, but there is room for improvement. There are a few areas where refinement would help.",neutral
I picked this product after looking at a few alternatives. Some parts work well while others are fairly average. There are a few areas where refinement would help. I would describe the experience as average.,neutral
"After spending some time with this product, I have formed a fairly clear opinion. The product has been a pleasant surprise. The setup was painless.",positive
I bought this product to see how well it would fit my everyday needs. The product feels well made. I barely needed any time to get used to it. I have found it easy and comfortable to use. It has turned out to be a worthwhile purchase. There are still a few minor details that could be improved.,positive
"I have used this product in several everyday situations. It has been usable so far, although some details could be refined. It depends somewhat on what you expect from the product. The overall performance is acceptable for ordinary use. It is fine as long as expectations are realistic.",neutral
"I have been testing this product under normal conditions. It has worked consistently without unexpected problems. I barely needed any time to get used to it. Overall, I am satisfied with the purchase. There are still a few minor details that could be improved.",positive
I bought this controller recently and have used it regularly. The product is neither particularly impressive nor disappointing. The differences are noticeable but not severe. The experience has been fairly ordinary overall.,neutral
"I have used this product in several everyday situations. It has been usable so far, although some details could be refined. It is difficult to call the experience either excellent or poor.",neutral
This product has been part of my regular routine for a while. It has worked consistently without unexpected problems. The day-to-day experience has been smooth.,positive
I purchased this product mainly for its organic features. It has worked consistently without unexpected problems. It has handled regular use without difficulty. I can depend on it for regular use.,positive
"I have used this product in several everyday situations. Nothing is seriously wrong, but I would not call it outstanding. The result is reasonably predictable. I would describe the experience as acceptable rather than impressive.",neutral
"After spending some time with this product, I have formed a fairly clear opinion. The performance has remained dependable during regular use. The product has remained reliable even after repeated use.",positive
This product has been part of my regular routine for a while. The performance has remained dependable during regular use. It does what I need without unnecessary complications. I am happy with how it has performed. There are still a few minor details that could be improved.,positive
I have used this product in several everyday situations. It meets the basic requirements without offering much beyond them. I would consider other options before making another purchase.,neutral
"I bought this product to see how well it would fit my everyday needs. There are useful aspects, but there are also some limitations. There are a few areas where refinement would help. I would consider other options before making another purchase. Some parts are better than others.",neutral
"I bought this accessories recently and have used it regularly. It meets the basic requirements without offering much beyond them. There are a few areas where refinement would help. The product is neither particularly impressive nor disappointing. Overall, it is acceptable but not exceptional.",neutral
"I bought this product to see how well it would fit my everyday needs. The product works, although it does not stand out. Some parts work well while others are fairly average.",neutral
This product has been part of my regular routine for a while. The overall quality is reasonable for the price. I would describe the experience as average. Some parts are better than others.,neutral
I have been using this storage product for a few weeks. The product is functional without being exceptional. The differences are noticeable but not severe. It is fine as long as expectations are realistic.,neutral
"After using the product for some time, I can comment on how it performs. It has worked consistently without unexpected problems. It does what I need without unnecessary complications. I would consider buying it again.",positive
"I have been using this mobile product for a few weeks. The product is neither particularly impressive nor disappointing. There are a few areas where refinement would help. It gets the job done, but there is room for improvement.",neutral
"I decided to try this TechPro product after comparing several options. There are useful aspects, but there are also some limitations. It depends somewhat on what you expect from the product. The product works, although it does not stand out.",neutral
I picked this product after looking at a few alternatives. The product feels well made. It has handled regular use without difficulty. There are still a few minor details that could be improved.,positive
I bought this furniture recently and have used it regularly. It has made my routine noticeably easier. It has been dependable from the beginning. The product has been a pleasant surprise. I would be comfortable recommending it.,positive
"After spending some time with this product, I have formed a fairly clear opinion. The product handles its main tasks very well. It has turned out to be a worthwhile purchase.",positive
"I decided to try this GameTech product after comparing several options. The product works, although it does not stand out. The differences are noticeable but not severe.",neutral
I have been using this makeup product for a few weeks. The overall experience has been better than I anticipated. It does what I need without unnecessary complications.,positive
I bought this running recently and have used it regularly. It performs reliably when I need it. It has handled regular use without difficulty. I am happy with how it has performed.,positive
"After spending some time with this product, I have formed a fairly clear opinion. The product has both strengths and weaknesses. The differences are noticeable but not severe. Overall, it is acceptable but not exceptional.",neutral
"I decided to try this DailyBasket product after comparing several options. The product works, although it does not stand out. The limitations are manageable for normal use.",neutral
"I gave this product a reasonable amount of use before writing this review. Some parts work well while others are fairly average. Overall, it is acceptable but not exceptional.",neutral
I decided to try this PageTurner product after comparing several options. The product is neither particularly impressive nor disappointing. The result is reasonably predictable. It is fine as long as expectations are realistic.,neutral
"I bought this product to see how well it would fit my everyday needs. There are useful aspects, but there are also some limitations. It depends somewhat on what you expect from the product. The product is functional without being exceptional. I would consider other options before making another purchase.",neutral
I picked this product after looking at a few alternatives. It has made my routine noticeably easier.,positive
"I bought this product to see how well it would fit my everyday needs. The performance has remained dependable during regular use. It has been dependable from the beginning. Overall, I am satisfied with the purchase.",positive
This product has been part of my regular routine for a while. The overall performance is acceptable for ordinary use. It is difficult to call the experience either excellent or poor.,neutral
I have used this product in several everyday situations. I would describe the experience as acceptable rather than impressive. It depends somewhat on what you expect from the product. The product is functional without being exceptional. There is still some room for improvement. Some parts are better than others.,neutral
"I have been testing this product under normal conditions. It gets the job done, but there is room for improvement. The product is adequate for straightforward use. The product has both strengths and weaknesses.",neutral
"After using the product for some time, I can comment on how it performs. The overall experience has been better than I anticipated. It has been dependable from the beginning. The product handles its main tasks very well.",positive
I gave this product a reasonable amount of use before writing this review. It has worked consistently without unexpected problems. I would consider buying it again.,positive
This product has been part of my regular routine for a while. The performance has remained dependable during regular use. The setup was painless. It performs reliably when I need it. I would consider buying it again.,positive
"I picked this product after looking at a few alternatives. The product is functional without being exceptional. There are a few areas where refinement would help. The overall quality is reasonable for the price. Overall, it is acceptable but not exceptional.",neutral
"I bought this product to see how well it would fit my everyday needs. The product works, although it does not stand out. It is a reasonable choice for basic requirements. Some parts are better than others.",neutral
This product has been part of my regular routine for a while. The setup was quick and straightforward. It has turned out to be a worthwhile purchase.,positive
I have used this product in several everyday situations. Its main features have worked smoothly. It does what I need without unnecessary complications. I have not had any meaningful problems with it.,positive
"I gave this product a reasonable amount of use before writing this review. There are useful aspects, but there are also some limitations. There are a few areas where refinement would help. I would consider other options before making another purchase.",neutral
"After using the product for some time, I can comment on how it performs. The product is neither particularly impressive nor disappointing. It is difficult to call the experience either excellent or poor. It has been usable so far, although some details could be refined.",neutral
This product has been part of my regular routine for a while. The setup was quick and straightforward. The setup was painless. It performs reliably when I need it. I would be comfortable recommending it.,positive
I have used this product in several everyday situations. The product is functional without being exceptional. It depends somewhat on what you expect from the product. It performs roughly as I expected. It is fine as long as expectations are realistic.,neutral
I gave this product a reasonable amount of use before writing this review. The performance has remained dependable during regular use. The day-to-day experience has been smooth. The product handles its main tasks very well. I would be comfortable recommending it.,positive
"I bought this product to see how well it would fit my everyday needs. Nothing is seriously wrong, but I would not call it outstanding. The result is reasonably predictable.",neutral
This product has been part of my regular routine for a while. I can depend on it for regular use. The overall design feels practical. I would choose this again over several alternatives.,positive
I have been testing this product under normal conditions. The product handles its main tasks very well. The overall design feels practical. I am happy with how it has performed.,positive
I decided to try this NatureBest product after comparing several options. Its main features have worked smoothly. I barely needed any time to get used to it.,positive
I have been using this kitchen product for a few weeks. The product handles its main tasks very well. I would consider buying it again.,positive
I have been using this technology product for a few weeks. The product handles its main tasks very well. The day-to-day experience has been smooth.,positive
I purchased this product mainly for its sportswear features. The product has been a pleasant surprise. I barely needed any time to get used to it. The performance has remained dependable during regular use.,positive
I gave this product a reasonable amount of use before writing this review. The performance has remained dependable during regular use. The overall design feels practical. It has turned out to be a worthwhile purchase.,positive
I bought this product to see how well it would fit my everyday needs. It has worked consistently without unexpected problems. The setup was painless. The product feels well made. I would be comfortable recommending it.,positive
I bought this cricket recently and have used it regularly. It performs roughly as I expected. It is difficult to call the experience either excellent or poor. The overall performance is acceptable for ordinary use. I would consider other options before making another purchase.,neutral
I bought this product to see how well it would fit my everyday needs. The overall quality is reasonable for the price. The product is neither particularly impressive nor disappointing. It is fine as long as expectations are realistic.,neutral
I gave this product a reasonable amount of use before writing this review. The product is suitable if expectations remain reasonable. The product is adequate for straightforward use. I have not found anything particularly impressive about it.,neutral
"After spending some time with this product, I have formed a fairly clear opinion. It has made my routine noticeably easier. I have had no reason to complain about its reliability. The product feels well made.",positive
I have used this product in several everyday situations. It has worked consistently without unexpected problems. I would consider buying it again. There are still a few minor details that could be improved.,positive
"I purchased this product mainly for its fiction features. The experience has been fairly ordinary overall. The limitations are manageable for normal use. There are useful aspects, but there are also some limitations. I would describe the experience as average. Some parts are better than others.",neutral
"After spending some time with this product, I have formed a fairly clear opinion. Its main features have worked smoothly. Its main features have worked smoothly. Overall, I am satisfied with the purchase.",positive
I decided to try this DailyBasket product after comparing several options. It meets the basic requirements without offering much beyond them. The differences are noticeable but not severe. It is fine as long as expectations are realistic.,neutral
I bought this product to see how well it would fit my everyday needs. The performance has remained dependable during regular use. I have had no reason to complain about its reliability.,positive
I have used this product in several everyday situations. I would hesitate to rely on this product for important tasks. The problems affect the overall experience. The materials do not feel particularly durable. I expected better overall reliability. One or two aspects of the product are still useful.,negative
I have used this product in several everyday situations. The product is suitable if expectations remain reasonable. The limitations are manageable for normal use. There is still some room for improvement.,neutral
I gave this product a reasonable amount of use before writing this review. I can depend on it for regular use. The overall experience has been better than I anticipated.,positive
"After spending some time with this product, I have formed a fairly clear opinion. It meets the basic requirements without offering much beyond them. The product is adequate for straightforward use. Some parts are better than others.",neutral
I gave this product a reasonable amount of use before writing this review. It performs reliably when I need it. It has been dependable from the beginning. The product has remained reliable even after repeated use.,positive
I have used this product in several everyday situations. It has made my routine noticeably easier. It has been dependable from the beginning. It has worked consistently without unexpected problems.,positive
This product has been part of my regular routine for a while. The product handles its main tasks very well. There are still a few minor details that could be improved.,positive
I purchased this product mainly for its technology features. Everything has continued working as expected. The product has been a pleasant surprise. I would choose this again over several alternatives.,positive
I picked this product after looking at a few alternatives. It performs reliably when I need it. It does what I need without unnecessary complications.,positive
"After spending some time with this product, I have formed a fairly clear opinion. The product is suitable if expectations remain reasonable. The product is functional without being exceptional. I would consider other options before making another purchase. Some parts are better than others.",neutral
"After spending some time with this product, I have formed a fairly clear opinion. The product has failed to perform consistently. I would probably choose another option next time.",negative
"After using the product for some time, I can comment on how it performs. The product has been a pleasant surprise. Overall, I am satisfied with the purchase.",positive
I have been using this fitness product for a few weeks. It performs reliably when I need it. It has handled regular use without difficulty. It has made my routine noticeably easier.,positive
"After spending some time with this product, I have formed a fairly clear opinion. It performs reliably when I need it. I am happy with how it has performed.",positive
I bought this product to see how well it would fit my everyday needs. The product feels well made. The overall design feels practical. I am happy with how it has performed.,positive
I picked this product after looking at a few alternatives. The product has been a pleasant surprise. It has been dependable from the beginning. The controls feel natural and easy to understand. I would consider buying it again.,positive
I bought this running recently and have used it regularly. It performs roughly as I expected. It is difficult to call the experience either excellent or poor. The product is functional without being exceptional. Some parts are better than others.,neutral
I bought this product to see how well it would fit my everyday needs. I can depend on it for regular use. The overall design feels practical. The product feels well made.,positive
"I bought this product to see how well it would fit my everyday needs. It handles the basic job adequately. Some parts work well while others are fairly average. Overall, it is acceptable but not exceptional.",neutral
"I decided to try this Zenith product after comparing several options. The product is functional without being exceptional. The limitations are manageable for normal use. Overall, it is acceptable but not exceptional.",neutral
I purchased this product mainly for its snacks features. I can depend on it for regular use. I barely needed any time to get used to it. The product feels well made. I would be comfortable recommending it.,positive
I have been using this snacks product for a few weeks. I have experienced problems that should not occur during ordinary use. I have had to work around several shortcomings.,negative
I have used this product in several everyday situations. I would describe the experience as acceptable rather than impressive. The product is adequate for straightforward use. It is fine as long as expectations are realistic.,neutral
I have used this product in several everyday situations. It handles the basic job adequately.,neutral
"I bought this product to see how well it would fit my everyday needs. I would describe the experience as acceptable rather than impressive. The strengths and weaknesses are fairly balanced. Overall, it is acceptable but not exceptional.",neutral
I bought this product to see how well it would fit my everyday needs. It performs roughly as I expected. The result is reasonably predictable. The overall quality is reasonable for the price. It is a reasonable choice for basic requirements.,neutral
I gave this product a reasonable amount of use before writing this review. The performance has remained dependable during regular use. I barely needed any time to get used to it.,positive
This product has been part of my regular routine for a while. The controls feel natural and easy to understand.,positive
I have used this product in several everyday situations. The performance has remained dependable during regular use. It does what I need without unnecessary complications.,positive
I have been testing this product under normal conditions. Several aspects of the experience could be substantially better. The product has failed to perform consistently. I would hesitate to recommend it.,negative
I bought this product to see how well it would fit my everyday needs. The product feels well made. It has been dependable from the beginning. The product handles its main tasks very well.,positive
I purchased this product mainly for its smart home features. I have not found anything particularly impressive about it. The limitations are manageable for normal use. It is fine as long as expectations are realistic.,neutral
"After spending some time with this product, I have formed a fairly clear opinion. The product works, although it does not stand out. The overall performance is acceptable for ordinary use. There is still some room for improvement.",neutral
"After using the product for some time, I can comment on how it performs. There are useful aspects, but there are also some limitations. The product is adequate for straightforward use. The product works, although it does not stand out. It is a reasonable choice for basic requirements.",neutral
I have used this product in several everyday situations. The product has been a pleasant surprise.,positive
I have been testing this product under normal conditions. It has made my routine noticeably easier. I have not had any meaningful problems with it.,positive
I decided to try this ClassicWear product after comparing several options. It meets the basic requirements without offering much beyond them. I have not found anything particularly impressive about it.,neutral
"After using the product for some time, I can comment on how it performs. Its main features have worked smoothly. It has handled regular use without difficulty.",positive
"I bought this product to see how well it would fit my everyday needs. The product is suitable if expectations remain reasonable. The limitations are manageable for normal use. It gets the job done, but there is room for improvement.",neutral
I purchased this product mainly for its kitchen features. The product has both strengths and weaknesses. The product is adequate for straightforward use. It performs roughly as I expected.,neutral
"I decided to try this Aura product after comparing several options. The overall performance is acceptable for ordinary use. The strengths and weaknesses are fairly balanced. The product works, although it does not stand out. There is still some room for improvement.",neutral
I have been testing this product under normal conditions. It performs reliably when I need it. It has handled regular use without difficulty. The quality is better than I expected.,positive
I purchased this product mainly for its fragrance features. The experience has been fairly ordinary overall. I would describe the experience as average. Some parts are better than others.,neutral
I have used this product in several everyday situations. The setup was quick and straightforward. The day-to-day experience has been smooth.,positive
"After using the product for some time, I can comment on how it performs. The performance becomes inconsistent over longer periods. The issues are especially noticeable during longer sessions. The product started showing problems after repeated use. There is considerable room for improvement.",negative
I have used this product in several everyday situations. I have not had any meaningful problems with it. I have had no reason to complain about its reliability.,positive
I picked this product after looking at a few alternatives. I have encountered several problems that were difficult to ignore. Some important functions have not worked properly.,negative
I purchased this product mainly for its yoga features. Some parts work well while others are fairly average.,neutral
"I have been using this appliances product for a few weeks. It has been usable so far, although some details could be refined. There are a few areas where refinement would help. The product is suitable if expectations remain reasonable. I would consider other options before making another purchase.",neutral
"After spending some time with this product, I have formed a fairly clear opinion. I have not had any meaningful problems with it. It has been dependable from the beginning. It performs reliably when I need it. I would consider buying it again.",positive
I bought this product to see how well it would fit my everyday needs. The overall experience has been better than I anticipated. It does what I need without unnecessary complications.,positive
"I have used this product in several everyday situations. The controls feel natural and easy to understand. It has been dependable from the beginning. Overall, I am satisfied with the purchase. There are still a few minor details that could be improved.",positive
I bought this cricket recently and have used it regularly. The setup was quick and straightforward. The setup was quick and straightforward. I would be comfortable recommending it.,positive
"After spending some time with this product, I have formed a fairly clear opinion. The performance has remained dependable during regular use. The overall design feels practical. It has worked consistently without unexpected problems.",positive
"I bought this makeup recently and have used it regularly. I have not found anything particularly impressive about it. It is difficult to call the experience either excellent or poor. The product has both strengths and weaknesses. Overall, it is acceptable but not exceptional.",neutral
I picked this product after looking at a few alternatives. The product is suitable if expectations remain reasonable. It is difficult to call the experience either excellent or poor. It is fine as long as expectations are realistic.,neutral
I have used this product in several everyday situations. Some parts work well while others are fairly average. There are a few areas where refinement would help.,neutral
I bought this product to see how well it would fit my everyday needs. I have not had any meaningful problems with it. The product has been a pleasant surprise.,positive
I purchased this product mainly for its skincare features. The product has become unreliable during normal use. The setup was more difficult than it needed to be. I have experienced problems that should not occur during ordinary use. There is considerable room for improvement.,negative
I decided to try this ActiveX product after comparing several options. I would describe the experience as acceptable rather than impressive. The limitations are manageable for normal use. The product is neither particularly impressive nor disappointing.,neutral
"After using the product for some time, I can comment on how it performs. The product has both strengths and weaknesses. It is difficult to call the experience either excellent or poor.",neutral
"I have been testing this product under normal conditions. There are useful aspects, but there are also some limitations. The strengths and weaknesses are fairly balanced. It is fine as long as expectations are realistic.",neutral
"I picked this product after looking at a few alternatives. It gets the job done, but there is room for improvement. The result is reasonably predictable. There is still some room for improvement. Some parts are better than others.",neutral
I have been using this kitchen product for a few weeks. It handles the basic job adequately. The limitations are manageable for normal use.,neutral
I have used this product in several everyday situations. The overall performance is acceptable for ordinary use. The limitations are manageable for normal use. I would describe the experience as average.,neutral
"After using the product for some time, I can comment on how it performs. It has made my routine noticeably easier. It has been dependable from the beginning.",positive
I purchased this product mainly for its smart home features. The product feels well made. I would choose this again over several alternatives.,positive
I have been testing this product under normal conditions. The product handles its main tasks very well. It has been dependable from the beginning. It has worked consistently without unexpected problems. I am happy with how it has performed.,positive
I gave this product a reasonable amount of use before writing this review. The product has remained reliable even after repeated use.,positive
"This product has been part of my regular routine for a while. The quality is better than I expected. It has been dependable from the beginning. The setup was quick and straightforward. Overall, I am satisfied with the purchase.",positive
I decided to try this BeautyPlus product after comparing several options. Its main features have worked smoothly. It has been dependable from the beginning. The performance has remained dependable during regular use. I am happy with how it has performed.,positive
I bought this product to see how well it would fit my everyday needs. There are several issues that make the product difficult to recommend. The problems became more noticeable with continued use. I have encountered several problems that were difficult to ignore. One or two aspects of the product are still useful.,negative
I have used this product in several everyday situations. Everything has continued working as expected. It has been dependable from the beginning.,positive
"After using the product for some time, I can comment on how it performs. I can depend on it for regular use. I barely needed any time to get used to it. The product feels thoughtfully designed.",positive
"I purchased this product mainly for its console features. It has been usable so far, although some details could be refined. It meets the basic requirements without offering much beyond them. It is a reasonable choice for basic requirements.",neutral
I bought this product to see how well it would fit my everyday needs. Everything has continued working as expected. The product handles its main tasks very well.,positive
I bought this personal care recently and have used it regularly. I have experienced problems that should not occur during ordinary use. I would prefer a more reliable alternative.,negative
"After using the product for some time, I can comment on how it performs. It gets the job done, but there is room for improvement. It depends somewhat on what you expect from the product.",neutral
I have used this product in several everyday situations. The performance has remained dependable during regular use. It does what I need without unnecessary complications. The product feels thoughtfully designed. I would choose this again over several alternatives.,positive
"I have been using this skincare product for a few weeks. Nothing is seriously wrong, but I would not call it outstanding. It is fine as long as expectations are realistic.",neutral
This product has been part of my regular routine for a while. The product is suitable if expectations remain reasonable. The strengths and weaknesses are fairly balanced. I would consider other options before making another purchase. Some parts are better than others.,neutral
I decided to try this NatureTouch product after comparing several options. The product feels well made. The overall design feels practical. It performs reliably when I need it. I am happy with how it has performed.,positive
"I have used this product in several everyday situations. The product works, although it does not stand out. The product is suitable if expectations remain reasonable. I would consider other options before making another purchase.",neutral
I have been using this outdoor product for a few weeks. It handles the basic job adequately. It is difficult to call the experience either excellent or poor. It performs roughly as I expected. It is fine as long as expectations are realistic.,neutral
I have been testing this product under normal conditions. Everything has continued working as expected. I barely needed any time to get used to it. There are still a few minor details that could be improved.,positive
"This product has been part of my regular routine for a while. It gets the job done, but there is room for improvement. It is difficult to call the experience either excellent or poor.",neutral
I bought this accessories recently and have used it regularly. It meets the basic requirements without offering much beyond them. It is difficult to call the experience either excellent or poor.,neutral
I have been using this accessories product for a few weeks. The quality is better than I expected. It has been dependable from the beginning. I am happy with how it has performed.,positive
"I gave this product a reasonable amount of use before writing this review. The overall experience has been better than I anticipated. The day-to-day experience has been smooth. I have not had any meaningful problems with it. Overall, I am satisfied with the purchase.",positive
I have been testing this product under normal conditions. The product handles its main tasks very well. The overall design feels practical. I have found it easy and comfortable to use.,positive
I purchased this product mainly for its games features. It performs reliably when I need it. It has been dependable from the beginning. The controls feel natural and easy to understand. I would choose this again over several alternatives. There are still a few minor details that could be improved.,positive
I have been testing this product under normal conditions. The performance has remained dependable during regular use. I barely needed any time to get used to it. I would choose this again over several alternatives.,positive
I decided to try this HomeCraft product after comparing several options. It performs reliably when I need it.,positive
I have been using this accessories product for a few weeks. It performs roughly as I expected. The product is suitable if expectations remain reasonable. I would consider other options before making another purchase.,neutral
"After spending some time with this product, I have formed a fairly clear opinion. The product feels thoughtfully designed. I would consider buying it again.",positive
"After using the product for some time, I can comment on how it performs. The product has remained reliable even after repeated use. It does what I need without unnecessary complications. It performs reliably when I need it.",positive
"After spending some time with this product, I have formed a fairly clear opinion. It has been usable so far, although some details could be refined. It depends somewhat on what you expect from the product. Some parts are better than others.",neutral
"After spending some time with this product, I have formed a fairly clear opinion. Everything has continued working as expected. I barely needed any time to get used to it. The controls feel natural and easy to understand. I would consider buying it again. There are still a few minor details that could be improved.",positive
"I gave this product a reasonable amount of use before writing this review. It meets the basic requirements without offering much beyond them. It gets the job done, but there is room for improvement.",neutral
I decided to try this Harvest product after comparing several options. I have not had any meaningful problems with it. I barely needed any time to get used to it. I have found it easy and comfortable to use. I would choose this again over several alternatives.,positive
I bought this product to see how well it would fit my everyday needs. The overall quality is reasonable for the price. The product is functional without being exceptional. I would consider other options before making another purchase. Some parts are better than others.,neutral
"I purchased this product mainly for its accessories features. It has been usable so far, although some details could be refined. There are a few areas where refinement would help.",neutral
"This product has been part of my regular routine for a while. The product is suitable if expectations remain reasonable. The strengths and weaknesses are fairly balanced. It has been usable so far, although some details could be refined.",neutral
I bought this organic recently and have used it regularly. I would describe the experience as acceptable rather than impressive. The product is adequate for straightforward use. I would consider other options before making another purchase.,neutral
I bought this console recently and have used it regularly. I have not found anything particularly impressive about it. The product is adequate for straightforward use. Some parts are better than others.,neutral
I gave this product a reasonable amount of use before writing this review. The product feels thoughtfully designed. I am happy with how it has performed.,positive
"After using the product for some time, I can comment on how it performs. I would hesitate to rely on this product for important tasks. I expected something more dependable.",negative
I have used this product in several everyday situations. I have not found anything particularly impressive about it. It is difficult to call the experience either excellent or poor. I would describe the experience as average.,neutral
"After using the product for some time, I can comment on how it performs. The product has remained reliable even after repeated use. The day-to-day experience has been smooth. There are still a few minor details that could be improved.",positive
I bought this product to see how well it would fit my everyday needs. The product feels well made. The overall design feels practical. Its main features have worked smoothly. There are still a few minor details that could be improved.,positive
I picked this product after looking at a few alternatives. It has worked consistently without unexpected problems. Everything has continued working as expected.,positive
This product has been part of my regular routine for a while. I have not had any meaningful problems with it. I barely needed any time to get used to it. The overall experience has been better than I anticipated.,positive
"I bought this science recently and have used it regularly. The setup was quick and straightforward. I have had no reason to complain about its reliability. Overall, I am satisfied with the purchase.",positive
I gave this product a reasonable amount of use before writing this review. The experience has been more disappointing than satisfying. I would prefer a more reliable alternative.,negative
"I picked this product after looking at a few alternatives. The product has both strengths and weaknesses. It depends somewhat on what you expect from the product. Overall, it is acceptable but not exceptional.",neutral
This product has been part of my regular routine for a while. I have not had any meaningful problems with it. The day-to-day experience has been smooth.,positive
"After spending some time with this product, I have formed a fairly clear opinion. Some parts work well while others are fairly average. The differences are noticeable but not severe. I would consider other options before making another purchase.",neutral
"I bought this product to see how well it would fit my everyday needs. The product works, although it does not stand out. It gets the job done, but there is room for improvement. I would describe the experience as average.",neutral
"After spending some time with this product, I have formed a fairly clear opinion. The setup was quick and straightforward. I would consider buying it again. There are still a few minor details that could be improved.",positive
I purchased this product mainly for its audio features. I can depend on it for regular use. It does what I need without unnecessary complications. The product has remained reliable even after repeated use. There are still a few minor details that could be improved.,positive
"I have used this product in several everyday situations. I would describe the experience as acceptable rather than impressive. The product works, although it does not stand out. I would describe the experience as average.",neutral
"I bought this product to see how well it would fit my everyday needs. There are useful aspects, but there are also some limitations. The differences are noticeable but not severe. I would describe the experience as acceptable rather than impressive. It is a reasonable choice for basic requirements.",neutral
I purchased this product mainly for its mobile features. The actual performance falls short of its apparent potential. I have had to work around several shortcomings.,negative
"After using the product for some time, I can comment on how it performs. It performs roughly as I expected. The differences are noticeable but not severe. There is still some room for improvement.",neutral
"After spending some time with this product, I have formed a fairly clear opinion. The product works, although it does not stand out. There is still some room for improvement.",neutral
"After using the product for some time, I can comment on how it performs. The product feels well made. It does what I need without unnecessary complications. I would consider buying it again.",positive
"This product has been part of my regular routine for a while. The product has both strengths and weaknesses. It has been usable so far, although some details could be refined.",neutral
This product has been part of my regular routine for a while. The product handles its main tasks very well. I would be comfortable recommending it.,positive
I picked this product after looking at a few alternatives. The product handles its main tasks very well. The day-to-day experience has been smooth.,positive
"This product has been part of my regular routine for a while. It gets the job done, but there is room for improvement. The result is reasonably predictable. The product is functional without being exceptional. I would describe the experience as average.",neutral
I purchased this product mainly for its packaged food features. The performance has remained dependable during regular use.,positive
I have used this product in several everyday situations. It has worked consistently without unexpected problems. It does what I need without unnecessary complications. The product handles its main tasks very well.,positive
I gave this product a reasonable amount of use before writing this review. The overall performance is acceptable for ordinary use. The product is adequate for straightforward use. The product is neither particularly impressive nor disappointing.,neutral
I have been using this technology product for a few weeks. The performance has remained dependable during regular use. It does what I need without unnecessary complications. It has made my routine noticeably easier.,positive
I have used this product in several everyday situations. The product feels thoughtfully designed. It has handled regular use without difficulty. The product feels thoughtfully designed.,positive
I decided to try this XCore product after comparing several options. The product started showing problems after repeated use. The problems affect the overall experience. I would look at alternatives before buying it again.,negative
"After using the product for some time, I can comment on how it performs. The product is neither particularly impressive nor disappointing. It gets the job done, but there is room for improvement. I would consider other options before making another purchase.",neutral
I picked this product after looking at a few alternatives. I have experienced problems that should not occur during ordinary use. I have had to work around several shortcomings. There are several issues that make the product difficult to recommend.,negative
"I have used this product in several everyday situations. The product works, although it does not stand out. The strengths and weaknesses are fairly balanced. The product is functional without being exceptional.",neutral
"After using the product for some time, I can comment on how it performs. The setup was quick and straightforward. The day-to-day experience has been smooth. The setup was quick and straightforward.",positive
I decided to try this Peak product after comparing several options. The product started showing problems after repeated use. I have had to work around several shortcomings. The actual performance falls short of its apparent potential.,negative
I decided to try this BookHouse product after comparing several options. The overall quality is reasonable for the price. The limitations are manageable for normal use. There is still some room for improvement.,neutral
I bought this skincare recently and have used it regularly. The overall performance is acceptable for ordinary use. I would describe the experience as average.,neutral
This product has been part of my regular routine for a while. I can depend on it for regular use. I have had no reason to complain about its reliability. Everything has continued working as expected.,positive
I have used this product in several everyday situations. I have not had any meaningful problems with it. The setup was painless. I would choose this again over several alternatives.,positive
"After spending some time with this product, I have formed a fairly clear opinion. Some parts work well while others are fairly average. The limitations are manageable for normal use.",neutral
I have been using this kitchen product for a few weeks. I have experienced problems that should not occur during ordinary use. I would prefer a more reliable alternative. Some components already show signs of wear. I would probably choose another option next time.,negative
"After spending some time with this product, I have formed a fairly clear opinion. The product feels thoughtfully designed. The day-to-day experience has been smooth. The overall experience has been better than I anticipated. It has turned out to be a worthwhile purchase.",positive
"After using the product for some time, I can comment on how it performs. The product feels thoughtfully designed. It has been dependable from the beginning. I have found it easy and comfortable to use. I am happy with how it has performed.",positive
I decided to try this UrbanStyle product after comparing several options. Its main features have worked smoothly. The overall design feels practical. The controls feel natural and easy to understand. I am happy with how it has performed.,positive
I have been using this haircare product for a few weeks. The product has both strengths and weaknesses. It meets the basic requirements without offering much beyond them. Some parts are better than others.,neutral
"I decided to try this Aura product after comparing several options. There are useful aspects, but there are also some limitations. The strengths and weaknesses are fairly balanced. I would describe the experience as average. Some parts are better than others.",neutral
I decided to try this GameTech product after comparing several options. The product has been a pleasant surprise. The overall design feels practical.,positive
I have been testing this product under normal conditions. The controls feel natural and easy to understand. I have had no reason to complain about its reliability. I am happy with how it has performed.,positive
I have been using this accessories product for a few weeks. I would describe the experience as acceptable rather than impressive.,neutral
I have used this product in several everyday situations. It has worked consistently without unexpected problems. The day-to-day experience has been smooth. The setup was quick and straightforward.,positive
I have used this product in several everyday situations. It has worked consistently without unexpected problems. The setup was painless. There are still a few minor details that could be improved.,positive
"I gave this product a reasonable amount of use before writing this review. The product is functional without being exceptional. The differences are noticeable but not severe. It gets the job done, but there is room for improvement. There is still some room for improvement.",neutral
"I purchased this product mainly for its beverages features. The product has both strengths and weaknesses. Overall, it is acceptable but not exceptional.",neutral
I bought this beverages recently and have used it regularly. I have not found anything particularly impressive about it.,neutral
This product has been part of my regular routine for a while. The product handles its main tasks very well. I have had no reason to complain about its reliability. I am happy with how it has performed.,positive
"I bought this decor recently and have used it regularly. Some parts work well while others are fairly average. It is difficult to call the experience either excellent or poor. It meets the basic requirements without offering much beyond them. Overall, it is acceptable but not exceptional. Some parts are better than others.",neutral
"After using the product for some time, I can comment on how it performs. It performs roughly as I expected. It is difficult to call the experience either excellent or poor. It meets the basic requirements without offering much beyond them. It is fine as long as expectations are realistic.",neutral
I have used this product in several everyday situations. The overall performance is acceptable for ordinary use. The product is neither particularly impressive nor disappointing. Some parts are better than others.,neutral
I have used this product in several everyday situations. The performance has remained dependable during regular use. The setup was painless.,positive
I have been testing this product under normal conditions. The product handles its main tasks very well. I barely needed any time to get used to it. The product handles its main tasks very well. I would be comfortable recommending it.,positive
"After spending some time with this product, I have formed a fairly clear opinion. I have not found anything particularly impressive about it. The result is reasonably predictable. It handles the basic job adequately. There is still some room for improvement.",neutral
I have been testing this product under normal conditions. The overall experience has been better than I anticipated. It does what I need without unnecessary complications.,positive
I purchased this product mainly for its men features. The quality is better than I expected. Its main features have worked smoothly. I would consider buying it again.,positive
"After using the product for some time, I can comment on how it performs. There are useful aspects, but there are also some limitations. The strengths and weaknesses are fairly balanced. It handles the basic job adequately.",neutral
"After using the product for some time, I can comment on how it performs. Some parts work well while others are fairly average. The limitations are manageable for normal use.",neutral
"I purchased this product mainly for its personal care features. The product works, although it does not stand out. The product is adequate for straightforward use. It performs roughly as I expected. Some parts are better than others.",neutral
"After spending some time with this product, I have formed a fairly clear opinion. The product is suitable if expectations remain reasonable. It is a reasonable choice for basic requirements. Some parts are better than others.",neutral
"After using the product for some time, I can comment on how it performs. It has worked consistently without unexpected problems. It does what I need without unnecessary complications. The controls feel natural and easy to understand.",positive
"I picked this product after looking at a few alternatives. The product is suitable if expectations remain reasonable. The product is neither particularly impressive nor disappointing. Overall, it is acceptable but not exceptional.",neutral
I purchased this product mainly for its smart home features. I can depend on it for regular use. I would be comfortable recommending it.,positive
"After using the product for some time, I can comment on how it performs. It gets the job done, but there is room for improvement.",neutral
I purchased this product mainly for its beverages features. I have not found anything particularly impressive about it. The product is functional without being exceptional. I would consider other options before making another purchase.,neutral
"I have used this product in several everyday situations. The performance has remained dependable during regular use. It has handled regular use without difficulty. I have not had any meaningful problems with it. Overall, I am satisfied with the purchase.",positive
I bought this product to see how well it would fit my everyday needs. The controls feel natural and easy to understand. I am happy with how it has performed.,positive
I gave this product a reasonable amount of use before writing this review. The experience has been fairly ordinary overall. There are a few areas where refinement would help.,neutral
I picked this product after looking at a few alternatives. I have encountered several problems that were difficult to ignore. The issues are especially noticeable during longer sessions. I would look at alternatives before buying it again.,negative
"I bought this product to see how well it would fit my everyday needs. The product has been a pleasant surprise. I barely needed any time to get used to it. Overall, I am satisfied with the purchase.",positive
I have been testing this product under normal conditions. The overall experience has been better than I anticipated. The setup was painless. I would be comfortable recommending it.,positive
I have been testing this product under normal conditions. I have found it easy and comfortable to use. The overall design feels practical.,positive
I have used this product in several everyday situations. The overall experience has been better than I anticipated. It has handled regular use without difficulty. The product has remained reliable even after repeated use. There are still a few minor details that could be improved.,positive
This product has been part of my regular routine for a while. The setup was quick and straightforward. I am happy with how it has performed.,positive
I gave this product a reasonable amount of use before writing this review. It handles the basic job adequately. The differences are noticeable but not severe. It is fine as long as expectations are realistic.,neutral
This product has been part of my regular routine for a while. Everything has continued working as expected.,positive
I purchased this product mainly for its appliances features. The product handles its main tasks very well. The day-to-day experience has been smooth. The product feels thoughtfully designed.,positive
I picked this product after looking at a few alternatives. The setup was quick and straightforward. I have had no reason to complain about its reliability. The product has remained reliable even after repeated use.,positive
I have been testing this product under normal conditions. The overall quality is reasonable for the price. There are a few areas where refinement would help. It is fine as long as expectations are realistic.,neutral
I gave this product a reasonable amount of use before writing this review. The product has both strengths and weaknesses. The strengths and weaknesses are fairly balanced. The product has both strengths and weaknesses. There is still some room for improvement.,neutral
This product has been part of my regular routine for a while. The product started showing problems after repeated use. The problems became more noticeable with continued use. I have had trouble depending on it for regular use. There is considerable room for improvement.,negative
I have been testing this product under normal conditions. The controls feel natural and easy to understand. It has handled regular use without difficulty. I would consider buying it again.,positive
"After spending some time with this product, I have formed a fairly clear opinion. It performs roughly as I expected. There are a few areas where refinement would help. I would consider other options before making another purchase.",neutral
"I have used this product in several everyday situations. The product is neither particularly impressive nor disappointing. There are useful aspects, but there are also some limitations.",neutral
I have used this product in several everyday situations. The quality does not match what I expected for the price. The product does not inspire much confidence. The product started showing problems after repeated use. I would hesitate to recommend it. One or two aspects of the product are still useful.,negative
This product has been part of my regular routine for a while. The experience has been fairly ordinary overall. I would describe the experience as average.,neutral
"I have used this product in several everyday situations. Nothing is seriously wrong, but I would not call it outstanding. The product is adequate for straightforward use.",neutral
I have been testing this product under normal conditions. I have found it easy and comfortable to use. It does what I need without unnecessary complications. Everything has continued working as expected. It has turned out to be a worthwhile purchase.,positive
I picked this product after looking at a few alternatives. I have not found anything particularly impressive about it. The result is reasonably predictable. I have not found anything particularly impressive about it. It is a reasonable choice for basic requirements.,neutral
I bought this accessories recently and have used it regularly. I can depend on it for regular use.,positive
"After spending some time with this product, I have formed a fairly clear opinion. The overall experience has been better than I anticipated. The product has been a pleasant surprise. Overall, I am satisfied with the purchase.",positive
This product has been part of my regular routine for a while. I would describe the experience as acceptable rather than impressive. The strengths and weaknesses are fairly balanced. I would describe the experience as acceptable rather than impressive. It is fine as long as expectations are realistic.,neutral
"I purchased this product mainly for its laptop features. It performs roughly as I expected. The limitations are manageable for normal use. Overall, it is acceptable but not exceptional.",neutral
I gave this product a reasonable amount of use before writing this review. I would describe the experience as acceptable rather than impressive.,neutral
I gave this product a reasonable amount of use before writing this review. It meets the basic requirements without offering much beyond them. The limitations are manageable for normal use.,neutral
"I have used this product in several everyday situations. The experience has been fairly ordinary overall. The experience has been fairly ordinary overall. Overall, it is acceptable but not exceptional. Some parts are better than others.",neutral
I picked this product after looking at a few alternatives. Some parts work well while others are fairly average. Some parts work well while others are fairly average. It is a reasonable choice for basic requirements.,neutral
"After using the product for some time, I can comment on how it performs. The product has been a pleasant surprise. The setup was painless.",positive
I purchased this product mainly for its console features. The overall experience has been better than I anticipated. It has been dependable from the beginning. The product feels thoughtfully designed.,positive
"This product has been part of my regular routine for a while. There are useful aspects, but there are also some limitations. It depends somewhat on what you expect from the product. There is still some room for improvement.",neutral
This product has been part of my regular routine for a while. It handles the basic job adequately. The differences are noticeable but not severe.,neutral
I bought this product to see how well it would fit my everyday needs. It performs reliably when I need it. The day-to-day experience has been smooth. I can depend on it for regular use. It has turned out to be a worthwhile purchase.,positive
I bought this product to see how well it would fit my everyday needs. Its main features have worked smoothly. It has been dependable from the beginning.,positive
"I picked this product after looking at a few alternatives. The product has been a pleasant surprise. It has been dependable from the beginning. Overall, I am satisfied with the purchase.",positive
I have been using this decor product for a few weeks. Its main features have worked smoothly. The controls feel natural and easy to understand. I would be comfortable recommending it. There are still a few minor details that could be improved.,positive
This product has been part of my regular routine for a while. The product started showing problems after repeated use. The setup was more difficult than it needed to be. I would look at alternatives before buying it again.,negative
"I have used this product in several everyday situations. Nothing is seriously wrong, but I would not call it outstanding. It performs roughly as I expected.",neutral
I have used this product in several everyday situations. The product has remained reliable even after repeated use. It does what I need without unnecessary complications. The product has remained reliable even after repeated use. I would consider buying it again.,positive
"After spending some time with this product, I have formed a fairly clear opinion. It handles the basic job adequately. The product is adequate for straightforward use. It meets the basic requirements without offering much beyond them.",neutral
"I have been testing this product under normal conditions. There are useful aspects, but there are also some limitations.",neutral
I decided to try this Harvest product after comparing several options. The product has been a pleasant surprise.,positive
I have used this product in several everyday situations. The controls feel natural and easy to understand. The overall design feels practical.,positive
I bought this appliances recently and have used it regularly. The product is suitable if expectations remain reasonable. The strengths and weaknesses are fairly balanced. I would describe the experience as acceptable rather than impressive.,neutral
I decided to try this PlayMax product after comparing several options. It meets the basic requirements without offering much beyond them. It meets the basic requirements without offering much beyond them. It is fine as long as expectations are realistic.,neutral
I picked this product after looking at a few alternatives. The product feels well made. The product handles its main tasks very well. I would consider buying it again. There are still a few minor details that could be improved.,positive
This product has been part of my regular routine for a while. I have not had any meaningful problems with it. The day-to-day experience has been smooth. I would be comfortable recommending it.,positive
"I picked this product after looking at a few alternatives. The product is suitable if expectations remain reasonable. Overall, it is acceptable but not exceptional.",neutral
I gave this product a reasonable amount of use before writing this review. I have not had any meaningful problems with it. It has handled regular use without difficulty. I would choose this again over several alternatives.,positive
"After spending some time with this product, I have formed a fairly clear opinion. The product is neither particularly impressive nor disappointing. The differences are noticeable but not severe.",neutral
I have used this product in several everyday situations. It has worked consistently without unexpected problems. It has been dependable from the beginning. The setup was quick and straightforward. I would consider buying it again.,positive
I have been using this science product for a few weeks. Its main features have worked smoothly. I have had no reason to complain about its reliability. The product has been a pleasant surprise. I would consider buying it again.,positive
"I bought this product to see how well it would fit my everyday needs. Some parts work well while others are fairly average. The strengths and weaknesses are fairly balanced. There are useful aspects, but there are also some limitations. Some parts are better than others.",neutral
"After using the product for some time, I can comment on how it performs. Nothing is seriously wrong, but I would not call it outstanding. The limitations are manageable for normal use. The product is suitable if expectations remain reasonable.",neutral
"After spending some time with this product, I have formed a fairly clear opinion. The overall experience has been better than I anticipated. The product has been a pleasant surprise.",positive
I gave this product a reasonable amount of use before writing this review. The controls feel natural and easy to understand. It does what I need without unnecessary complications. The performance has remained dependable during regular use. I would consider buying it again.,positive
I have been testing this product under normal conditions. I have found it easy and comfortable to use. It has been dependable from the beginning. I can depend on it for regular use.,positive
"I purchased this product mainly for its laptop features. The product is neither particularly impressive nor disappointing. The experience has been fairly ordinary overall. Overall, it is acceptable but not exceptional.",neutral
I bought this product to see how well it would fit my everyday needs. I would describe the experience as acceptable rather than impressive. The strengths and weaknesses are fairly balanced. It is a reasonable choice for basic requirements.,neutral
I decided to try this PaperTrail product after comparing several options. The product is functional without being exceptional. It is difficult to call the experience either excellent or poor. I would consider other options before making another purchase. Some parts are better than others.,neutral
I have been using this men product for a few weeks. I can depend on it for regular use. I barely needed any time to get used to it. The product feels well made.,positive
I gave this product a reasonable amount of use before writing this review. The product has not been as dependable as I needed. I would probably choose another option next time.,negative
I have been using this accessories product for a few weeks. Some parts work well while others are fairly average. The strengths and weaknesses are fairly balanced. It is a reasonable choice for basic requirements.,neutral
"After using the product for some time, I can comment on how it performs. The product is suitable if expectations remain reasonable. The overall performance is acceptable for ordinary use.",neutral
I decided to try this MoveWell product after comparing several options. The overall experience has been better than I anticipated. The overall design feels practical. The product has remained reliable even after repeated use.,positive
I picked this product after looking at a few alternatives. I have not found anything particularly impressive about it. The strengths and weaknesses are fairly balanced. It is fine as long as expectations are realistic. Some parts are better than others.,neutral
I have been testing this product under normal conditions. The controls feel natural and easy to understand. It has been dependable from the beginning. It has turned out to be a worthwhile purchase. There are still a few minor details that could be improved.,positive
I have been using this packaged food product for a few weeks. It has worked consistently without unexpected problems. The product feels thoughtfully designed.,positive
"After using the product for some time, I can comment on how it performs. The quality is better than I expected. The day-to-day experience has been smooth. The product feels well made. I would consider buying it again.",positive
I decided to try this TechPro product after comparing several options. It has made my routine noticeably easier. It has been dependable from the beginning. It has turned out to be a worthwhile purchase.,positive
I decided to try this PageTurner product after comparing several options. The product started showing problems after repeated use. I would hesitate to recommend it.,negative
I have been using this decor product for a few weeks. The product is suitable if expectations remain reasonable. The strengths and weaknesses are fairly balanced. There is still some room for improvement.,neutral
"I bought this product to see how well it would fit my everyday needs. Nothing is seriously wrong, but I would not call it outstanding.",neutral
"I decided to try this PlayMax product after comparing several options. The product works, although it does not stand out. The product is adequate for straightforward use. The overall quality is reasonable for the price.",neutral
I have been using this packaged food product for a few weeks. The product feels thoughtfully designed. It does what I need without unnecessary complications. There are still a few minor details that could be improved.,positive
I picked this product after looking at a few alternatives. The product handles its main tasks very well. It has worked consistently without unexpected problems.,positive
"After using the product for some time, I can comment on how it performs. It gets the job done, but there is room for improvement. It depends somewhat on what you expect from the product. I would describe the experience as acceptable rather than impressive.",neutral
I have been testing this product under normal conditions. I have found it easy and comfortable to use. The overall design feels practical. I am happy with how it has performed.,positive
I bought this product to see how well it would fit my everyday needs. I would describe the experience as acceptable rather than impressive. The result is reasonably predictable. The overall performance is acceptable for ordinary use. There is still some room for improvement.,neutral
I have been testing this product under normal conditions. The quality is better than I expected. I barely needed any time to get used to it. I would choose this again over several alternatives.,positive
"This product has been part of my regular routine for a while. There are useful aspects, but there are also some limitations. The product works, although it does not stand out.",neutral
I bought this footwear recently and have used it regularly. The product has remained reliable even after repeated use. It has handled regular use without difficulty. The overall experience has been better than I anticipated. There are still a few minor details that could be improved.,positive
I picked this product after looking at a few alternatives. Some parts work well while others are fairly average. There are a few areas where refinement would help. It meets the basic requirements without offering much beyond them. It is a reasonable choice for basic requirements. Some parts are better than others.,neutral
I bought this product to see how well it would fit my everyday needs. The experience has been fairly ordinary overall. The result is reasonably predictable. It handles the basic job adequately.,neutral
I have used this product in several everyday situations. The performance becomes inconsistent over longer periods. I expected something more dependable. The product has become unreliable during normal use.,negative
I have been testing this product under normal conditions. The product has remained reliable even after repeated use. I barely needed any time to get used to it.,positive
"After using the product for some time, I can comment on how it performs. The product works, although it does not stand out.",neutral
"I gave this product a reasonable amount of use before writing this review. It has been usable so far, although some details could be refined. It is difficult to call the experience either excellent or poor. It meets the basic requirements without offering much beyond them.",neutral
"After using the product for some time, I can comment on how it performs. Its main features have worked smoothly. The product has remained reliable even after repeated use. I would choose this again over several alternatives.",positive
"I bought this product to see how well it would fit my everyday needs. The product works, although it does not stand out. There are a few areas where refinement would help. The overall quality is reasonable for the price.",neutral
I have been using this appliances product for a few weeks. Its main features have worked smoothly. The day-to-day experience has been smooth. The product has remained reliable even after repeated use.,positive
I bought this product to see how well it would fit my everyday needs. The controls feel natural and easy to understand. The day-to-day experience has been smooth. There are still a few minor details that could be improved.,positive
I decided to try this KnowledgeHub product after comparing several options. The controls feel natural and easy to understand. I have had no reason to complain about its reliability. I would be comfortable recommending it.,positive
"After spending some time with this product, I have formed a fairly clear opinion. I can depend on it for regular use. I have had no reason to complain about its reliability. There are still a few minor details that could be improved.",positive
I decided to try this BeautyPlus product after comparing several options. It performs roughly as I expected. I would describe the experience as average.,neutral
I have used this product in several everyday situations. I have not had any meaningful problems with it. Its main features have worked smoothly. I am happy with how it has performed. There are still a few minor details that could be improved.,positive
"I bought this accessories recently and have used it regularly. The overall quality is reasonable for the price. Overall, it is acceptable but not exceptional.",neutral
"After using the product for some time, I can comment on how it performs. Everything has continued working as expected. It has handled regular use without difficulty. The overall experience has been better than I anticipated.",positive
I have used this product in several everyday situations. It meets the basic requirements without offering much beyond them. The product is functional without being exceptional. It is a reasonable choice for basic requirements.,neutral
"After spending some time with this product, I have formed a fairly clear opinion. The product is functional without being exceptional. There are a few areas where refinement would help. The product is neither particularly impressive nor disappointing. I would consider other options before making another purchase.",neutral
"I gave this product a reasonable amount of use before writing this review. Nothing is seriously wrong, but I would not call it outstanding. It is difficult to call the experience either excellent or poor. I would describe the experience as acceptable rather than impressive. It is fine as long as expectations are realistic.",neutral
"After using the product for some time, I can comment on how it performs. I can depend on it for regular use. The product has been a pleasant surprise. I would consider buying it again.",positive
"I gave this product a reasonable amount of use before writing this review. It has been usable so far, although some details could be refined. It is difficult to call the experience either excellent or poor. The product works, although it does not stand out. I would describe the experience as average.",neutral
This product has been part of my regular routine for a while. The product started showing problems after repeated use. Some important functions have not worked properly. I expected better overall reliability.,negative
This product has been part of my regular routine for a while. The overall performance is acceptable for ordinary use. The differences are noticeable but not severe. I would describe the experience as average.,neutral
"After using the product for some time, I can comment on how it performs. The product works, although it does not stand out. The strengths and weaknesses are fairly balanced. It handles the basic job adequately. Some parts are better than others.",neutral
"After spending some time with this product, I have formed a fairly clear opinion. It performs roughly as I expected. It is difficult to call the experience either excellent or poor. It handles the basic job adequately.",neutral
"After using the product for some time, I can comment on how it performs. The product has remained reliable even after repeated use. Its main features have worked smoothly.",positive
I purchased this product mainly for its accessories features. I have found it easy and comfortable to use. I have had no reason to complain about its reliability.,positive
I bought this audio recently and have used it regularly. The product has been a pleasant surprise. It has been dependable from the beginning. There are still a few minor details that could be improved.,positive
"I picked this product after looking at a few alternatives. The product works, although it does not stand out. The strengths and weaknesses are fairly balanced. There are useful aspects, but there are also some limitations. I would describe the experience as average.",neutral
"I have been testing this product under normal conditions. I can depend on it for regular use. It has worked consistently without unexpected problems. Overall, I am satisfied with the purchase. There are still a few minor details that could be improved.",positive
"I decided to try this Peak product after comparing several options. It has been usable so far, although some details could be refined. It meets the basic requirements without offering much beyond them. It is fine as long as expectations are realistic. Some parts are better than others.",neutral
I picked this product after looking at a few alternatives. The product has both strengths and weaknesses.,neutral
"I have been using this accessories product for a few weeks. It has been usable so far, although some details could be refined. The strengths and weaknesses are fairly balanced. I would consider other options before making another purchase.",neutral
"I picked this product after looking at a few alternatives. I would describe the experience as acceptable rather than impressive. Overall, it is acceptable but not exceptional.",neutral
"I have used this product in several everyday situations. It has been usable so far, although some details could be refined. The differences are noticeable but not severe. Overall, it is acceptable but not exceptional.",neutral
I bought this accessories recently and have used it regularly. Everything has continued working as expected. I barely needed any time to get used to it.,positive
I have been using this skincare product for a few weeks. The product has caused more frustration than I expected. The problems affect the overall experience. I do not think I would purchase it again.,negative
This product has been part of my regular routine for a while. I have encountered several problems that were difficult to ignore. I expected something more dependable. I expected better overall reliability.,negative
"After spending some time with this product, I have formed a fairly clear opinion. The product feels thoughtfully designed. I have found it easy and comfortable to use. It has turned out to be a worthwhile purchase.",positive
I purchased this product mainly for its technology features. It has made my routine noticeably easier. I have had no reason to complain about its reliability. I would be comfortable recommending it. There are still a few minor details that could be improved.,positive
"I decided to try this SportMax product after comparing several options. Nothing is seriously wrong, but I would not call it outstanding. The differences are noticeable but not severe. Some parts are better than others.",neutral
"After using the product for some time, I can comment on how it performs. It performs roughly as I expected. The product is neither particularly impressive nor disappointing.",neutral
I bought this product to see how well it would fit my everyday needs. The product feels thoughtfully designed. I have had no reason to complain about its reliability. I would choose this again over several alternatives. There are still a few minor details that could be improved.,positive
I decided to try this XCore product after comparing several options. I have not found anything particularly impressive about it. It depends somewhat on what you expect from the product. It handles the basic job adequately.,neutral
I gave this product a reasonable amount of use before writing this review. I have had trouble depending on it for regular use. I expected something more dependable. I have had trouble depending on it for regular use. I would probably choose another option next time.,negative
I decided to try this KnowledgeHub product after comparing several options. The product has become unreliable during normal use. The setup was more difficult than it needed to be. I would look at alternatives before buying it again.,negative
I have used this product in several everyday situations. The performance has remained dependable during regular use. I can depend on it for regular use. There are still a few minor details that could be improved.,positive
I bought this product to see how well it would fit my everyday needs. The controls feel natural and easy to understand. I have had no reason to complain about its reliability. The product has remained reliable even after repeated use.,positive
I have used this product in several everyday situations. It has made my routine noticeably easier. It does what I need without unnecessary complications. The product handles its main tasks very well. It has turned out to be a worthwhile purchase. There are still a few minor details that could be improved.,positive
I bought this yoga recently and have used it regularly. The product is suitable if expectations remain reasonable. It is difficult to call the experience either excellent or poor. It is a reasonable choice for basic requirements.,neutral
This product has been part of my regular routine for a while. The setup was quick and straightforward. I have had no reason to complain about its reliability. I would choose this again over several alternatives.,positive
I purchased this product mainly for its breakfast features. The overall quality is reasonable for the price. There is still some room for improvement.,neutral
"I have been testing this product under normal conditions. The product works, although it does not stand out. The strengths and weaknesses are fairly balanced. There is still some room for improvement.",neutral
"I have used this product in several everyday situations. It has been usable so far, although some details could be refined. The result is reasonably predictable. The product is neither particularly impressive nor disappointing. It is a reasonable choice for basic requirements. Some parts are better than others.",neutral
This product has been part of my regular routine for a while. It performs roughly as I expected. I would consider other options before making another purchase.,neutral
"I bought this business recently and have used it regularly. The quality is better than I expected. The day-to-day experience has been smooth. It has worked consistently without unexpected problems. Overall, I am satisfied with the purchase.",positive
I have used this product in several everyday situations. The overall performance is acceptable for ordinary use. There are a few areas where refinement would help.,neutral
I have been using this snacks product for a few weeks. I can depend on it for regular use. I barely needed any time to get used to it. It has worked consistently without unexpected problems.,positive
I bought this product to see how well it would fit my everyday needs. The product has been a pleasant surprise. The day-to-day experience has been smooth. The product feels well made. There are still a few minor details that could be improved.,positive
I have been testing this product under normal conditions. It has made my routine noticeably easier. It has been dependable from the beginning. Its main features have worked smoothly. It has turned out to be a worthwhile purchase. There are still a few minor details that could be improved.,positive
"I purchased this product mainly for its organic features. The product feels thoughtfully designed. Overall, I am satisfied with the purchase.",positive
I have been testing this product under normal conditions. The product is functional without being exceptional. It is a reasonable choice for basic requirements.,neutral
I bought this breakfast recently and have used it regularly. I have experienced problems that should not occur during ordinary use. The product has become unreliable during normal use. I would probably choose another option next time.,negative
I have been testing this product under normal conditions. Some parts work well while others are fairly average. The limitations are manageable for normal use.,neutral
I have been testing this product under normal conditions. I have not found anything particularly impressive about it. The strengths and weaknesses are fairly balanced.,neutral
"After using the product for some time, I can comment on how it performs. The product has failed to perform consistently. I have had to work around several shortcomings. The product has failed to perform consistently.",negative
I have been testing this product under normal conditions. The materials do not feel particularly durable. The problems became more noticeable with continued use. I have encountered several problems that were difficult to ignore. I do not think I would purchase it again.,negative
"After spending some time with this product, I have formed a fairly clear opinion. It has made my routine noticeably easier. I barely needed any time to get used to it.",positive
I have been using this fitness product for a few weeks. It meets the basic requirements without offering much beyond them. It is fine as long as expectations are realistic. Some parts are better than others.,neutral
This product has been part of my regular routine for a while. The product has remained reliable even after repeated use. It has handled regular use without difficulty. I would be comfortable recommending it.,positive
"I have used this product in several everyday situations. The product has both strengths and weaknesses. There are a few areas where refinement would help. Overall, it is acceptable but not exceptional.",neutral
I have been using this storage product for a few weeks. The product feels well made. It has been dependable from the beginning.,positive
I gave this product a reasonable amount of use before writing this review. The overall quality is reasonable for the price. The differences are noticeable but not severe. I would consider other options before making another purchase.,neutral
I have been using this mobile product for a few weeks. The controls feel natural and easy to understand.,positive
I gave this product a reasonable amount of use before writing this review. It performs reliably when I need it. I would be comfortable recommending it.,positive
I purchased this product mainly for its fragrance features. I have found it easy and comfortable to use. The overall design feels practical. Everything has continued working as expected. I would be comfortable recommending it.,positive
I have been using this smart home product for a few weeks. The product is suitable if expectations remain reasonable. The strengths and weaknesses are fairly balanced.,neutral
"After spending some time with this product, I have formed a fairly clear opinion. The product is neither particularly impressive nor disappointing.",neutral
I decided to try this PureCare product after comparing several options. The setup was quick and straightforward. It has handled regular use without difficulty.,positive
I gave this product a reasonable amount of use before writing this review. The overall performance is acceptable for ordinary use. It is difficult to call the experience either excellent or poor. It is fine as long as expectations are realistic.,neutral
I picked this product after looking at a few alternatives. It handles the basic job adequately. The product is adequate for straightforward use.,neutral
I have used this product in several everyday situations. I can depend on it for regular use. It has handled regular use without difficulty. The performance has remained dependable during regular use. I am happy with how it has performed. There are still a few minor details that could be improved.,positive
I picked this product after looking at a few alternatives. It performs reliably when I need it. It has handled regular use without difficulty. I would be comfortable recommending it.,positive
"I bought this men recently and have used it regularly. The product works, although it does not stand out. It is a reasonable choice for basic requirements.",neutral
This product has been part of my regular routine for a while. The setup was quick and straightforward. I barely needed any time to get used to it. The product has been a pleasant surprise.,positive
I purchased this product mainly for its accessories features. I have found it easy and comfortable to use. The setup was painless.,positive
I bought this self help recently and have used it regularly. It has made my routine noticeably easier. I would be comfortable recommending it.,positive
"After using the product for some time, I can comment on how it performs. The controls feel natural and easy to understand. I barely needed any time to get used to it. The product feels well made. It has turned out to be a worthwhile purchase.",positive
I bought this product to see how well it would fit my everyday needs. The product has remained reliable even after repeated use. I have not had any meaningful problems with it.,positive
I purchased this product mainly for its organic features. I have not had any meaningful problems with it. It has made my routine noticeably easier. I would be comfortable recommending it.,positive
I have been using this packaged food product for a few weeks. The overall experience has been better than I anticipated. The day-to-day experience has been smooth. The product feels thoughtfully designed.,positive
I decided to try this PixelPro product after comparing several options. The product has remained reliable even after repeated use. The product feels thoughtfully designed.,positive
"After using the product for some time, I can comment on how it performs. The setup was quick and straightforward. I barely needed any time to get used to it. The product feels well made.",positive
"This product has been part of my regular routine for a while. Nothing is seriously wrong, but I would not call it outstanding.",neutral
"After spending some time with this product, I have formed a fairly clear opinion. The product is suitable if expectations remain reasonable. The product is adequate for straightforward use. The product has both strengths and weaknesses. I would consider other options before making another purchase. Some parts are better than others.",neutral
I have been using this men product for a few weeks. It has worked consistently without unexpected problems. It has handled regular use without difficulty. I would consider buying it again.,positive
I decided to try this Casa product after comparing several options. The experience has been more disappointing than satisfying. I expected something more dependable.,negative
I have been using this packaged food product for a few weeks. Several aspects of the experience could be substantially better. One or two aspects of the product are still useful.,negative
"I picked this product after looking at a few alternatives. The product works, although it does not stand out. The differences are noticeable but not severe. Overall, it is acceptable but not exceptional.",neutral
I gave this product a reasonable amount of use before writing this review. The product has remained reliable even after repeated use. It does what I need without unnecessary complications. I have not had any meaningful problems with it.,positive
"I gave this product a reasonable amount of use before writing this review. The experience has been fairly ordinary overall. The product is adequate for straightforward use. It has been usable so far, although some details could be refined.",neutral
I decided to try this ClassicWear product after comparing several options. The controls feel natural and easy to understand. I have had no reason to complain about its reliability. There are still a few minor details that could be improved.,positive
I have used this product in several everyday situations. I would describe the experience as acceptable rather than impressive. There are a few areas where refinement would help. The product is suitable if expectations remain reasonable. There is still some room for improvement.,neutral
I have been testing this product under normal conditions. It has made my routine noticeably easier. The setup was painless. Everything has continued working as expected.,positive
I have been using this science product for a few weeks. The experience has been fairly ordinary overall. It depends somewhat on what you expect from the product.,neutral
I bought this controller recently and have used it regularly. The product is functional without being exceptional. The product is adequate for straightforward use.,neutral
I picked this product after looking at a few alternatives. The product is functional without being exceptional. There are a few areas where refinement would help. I would describe the experience as average.,neutral
I have been testing this product under normal conditions. I can depend on it for regular use. The overall design feels practical. Its main features have worked smoothly.,positive
"After spending some time with this product, I have formed a fairly clear opinion. It has worked consistently without unexpected problems. I have had no reason to complain about its reliability. I would be comfortable recommending it.",positive
I picked this product after looking at a few alternatives. It has worked consistently without unexpected problems. It does what I need without unnecessary complications.,positive
"I picked this product after looking at a few alternatives. Nothing is seriously wrong, but I would not call it outstanding. The product is neither particularly impressive nor disappointing. Overall, it is acceptable but not exceptional. Some parts are better than others.",neutral
I bought this business recently and have used it regularly. The product has caused more frustration than I expected. The problems affect the overall experience. There is considerable room for improvement.,negative
"After spending some time with this product, I have formed a fairly clear opinion. It performs roughly as I expected.",neutral
"I decided to try this NatureTouch product after comparing several options. It has been usable so far, although some details could be refined. Overall, it is acceptable but not exceptional.",neutral
I purchased this product mainly for its laptop features. The product is suitable if expectations remain reasonable. The result is reasonably predictable.,neutral
This product has been part of my regular routine for a while. It performs roughly as I expected. The result is reasonably predictable. Some parts are better than others.,neutral
"I decided to try this NatureBest product after comparing several options. The experience has been fairly ordinary overall. The differences are noticeable but not severe. The product works, although it does not stand out. It is a reasonable choice for basic requirements.",neutral
I have been testing this product under normal conditions. The overall quality is reasonable for the price. The product is functional without being exceptional.,neutral
I picked this product after looking at a few alternatives. The product feels well made. The product has remained reliable even after repeated use.,positive
"I purchased this product mainly for its skincare features. The product is suitable if expectations remain reasonable. It is difficult to call the experience either excellent or poor. Nothing is seriously wrong, but I would not call it outstanding. Some parts are better than others.",neutral
I gave this product a reasonable amount of use before writing this review. It has made my routine noticeably easier. The day-to-day experience has been smooth. I would choose this again over several alternatives.,positive
I picked this product after looking at a few alternatives. It has worked consistently without unexpected problems. It has been dependable from the beginning. It has turned out to be a worthwhile purchase.,positive
"After spending some time with this product, I have formed a fairly clear opinion. Everything has continued working as expected. It does what I need without unnecessary complications.",positive
This product has been part of my regular routine for a while. The product has both strengths and weaknesses. There are a few areas where refinement would help.,neutral
I purchased this product mainly for its mobile features. The performance has remained dependable during regular use. The setup was painless. I am happy with how it has performed.,positive
"After spending some time with this product, I have formed a fairly clear opinion. The product is functional without being exceptional. The strengths and weaknesses are fairly balanced. I would describe the experience as average.",neutral
"After using the product for some time, I can comment on how it performs. The product feels thoughtfully designed. I can depend on it for regular use. Overall, I am satisfied with the purchase.",positive
I decided to try this DailyHome product after comparing several options. It has made my routine noticeably easier. The overall design feels practical. Everything has continued working as expected.,positive
This product has been part of my regular routine for a while. The product is functional without being exceptional. The product is functional without being exceptional.,neutral
I bought this business recently and have used it regularly. Everything has continued working as expected. There are still a few minor details that could be improved.,positive
I bought this smart home recently and have used it regularly. Several aspects of the experience could be substantially better. I would look at alternatives before buying it again.,negative
"After spending some time with this product, I have formed a fairly clear opinion. The product has remained reliable even after repeated use. The overall design feels practical. It has turned out to be a worthwhile purchase.",positive
"I bought this product to see how well it would fit my everyday needs. It has been usable so far, although some details could be refined. It depends somewhat on what you expect from the product. Some parts are better than others.",neutral
I purchased this product mainly for its business features. I have had trouble depending on it for regular use. I expected something more dependable. The materials do not feel particularly durable.,negative
I bought this controller recently and have used it regularly. The product is suitable if expectations remain reasonable. There are a few areas where refinement would help. The product is neither particularly impressive nor disappointing. I would consider other options before making another purchase.,neutral
"I have used this product in several everyday situations. Everything has continued working as expected. The day-to-day experience has been smooth. Overall, I am satisfied with the purchase.",positive
"After using the product for some time, I can comment on how it performs. The setup was quick and straightforward. The setup was painless. Overall, I am satisfied with the purchase. There are still a few minor details that could be improved.",positive
This product has been part of my regular routine for a while. The controls feel natural and easy to understand. The day-to-day experience has been smooth. I would choose this again over several alternatives.,positive
I have been testing this product under normal conditions. The performance has remained dependable during regular use.,positive
I decided to try this BeautyPlus product after comparing several options. The product feels thoughtfully designed. The day-to-day experience has been smooth. The controls feel natural and easy to understand. There are still a few minor details that could be improved.,positive
"After spending some time with this product, I have formed a fairly clear opinion. It gets the job done, but there is room for improvement. The limitations are manageable for normal use. I have not found anything particularly impressive about it.",neutral
"I gave this product a reasonable amount of use before writing this review. Nothing is seriously wrong, but I would not call it outstanding. It is difficult to call the experience either excellent or poor.",neutral
This product has been part of my regular routine for a while. Everything has continued working as expected. I have had no reason to complain about its reliability.,positive
I purchased this product mainly for its self help features. The quality is better than I expected. I have had no reason to complain about its reliability. It has worked consistently without unexpected problems. I would choose this again over several alternatives.,positive
I purchased this product mainly for its running features. There are several issues that make the product difficult to recommend. The setup was more difficult than it needed to be.,negative
I gave this product a reasonable amount of use before writing this review. It performs roughly as I expected. It is difficult to call the experience either excellent or poor.,neutral
I have been using this games product for a few weeks. The quality is better than I expected.,positive
I picked this product after looking at a few alternatives. The product has been a pleasant surprise. It performs reliably when I need it.,positive
I bought this product to see how well it would fit my everyday needs. I have not had any meaningful problems with it. The day-to-day experience has been smooth. I have found it easy and comfortable to use. I would choose this again over several alternatives.,positive
I decided to try this ComfortLiving product after comparing several options. The quality is better than I expected. It has handled regular use without difficulty. It has made my routine noticeably easier.,positive
I gave this product a reasonable amount of use before writing this review. The product is functional without being exceptional. The result is reasonably predictable. The experience has been fairly ordinary overall.,neutral
"After using the product for some time, I can comment on how it performs. I can depend on it for regular use. I have found it easy and comfortable to use.",positive
I purchased this product mainly for its mobile features. It meets the basic requirements without offering much beyond them. It is difficult to call the experience either excellent or poor. It performs roughly as I expected. Some parts are better than others.,neutral
"After using the product for some time, I can comment on how it performs. The product is neither particularly impressive nor disappointing.",neutral
"After spending some time with this product, I have formed a fairly clear opinion. The product works, although it does not stand out. It depends somewhat on what you expect from the product.",neutral
I picked this product after looking at a few alternatives. The product is functional without being exceptional. It is difficult to call the experience either excellent or poor. I would consider other options before making another purchase. Some parts are better than others.,neutral
I picked this product after looking at a few alternatives. It has made my routine noticeably easier. It does what I need without unnecessary complications. The setup was quick and straightforward. I would consider buying it again.,positive
"I have been testing this product under normal conditions. The overall quality is reasonable for the price. It is difficult to call the experience either excellent or poor. Nothing is seriously wrong, but I would not call it outstanding. I would describe the experience as average.",neutral
I decided to try this PageTurner product after comparing several options. The product is neither particularly impressive nor disappointing. The product is adequate for straightforward use. The product is functional without being exceptional.,neutral
"After using the product for some time, I can comment on how it performs. It has been usable so far, although some details could be refined. The strengths and weaknesses are fairly balanced.",neutral
"After using the product for some time, I can comment on how it performs. Nothing is seriously wrong, but I would not call it outstanding. It depends somewhat on what you expect from the product. The overall performance is acceptable for ordinary use. It is a reasonable choice for basic requirements.",neutral
I bought this product to see how well it would fit my everyday needs. The product feels well made. The overall design feels practical. I would choose this again over several alternatives.,positive
"I decided to try this DailyBasket product after comparing several options. The product is functional without being exceptional. The limitations are manageable for normal use. It handles the basic job adequately. Overall, it is acceptable but not exceptional.",neutral
I purchased this product mainly for its laptop features. I have had trouble depending on it for regular use. The problems became more noticeable with continued use. The quality does not match what I expected for the price.,negative
I purchased this product mainly for its personal care features. The performance has remained dependable during regular use. The day-to-day experience has been smooth. It has turned out to be a worthwhile purchase.,positive
I picked this product after looking at a few alternatives. The product feels well made. The overall design feels practical. It has turned out to be a worthwhile purchase.,positive
"I bought this gaming audio recently and have used it regularly. The product has remained reliable even after repeated use. Overall, I am satisfied with the purchase.",positive
"I picked this product after looking at a few alternatives. The product works, although it does not stand out.",neutral
"I decided to try this UrbanStyle product after comparing several options. Nothing is seriously wrong, but I would not call it outstanding. The product is adequate for straightforward use. I would consider other options before making another purchase. Some parts are better than others.",neutral
"I decided to try this Zenith product after comparing several options. There are useful aspects, but there are also some limitations. The product is adequate for straightforward use. Overall, it is acceptable but not exceptional.",neutral
This product has been part of my regular routine for a while. The overall performance is acceptable for ordinary use. It is difficult to call the experience either excellent or poor. It is a reasonable choice for basic requirements.,neutral
I have used this product in several everyday situations. The quality is better than I expected. I have had no reason to complain about its reliability. It has turned out to be a worthwhile purchase.,positive
"After spending some time with this product, I have formed a fairly clear opinion. It performs roughly as I expected. The differences are noticeable but not severe. The overall performance is acceptable for ordinary use. There is still some room for improvement.",neutral
I have been testing this product under normal conditions. The controls feel natural and easy to understand. It has been dependable from the beginning. I would be comfortable recommending it.,positive
"I gave this product a reasonable amount of use before writing this review. The product has both strengths and weaknesses. The limitations are manageable for normal use. Nothing is seriously wrong, but I would not call it outstanding. Some parts are better than others.",neutral
"After spending some time with this product, I have formed a fairly clear opinion. The product has both strengths and weaknesses. It depends somewhat on what you expect from the product. The product is neither particularly impressive nor disappointing. There is still some room for improvement.",neutral
I picked this product after looking at a few alternatives. It meets the basic requirements without offering much beyond them.,neutral
I picked this product after looking at a few alternatives. It handles the basic job adequately. The product is adequate for straightforward use. Some parts are better than others.,neutral
I bought this outdoor recently and have used it regularly. The product has been a pleasant surprise. It has been dependable from the beginning. I would consider buying it again.,positive
This product has been part of my regular routine for a while. It meets the basic requirements without offering much beyond them.,neutral
I have used this product in several everyday situations. It meets the basic requirements without offering much beyond them. The result is reasonably predictable. Some parts are better than others.,neutral
"This product has been part of my regular routine for a while. It gets the job done, but there is room for improvement. It depends somewhat on what you expect from the product. Some parts work well while others are fairly average.",neutral
I picked this product after looking at a few alternatives. The product has been a pleasant surprise. It does what I need without unnecessary complications. Everything has continued working as expected. I am happy with how it has performed. There are still a few minor details that could be improved.,positive
This product has been part of my regular routine for a while. The quality is better than I expected. I would choose this again over several alternatives. There are still a few minor details that could be improved.,positive
I decided to try this Zenith product after comparing several options. The product has both strengths and weaknesses. The product is adequate for straightforward use. Some parts are better than others.,neutral
I gave this product a reasonable amount of use before writing this review. The product is neither particularly impressive nor disappointing. The product is adequate for straightforward use.,neutral
"After spending some time with this product, I have formed a fairly clear opinion. It has been usable so far, although some details could be refined. It is difficult to call the experience either excellent or poor. It is a reasonable choice for basic requirements. Some parts are better than others.",neutral
I bought this product to see how well it would fit my everyday needs. It meets the basic requirements without offering much beyond them.,neutral
I bought this product to see how well it would fit my everyday needs. The actual performance falls short of its apparent potential. The performance becomes inconsistent over longer periods.,negative
"I bought this product to see how well it would fit my everyday needs. The product is neither particularly impressive nor disappointing. The limitations are manageable for normal use. There are useful aspects, but there are also some limitations. Some parts are better than others.",neutral
I decided to try this ClassicWear product after comparing several options. I can depend on it for regular use. The quality is better than I expected. It has turned out to be a worthwhile purchase. There are still a few minor details that could be improved.,positive
"After spending some time with this product, I have formed a fairly clear opinion. It has made my routine noticeably easier. It has handled regular use without difficulty. I would consider buying it again.",positive
"I have been testing this product under normal conditions. There are useful aspects, but there are also some limitations. The product is adequate for straightforward use. There is still some room for improvement.",neutral
"After spending some time with this product, I have formed a fairly clear opinion. Some parts work well while others are fairly average. There are a few areas where refinement would help.",neutral
I gave this product a reasonable amount of use before writing this review. The materials do not feel particularly durable. The setup was more difficult than it needed to be. I do not think I would purchase it again.,negative
This product has been part of my regular routine for a while. The product feels thoughtfully designed. The performance has remained dependable during regular use.,positive
I gave this product a reasonable amount of use before writing this review. It meets the basic requirements without offering much beyond them. The strengths and weaknesses are fairly balanced. The product is functional without being exceptional. Some parts are better than others.,neutral
"I picked this product after looking at a few alternatives. The product has both strengths and weaknesses. It performs roughly as I expected. Overall, it is acceptable but not exceptional.",neutral
I bought this product to see how well it would fit my everyday needs. I have not had any meaningful problems with it. I have had no reason to complain about its reliability. The product feels thoughtfully designed. I am happy with how it has performed.,positive
I have been using this appliances product for a few weeks. The product feels well made. I barely needed any time to get used to it.,positive
"I bought this product to see how well it would fit my everyday needs. There are useful aspects, but there are also some limitations. The result is reasonably predictable. Some parts are better than others.",neutral
"After using the product for some time, I can comment on how it performs. I have not had any meaningful problems with it. It has been dependable from the beginning.",positive
I have been using this decor product for a few weeks. The product is functional without being exceptional. It is fine as long as expectations are realistic. Some parts are better than others.,neutral
I bought this product to see how well it would fit my everyday needs. The product is functional without being exceptional. There are a few areas where refinement would help. The product is suitable if expectations remain reasonable. It is fine as long as expectations are realistic.,neutral
I have used this product in several everyday situations. It has made my routine noticeably easier. The day-to-day experience has been smooth. There are still a few minor details that could be improved.,positive
I have used this product in several everyday situations. The product feels well made. I have had no reason to complain about its reliability. It has turned out to be a worthwhile purchase.,positive
I gave this product a reasonable amount of use before writing this review. Its main features have worked smoothly. The overall design feels practical. There are still a few minor details that could be improved.,positive
I have used this product in several everyday situations. The product has remained reliable even after repeated use. It does what I need without unnecessary complications. There are still a few minor details that could be improved.,positive
"After using the product for some time, I can comment on how it performs. The controls feel natural and easy to understand. It has handled regular use without difficulty. I would choose this again over several alternatives. There are still a few minor details that could be improved.",positive
"After spending some time with this product, I have formed a fairly clear opinion. There are several issues that make the product difficult to recommend. The product does not inspire much confidence. There are several issues that make the product difficult to recommend. One or two aspects of the product are still useful.",negative
I picked this product after looking at a few alternatives. The product is functional without being exceptional. The result is reasonably predictable. The experience has been fairly ordinary overall. I would describe the experience as average. Some parts are better than others.,neutral
I picked this product after looking at a few alternatives. I have not had any meaningful problems with it. It has been dependable from the beginning.,positive
I gave this product a reasonable amount of use before writing this review. Everything has continued working as expected. I would be comfortable recommending it.,positive
I purchased this product mainly for its console features. I have not had any meaningful problems with it. I would be comfortable recommending it. There are still a few minor details that could be improved.,positive
I decided to try this BookHouse product after comparing several options. The quality is better than I expected. It has handled regular use without difficulty. Its main features have worked smoothly. I am happy with how it has performed. There are still a few minor details that could be improved.,positive
"After spending some time with this product, I have formed a fairly clear opinion. The product is suitable if expectations remain reasonable. It is difficult to call the experience either excellent or poor. It gets the job done, but there is room for improvement. It is a reasonable choice for basic requirements.",neutral
This product has been part of my regular routine for a while. I would describe the experience as acceptable rather than impressive. The differences are noticeable but not severe.,neutral
I bought this product to see how well it would fit my everyday needs. The product is suitable if expectations remain reasonable. I would describe the experience as acceptable rather than impressive. It is a reasonable choice for basic requirements. Some parts are better than others.,neutral
I gave this product a reasonable amount of use before writing this review. Some important functions have not worked properly. The problems became more noticeable with continued use. The product has caused more frustration than I expected.,negative
I picked this product after looking at a few alternatives. Its main features have worked smoothly. I barely needed any time to get used to it. The overall experience has been better than I anticipated. There are still a few minor details that could be improved.,positive
"After using the product for some time, I can comment on how it performs. It performs roughly as I expected. I would consider other options before making another purchase.",neutral
"After using the product for some time, I can comment on how it performs. The product works, although it does not stand out. The result is reasonably predictable. Overall, it is acceptable but not exceptional.",neutral
I gave this product a reasonable amount of use before writing this review. The product feels thoughtfully designed. The overall design feels practical. I would choose this again over several alternatives.,positive
"After using the product for some time, I can comment on how it performs. It has been usable so far, although some details could be refined. The overall quality is reasonable for the price. I would describe the experience as average.",neutral
I have been using this science product for a few weeks. The setup was quick and straightforward. The controls feel natural and easy to understand. I am happy with how it has performed. There are still a few minor details that could be improved.,positive
I decided to try this PureCare product after comparing several options. The product handles its main tasks very well.,positive
"After using the product for some time, I can comment on how it performs. The product feels well made. The overall design feels practical. I would choose this again over several alternatives.",positive
I picked this product after looking at a few alternatives. Several aspects of the experience could be substantially better. I expected better overall reliability.,negative
I gave this product a reasonable amount of use before writing this review. It performs roughly as I expected. It performs roughly as I expected. Some parts are better than others.,neutral
I decided to try this DailyBasket product after comparing several options. The quality is better than I expected. I barely needed any time to get used to it. I would choose this again over several alternatives. There are still a few minor details that could be improved.,positive
"After using the product for some time, I can comment on how it performs. The product is suitable if expectations remain reasonable. It is fine as long as expectations are realistic. Some parts are better than others.",neutral
I have been testing this product under normal conditions. I would describe the experience as acceptable rather than impressive. I have not found anything particularly impressive about it.,neutral
"After using the product for some time, I can comment on how it performs. The performance becomes inconsistent over longer periods. The problems affect the overall experience. I would hesitate to recommend it.",negative
I picked this product after looking at a few alternatives. I would describe the experience as acceptable rather than impressive. It is difficult to call the experience either excellent or poor.,neutral
I have used this product in several everyday situations. The product started showing problems after repeated use. The issues are especially noticeable during longer sessions. I would probably choose another option next time.,negative
I purchased this product mainly for its sportswear features. The product is functional without being exceptional. The product is adequate for straightforward use. I would consider other options before making another purchase. Some parts are better than others.,neutral
"I bought this product to see how well it would fit my everyday needs. The product works, although it does not stand out. There is still some room for improvement.",neutral
"After using the product for some time, I can comment on how it performs. The setup was quick and straightforward. It has been dependable from the beginning. The product has been a pleasant surprise. I would be comfortable recommending it.",positive
"After spending some time with this product, I have formed a fairly clear opinion. The product is neither particularly impressive nor disappointing. The strengths and weaknesses are fairly balanced. I would describe the experience as acceptable rather than impressive. There is still some room for improvement.",neutral
I picked this product after looking at a few alternatives. Everything has continued working as expected. The setup was quick and straightforward.,positive
"I purchased this product mainly for its women features. The experience has been fairly ordinary overall. The product is neither particularly impressive nor disappointing. Overall, it is acceptable but not exceptional.",neutral
I decided to try this Harvest product after comparing several options. The actual performance falls short of its apparent potential. I expected better overall reliability.,negative
I have been testing this product under normal conditions. The product is neither particularly impressive nor disappointing. The strengths and weaknesses are fairly balanced. The product has both strengths and weaknesses. There is still some room for improvement.,neutral
"I have been testing this product under normal conditions. It has been usable so far, although some details could be refined. There are useful aspects, but there are also some limitations. There is still some room for improvement.",neutral
I have been using this packaged food product for a few weeks. The product feels thoughtfully designed. It has turned out to be a worthwhile purchase.,positive
"I gave this product a reasonable amount of use before writing this review. It has been usable so far, although some details could be refined. It performs roughly as I expected.",neutral
"After using the product for some time, I can comment on how it performs. I have not found anything particularly impressive about it. I would consider other options before making another purchase. Some parts are better than others.",neutral
I picked this product after looking at a few alternatives. The experience has been fairly ordinary overall. The strengths and weaknesses are fairly balanced. There is still some room for improvement.,neutral
"After spending some time with this product, I have formed a fairly clear opinion. Its main features have worked smoothly. The day-to-day experience has been smooth.",positive
I have been using this packaged food product for a few weeks. There are several issues that make the product difficult to recommend. I expected something more dependable. The materials do not feel particularly durable. I do not think I would purchase it again.,negative
I gave this product a reasonable amount of use before writing this review. I have had trouble depending on it for regular use. The issues are especially noticeable during longer sessions. I would probably choose another option next time.,negative
I have been using this self help product for a few weeks. The quality is better than I expected. It has turned out to be a worthwhile purchase.,positive
"After using the product for some time, I can comment on how it performs. It gets the job done, but there is room for improvement. It is difficult to call the experience either excellent or poor.",neutral
I picked this product after looking at a few alternatives. It has worked consistently without unexpected problems. It has handled regular use without difficulty.,positive
"I gave this product a reasonable amount of use before writing this review. It has been usable so far, although some details could be refined. The differences are noticeable but not severe.",neutral
"After using the product for some time, I can comment on how it performs. The quality is better than I expected. The setup was painless. The performance has remained dependable during regular use. I would choose this again over several alternatives.",positive
"I bought this storage recently and have used it regularly. The product works, although it does not stand out. The result is reasonably predictable.",neutral
I decided to try this FreshChoice product after comparing several options. It handles the basic job adequately. The experience has been fairly ordinary overall. It is a reasonable choice for basic requirements.,neutral
This product has been part of my regular routine for a while. The product is functional without being exceptional. Some parts are better than others.,neutral
I bought this men recently and have used it regularly. It handles the basic job adequately. The limitations are manageable for normal use. I would consider other options before making another purchase. Some parts are better than others.,neutral
I gave this product a reasonable amount of use before writing this review. It performs roughly as I expected.,neutral
I decided to try this DailyBasket product after comparing several options. It performs reliably when I need it.,positive
"I purchased this product mainly for its sportswear features. Nothing is seriously wrong, but I would not call it outstanding. The differences are noticeable but not severe. I would consider other options before making another purchase.",neutral
I gave this product a reasonable amount of use before writing this review. The overall experience has been better than I anticipated. The setup was painless. It has turned out to be a worthwhile purchase.,positive
I bought this science recently and have used it regularly. The product handles its main tasks very well. The setup was painless. It has turned out to be a worthwhile purchase.,positive
This product has been part of my regular routine for a while. I have not found anything particularly impressive about it. The product is adequate for straightforward use. Some parts are better than others.,neutral
"I bought this games recently and have used it regularly. The setup was quick and straightforward. The setup was painless. Overall, I am satisfied with the purchase.",positive
I have used this product in several everyday situations. Everything has continued working as expected. I barely needed any time to get used to it. I am happy with how it has performed.,positive
"I gave this product a reasonable amount of use before writing this review. The product works, although it does not stand out. There is still some room for improvement.",neutral
I purchased this product mainly for its fiction features. The overall performance is acceptable for ordinary use.,neutral
I have been testing this product under normal conditions. The product has remained reliable even after repeated use. I am happy with how it has performed.,positive
I decided to try this GoodFood product after comparing several options. The quality is better than I expected. It has handled regular use without difficulty. It performs reliably when I need it. I am happy with how it has performed.,positive
"After using the product for some time, I can comment on how it performs. The product has been a pleasant surprise. The day-to-day experience has been smooth. The product handles its main tasks very well. I am happy with how it has performed.",positive
This product has been part of my regular routine for a while. It performs roughly as I expected. I would describe the experience as average.,neutral
"I have used this product in several everyday situations. Nothing is seriously wrong, but I would not call it outstanding. The product has both strengths and weaknesses. It is a reasonable choice for basic requirements.",neutral
I purchased this product mainly for its mobile features. It has worked consistently without unexpected problems. It has handled regular use without difficulty.,positive
This product has been part of my regular routine for a while. It meets the basic requirements without offering much beyond them. The differences are noticeable but not severe. There is still some room for improvement.,neutral
I have been using this kitchen product for a few weeks. I have not had any meaningful problems with it. The day-to-day experience has been smooth. I have not had any meaningful problems with it.,positive
"After spending some time with this product, I have formed a fairly clear opinion. The performance becomes inconsistent over longer periods. The setup was more difficult than it needed to be.",negative
This product has been part of my regular routine for a while. The controls feel natural and easy to understand. It has handled regular use without difficulty. I am happy with how it has performed.,positive
I decided to try this BookHouse product after comparing several options. The overall quality is reasonable for the price. The strengths and weaknesses are fairly balanced. I would describe the experience as average. Some parts are better than others.,neutral
I picked this product after looking at a few alternatives. I have not had any meaningful problems with it. I barely needed any time to get used to it. It has turned out to be a worthwhile purchase.,positive
"I bought this business recently and have used it regularly. The product works, although it does not stand out.",neutral
I have used this product in several everyday situations. The product has failed to perform consistently. The problems became more noticeable with continued use. I would probably choose another option next time. One or two aspects of the product are still useful.,negative
I bought this audio recently and have used it regularly. It handles the basic job adequately. Some parts work well while others are fairly average.,neutral
I picked this product after looking at a few alternatives. The quality is better than I expected. The overall design feels practical. The setup was quick and straightforward. It has turned out to be a worthwhile purchase.,positive
I have been testing this product under normal conditions. The product has both strengths and weaknesses. The product is adequate for straightforward use. There is still some room for improvement. Some parts are better than others.,neutral
I bought this product to see how well it would fit my everyday needs. It meets the basic requirements without offering much beyond them. The strengths and weaknesses are fairly balanced. It meets the basic requirements without offering much beyond them. There is still some room for improvement.,neutral
I have been testing this product under normal conditions. The quality is better than I expected. I have had no reason to complain about its reliability. There are still a few minor details that could be improved.,positive
I purchased this product mainly for its snacks features. It performs roughly as I expected. The limitations are manageable for normal use. The experience has been fairly ordinary overall. It is fine as long as expectations are realistic.,neutral
I have used this product in several everyday situations. The product has remained reliable even after repeated use. It does what I need without unnecessary complications. The overall experience has been better than I anticipated. It has turned out to be a worthwhile purchase.,positive
"After spending some time with this product, I have formed a fairly clear opinion. The product is functional without being exceptional. The limitations are manageable for normal use. The product has both strengths and weaknesses. Some parts are better than others.",neutral
I gave this product a reasonable amount of use before writing this review. The performance has remained dependable during regular use. The overall design feels practical. The product has remained reliable even after repeated use. It has turned out to be a worthwhile purchase. There are still a few minor details that could be improved.,positive
"I purchased this product mainly for its mobile features. The overall quality is reasonable for the price. Overall, it is acceptable but not exceptional.",neutral
"I bought this product to see how well it would fit my everyday needs. It gets the job done, but there is room for improvement. It depends somewhat on what you expect from the product. The overall performance is acceptable for ordinary use. It is a reasonable choice for basic requirements.",neutral
I purchased this product mainly for its audio features. The experience has been fairly ordinary overall. The strengths and weaknesses are fairly balanced. I would consider other options before making another purchase.,neutral
I purchased this product mainly for its outdoor features. The quality is better than I expected. The setup was painless.,positive
"After using the product for some time, I can comment on how it performs. The product is functional without being exceptional. The result is reasonably predictable. It is a reasonable choice for basic requirements.",neutral
I gave this product a reasonable amount of use before writing this review. It handles the basic job adequately.,neutral
I bought this snacks recently and have used it regularly. The setup was quick and straightforward. It has been dependable from the beginning.,positive
This product has been part of my regular routine for a while. The overall experience has been better than I anticipated. It has handled regular use without difficulty. It has turned out to be a worthwhile purchase.,positive
"After spending some time with this product, I have formed a fairly clear opinion. The product has become unreliable during normal use. I would look at alternatives before buying it again.",negative
"I have used this product in several everyday situations. The product works, although it does not stand out. The product is adequate for straightforward use. I would describe the experience as average.",neutral
"After using the product for some time, I can comment on how it performs. I have not found anything particularly impressive about it. The result is reasonably predictable.",neutral
"After spending some time with this product, I have formed a fairly clear opinion. The product handles its main tasks very well. The day-to-day experience has been smooth. There are still a few minor details that could be improved.",positive
This product has been part of my regular routine for a while. The product is neither particularly impressive nor disappointing. There are a few areas where refinement would help. It is a reasonable choice for basic requirements.,neutral
I bought this beverages recently and have used it regularly. The product has been a pleasant surprise. The day-to-day experience has been smooth. There are still a few minor details that could be improved.,positive
"After spending some time with this product, I have formed a fairly clear opinion. It performs roughly as I expected. The limitations are manageable for normal use. I have not found anything particularly impressive about it. There is still some room for improvement.",neutral
I decided to try this DailyBasket product after comparing several options. The controls feel natural and easy to understand. The day-to-day experience has been smooth. Everything has continued working as expected. I would choose this again over several alternatives.,positive
I purchased this product mainly for its accessories features. I have found it easy and comfortable to use. It has been dependable from the beginning. I would choose this again over several alternatives.,positive
I bought this business recently and have used it regularly. The product has remained reliable even after repeated use. I have had no reason to complain about its reliability. I am happy with how it has performed.,positive
I bought this personal care recently and have used it regularly. The experience has been fairly ordinary overall. The limitations are manageable for normal use. It handles the basic job adequately. It is a reasonable choice for basic requirements.,neutral
I decided to try this SoundMax product after comparing several options. The product has been a pleasant surprise.,positive
I bought this business recently and have used it regularly. I would describe the experience as acceptable rather than impressive. The product has both strengths and weaknesses. Some parts are better than others.,neutral
"I gave this product a reasonable amount of use before writing this review. Some parts work well while others are fairly average. The product is adequate for straightforward use. It has been usable so far, although some details could be refined.",neutral
I have used this product in several everyday situations. The quality does not match what I expected for the price. I have had to work around several shortcomings. I would hesitate to recommend it.,negative
I have been using this laptop product for a few weeks. It has worked consistently without unexpected problems. The overall design feels practical. The performance has remained dependable during regular use. There are still a few minor details that could be improved.,positive
I have been testing this product under normal conditions. It meets the basic requirements without offering much beyond them. There are a few areas where refinement would help. It performs roughly as I expected. Some parts are better than others.,neutral
I picked this product after looking at a few alternatives. The product is functional without being exceptional. I would consider other options before making another purchase.,neutral
"I bought this product to see how well it would fit my everyday needs. It has made my routine noticeably easier. The setup was painless. The performance has remained dependable during regular use. Overall, I am satisfied with the purchase. There are still a few minor details that could be improved.",positive
"I bought this smart home recently and have used it regularly. The overall experience has been better than I anticipated. Overall, I am satisfied with the purchase.",positive
I picked this product after looking at a few alternatives. I have not had any meaningful problems with it. It has been dependable from the beginning. Its main features have worked smoothly. I am happy with how it has performed.,positive
I have been using this snacks product for a few weeks. I can depend on it for regular use.,positive
"After using the product for some time, I can comment on how it performs. The overall quality is reasonable for the price. The product is adequate for straightforward use. It is a reasonable choice for basic requirements.",neutral
This product has been part of my regular routine for a while. The product handles its main tasks very well. The performance has remained dependable during regular use. I would consider buying it again.,positive
I have used this product in several everyday situations. I have found it easy and comfortable to use. I have had no reason to complain about its reliability. The quality is better than I expected. It has turned out to be a worthwhile purchase.,positive
"After spending some time with this product, I have formed a fairly clear opinion. It has been usable so far, although some details could be refined. Overall, it is acceptable but not exceptional.",neutral
"After spending some time with this product, I have formed a fairly clear opinion. Everything has continued working as expected. It has handled regular use without difficulty.",positive
I bought this console recently and have used it regularly. It handles the basic job adequately. The overall performance is acceptable for ordinary use. I would consider other options before making another purchase. Some parts are better than others.,neutral
I decided to try this Harvest product after comparing several options. The product has both strengths and weaknesses. The limitations are manageable for normal use. I would consider other options before making another purchase.,neutral
"I have been using this organic product for a few weeks. It meets the basic requirements without offering much beyond them. The differences are noticeable but not severe. Nothing is seriously wrong, but I would not call it outstanding.",neutral
I picked this product after looking at a few alternatives. The performance has remained dependable during regular use. I have had no reason to complain about its reliability. I have found it easy and comfortable to use.,positive
I have been testing this product under normal conditions. The product has remained reliable even after repeated use. It does what I need without unnecessary complications. I would choose this again over several alternatives. There are still a few minor details that could be improved.,positive
I have been using this cricket product for a few weeks. The controls feel natural and easy to understand. The day-to-day experience has been smooth. It has made my routine noticeably easier.,positive
I have been using this men product for a few weeks. I have not found anything particularly impressive about it. The product is adequate for straightforward use.,neutral
I have used this product in several everyday situations. The setup was quick and straightforward. The day-to-day experience has been smooth. I would be comfortable recommending it.,positive
"After spending some time with this product, I have formed a fairly clear opinion. The product has remained reliable even after repeated use. I barely needed any time to get used to it. The quality is better than I expected. I would choose this again over several alternatives.",positive
This product has been part of my regular routine for a while. The controls feel natural and easy to understand. I barely needed any time to get used to it. Its main features have worked smoothly.,positive
I have been using this beverages product for a few weeks. I would describe the experience as acceptable rather than impressive. The result is reasonably predictable. It is fine as long as expectations are realistic. Some parts are better than others.,neutral
"After using the product for some time, I can comment on how it performs. The product is neither particularly impressive nor disappointing. The result is reasonably predictable. Some parts are better than others.",neutral
"I have used this product in several everyday situations. The product is neither particularly impressive nor disappointing. The limitations are manageable for normal use. Overall, it is acceptable but not exceptional. Some parts are better than others.",neutral
"I have used this product in several everyday situations. It has been usable so far, although some details could be refined. It depends somewhat on what you expect from the product. Overall, it is acceptable but not exceptional.",neutral
I purchased this product mainly for its laptop features. I have not found anything particularly impressive about it. It depends somewhat on what you expect from the product. It meets the basic requirements without offering much beyond them. I would consider other options before making another purchase.,neutral
I bought this product to see how well it would fit my everyday needs. Some important functions have not worked properly.,negative
I decided to try this MoveWell product after comparing several options. The experience has been fairly ordinary overall.,neutral
I decided to try this SportMax product after comparing several options. The product handles its main tasks very well. The overall design feels practical. It performs reliably when I need it. It has turned out to be a worthwhile purchase.,positive
"After using the product for some time, I can comment on how it performs. It performs reliably when I need it. The overall design feels practical. The product has remained reliable even after repeated use. I would consider buying it again.",positive
I have used this product in several everyday situations. I have not found anything particularly impressive about it. The result is reasonably predictable. Some parts work well while others are fairly average. I would describe the experience as average.,neutral
I have been testing this product under normal conditions. The product handles its main tasks very well. The day-to-day experience has been smooth. The product handles its main tasks very well. I would be comfortable recommending it.,positive
I have used this product in several everyday situations. The performance has remained dependable during regular use. I have had no reason to complain about its reliability. I can depend on it for regular use.,positive
I bought this sportswear recently and have used it regularly. Some parts work well while others are fairly average. The result is reasonably predictable.,neutral
I have been using this controller product for a few weeks. Some important functions have not worked properly. The product does not inspire much confidence. I would probably choose another option next time.,negative
I gave this product a reasonable amount of use before writing this review. It meets the basic requirements without offering much beyond them. The differences are noticeable but not severe. It performs roughly as I expected. It is a reasonable choice for basic requirements.,neutral
"I decided to try this ReadWell product after comparing several options. The product works, although it does not stand out. The result is reasonably predictable. Some parts are better than others.",neutral
I decided to try this ClassicWear product after comparing several options. Its main features have worked smoothly. The product feels thoughtfully designed. It has turned out to be a worthwhile purchase.,positive
I purchased this product mainly for its makeup features. The product handles its main tasks very well. It has handled regular use without difficulty. It performs reliably when I need it.,positive
I bought this product to see how well it would fit my everyday needs. The product has both strengths and weaknesses. There are a few areas where refinement would help.,neutral
I bought this product to see how well it would fit my everyday needs. Some important functions have not worked properly. The setup was more difficult than it needed to be.,negative
"After using the product for some time, I can comment on how it performs. I have not found anything particularly impressive about it. The overall quality is reasonable for the price. There is still some room for improvement.",neutral
I decided to try this NovaTech product after comparing several options. I have not had any meaningful problems with it. It has handled regular use without difficulty. I am happy with how it has performed.,positive
"This product has been part of my regular routine for a while. It meets the basic requirements without offering much beyond them. The strengths and weaknesses are fairly balanced. Some parts work well while others are fairly average. Overall, it is acceptable but not exceptional.",neutral
I have been testing this product under normal conditions. It performs reliably when I need it. It has handled regular use without difficulty. I would consider buying it again.,positive
"After spending some time with this product, I have formed a fairly clear opinion. The product is suitable if expectations remain reasonable. Nothing is seriously wrong, but I would not call it outstanding. There is still some room for improvement.",neutral
I picked this product after looking at a few alternatives. I can depend on it for regular use. I am happy with how it has performed.,positive
I gave this product a reasonable amount of use before writing this review. The quality does not match what I expected for the price. The product does not inspire much confidence.,negative
I have used this product in several everyday situations. The product has both strengths and weaknesses. There are a few areas where refinement would help. I have not found anything particularly impressive about it. I would describe the experience as average.,neutral
"After spending some time with this product, I have formed a fairly clear opinion. It gets the job done, but there is room for improvement. It depends somewhat on what you expect from the product. The overall quality is reasonable for the price. Overall, it is acceptable but not exceptional.",neutral
I have been testing this product under normal conditions. The performance has remained dependable during regular use. It has handled regular use without difficulty. The performance has remained dependable during regular use. There are still a few minor details that could be improved.,positive
I have been using this business product for a few weeks. The product has been a pleasant surprise. The day-to-day experience has been smooth. There are still a few minor details that could be improved.,positive
"This product has been part of my regular routine for a while. The product works, although it does not stand out. It is difficult to call the experience either excellent or poor. The product has both strengths and weaknesses.",neutral
"I have been using this science product for a few weeks. It has been usable so far, although some details could be refined. I have not found anything particularly impressive about it. I would describe the experience as average. Some parts are better than others.",neutral
I decided to try this ComfortLiving product after comparing several options. Some parts work well while others are fairly average.,neutral
I have used this product in several everyday situations. I would describe the experience as acceptable rather than impressive. There are a few areas where refinement would help. The overall quality is reasonable for the price. I would describe the experience as average.,neutral
I purchased this product mainly for its mobile features. The product is suitable if expectations remain reasonable. I would consider other options before making another purchase.,neutral
I decided to try this Zenith product after comparing several options. It has worked consistently without unexpected problems. The day-to-day experience has been smooth. I would choose this again over several alternatives.,positive
This product has been part of my regular routine for a while. I can depend on it for regular use. It does what I need without unnecessary complications.,positive
I bought this self help recently and have used it regularly. The product has both strengths and weaknesses. It depends somewhat on what you expect from the product. I would describe the experience as average.,neutral
"After spending some time with this product, I have formed a fairly clear opinion. I have not found anything particularly impressive about it. The product is adequate for straightforward use.",neutral
"After spending some time with this product, I have formed a fairly clear opinion. The product has been a pleasant surprise. I have had no reason to complain about its reliability.",positive
I gave this product a reasonable amount of use before writing this review. It performs reliably when I need it. I would consider buying it again.,positive
"I bought this breakfast recently and have used it regularly. It performs roughly as I expected. Overall, it is acceptable but not exceptional.",neutral
I purchased this product mainly for its makeup features. It performs reliably when I need it. I have had no reason to complain about its reliability. I can depend on it for regular use.,positive
I have been using this yoga product for a few weeks. Its main features have worked smoothly. The product feels thoughtfully designed. There are still a few minor details that could be improved.,positive
I bought this product to see how well it would fit my everyday needs. It has made my routine noticeably easier. I barely needed any time to get used to it. I have not had any meaningful problems with it. I am happy with how it has performed.,positive
"I decided to try this ActiveX product after comparing several options. It meets the basic requirements without offering much beyond them. Overall, it is acceptable but not exceptional.",neutral
"After using the product for some time, I can comment on how it performs. The product has been a pleasant surprise. The setup was painless. I would consider buying it again.",positive
"I bought this mobile recently and have used it regularly. The product works, although it does not stand out. Some parts are better than others.",neutral
I have been testing this product under normal conditions. I would hesitate to rely on this product for important tasks. I expected something more dependable. One or two aspects of the product are still useful.,negative
"I have been using this kitchen product for a few weeks. It has been usable so far, although some details could be refined. The overall performance is acceptable for ordinary use. It is fine as long as expectations are realistic. Some parts are better than others.",neutral
I have been testing this product under normal conditions. Some parts work well while others are fairly average. It depends somewhat on what you expect from the product. Some parts are better than others.,neutral
I gave this product a reasonable amount of use before writing this review. I can depend on it for regular use. I would consider buying it again.,positive
I bought this product to see how well it would fit my everyday needs. The quality is better than I expected. I would choose this again over several alternatives.,positive
I have been testing this product under normal conditions. The product handles its main tasks very well. The overall design feels practical.,positive
"After using the product for some time, I can comment on how it performs. The performance becomes inconsistent over longer periods. The product does not inspire much confidence. The quality does not match what I expected for the price.",negative
I bought this product to see how well it would fit my everyday needs. The product feels well made. The overall design feels practical. It has turned out to be a worthwhile purchase.,positive
"After spending some time with this product, I have formed a fairly clear opinion. The product handles its main tasks very well. The day-to-day experience has been smooth. I can depend on it for regular use. I am happy with how it has performed.",positive
"I bought this sportswear recently and have used it regularly. The controls feel natural and easy to understand. I barely needed any time to get used to it. The product has remained reliable even after repeated use. Overall, I am satisfied with the purchase. There are still a few minor details that could be improved.",positive
I purchased this product mainly for its footwear features. The product has both strengths and weaknesses.,neutral
"After using the product for some time, I can comment on how it performs. The overall quality is reasonable for the price. The differences are noticeable but not severe. It gets the job done, but there is room for improvement. There is still some room for improvement.",neutral
I bought this product to see how well it would fit my everyday needs. Its main features have worked smoothly. It has been dependable from the beginning. It has made my routine noticeably easier. I would choose this again over several alternatives.,positive
I bought this outdoor recently and have used it regularly. The performance has remained dependable during regular use. I have had no reason to complain about its reliability. It has turned out to be a worthwhile purchase.,positive
I have been using this smart home product for a few weeks. The setup was quick and straightforward. I have had no reason to complain about its reliability. The product feels thoughtfully designed. I would be comfortable recommending it.,positive
I have been testing this product under normal conditions. The controls feel natural and easy to understand.,positive
"I have been using this snacks product for a few weeks. The product works, although it does not stand out. The product is adequate for straightforward use.",neutral
"After spending some time with this product, I have formed a fairly clear opinion. The product is suitable if expectations remain reasonable. There are a few areas where refinement would help. I would consider other options before making another purchase.",neutral
I bought this yoga recently and have used it regularly. I have had trouble depending on it for regular use. The problems affect the overall experience. I expected better overall reliability.,negative
"I bought this product to see how well it would fit my everyday needs. The overall quality is reasonable for the price. The differences are noticeable but not severe. It meets the basic requirements without offering much beyond them. Overall, it is acceptable but not exceptional.",neutral
I bought this kitchen recently and have used it regularly. The product is suitable if expectations remain reasonable. The result is reasonably predictable. The product is functional without being exceptional. I would describe the experience as average. Some parts are better than others.,neutral
I have used this product in several everyday situations. I would describe the experience as acceptable rather than impressive. The differences are noticeable but not severe. I would consider other options before making another purchase.,neutral
I purchased this product mainly for its breakfast features. The actual performance falls short of its apparent potential. The setup was more difficult than it needed to be. I expected better overall reliability.,negative
I gave this product a reasonable amount of use before writing this review. I can depend on it for regular use. I have had no reason to complain about its reliability. It performs reliably when I need it. I would be comfortable recommending it. There are still a few minor details that could be improved.,positive
I have been testing this product under normal conditions. The setup was quick and straightforward. The quality is better than I expected. I am happy with how it has performed.,positive
I gave this product a reasonable amount of use before writing this review. It performs reliably when I need it. It does what I need without unnecessary complications. It has turned out to be a worthwhile purchase.,positive
I bought this product to see how well it would fit my everyday needs. The product is suitable if expectations remain reasonable. It is a reasonable choice for basic requirements.,neutral
"After using the product for some time, I can comment on how it performs. The product has both strengths and weaknesses. It depends somewhat on what you expect from the product. It is fine as long as expectations are realistic.",neutral
I have been using this organic product for a few weeks. I can depend on it for regular use. It has been dependable from the beginning. It has turned out to be a worthwhile purchase.,positive
I decided to try this FreshChoice product after comparing several options. The controls feel natural and easy to understand. The setup was painless. It has made my routine noticeably easier. I am happy with how it has performed.,positive
I picked this product after looking at a few alternatives. The product has been a pleasant surprise. I barely needed any time to get used to it. The setup was quick and straightforward. I would be comfortable recommending it.,positive
I bought this audio recently and have used it regularly. The product has become unreliable during normal use. I would prefer a more reliable alternative. The product has become unreliable during normal use. I do not think I would purchase it again.,negative
I purchased this product mainly for its packaged food features. The product feels thoughtfully designed. It has been dependable from the beginning.,positive
I bought this kitchen recently and have used it regularly. The product is suitable if expectations remain reasonable. The strengths and weaknesses are fairly balanced. It handles the basic job adequately. I would describe the experience as average.,neutral
I gave this product a reasonable amount of use before writing this review. The product has remained reliable even after repeated use. Everything has continued working as expected.,positive
I bought this product to see how well it would fit my everyday needs. The product has remained reliable even after repeated use. It does what I need without unnecessary complications. The quality is better than I expected. There are still a few minor details that could be improved.,positive
"I have been testing this product under normal conditions. It has been usable so far, although some details could be refined. It depends somewhat on what you expect from the product.",neutral
I have been testing this product under normal conditions. The overall performance is acceptable for ordinary use. The product is adequate for straightforward use.,neutral
"After using the product for some time, I can comment on how it performs. Nothing is seriously wrong, but I would not call it outstanding. The limitations are manageable for normal use. It is fine as long as expectations are realistic.",neutral
"I purchased this product mainly for its console features. Some parts work well while others are fairly average. Overall, it is acceptable but not exceptional.",neutral
"I decided to try this TechPro product after comparing several options. I can depend on it for regular use. Overall, I am satisfied with the purchase. There are still a few minor details that could be improved.",positive
This product has been part of my regular routine for a while. The product has remained reliable even after repeated use. I barely needed any time to get used to it. The overall experience has been better than I anticipated. I would consider buying it again.,positive
I decided to try this FreshChoice product after comparing several options. Everything has continued working as expected. It performs reliably when I need it. I am happy with how it has performed.,positive
"I have been testing this product under normal conditions. It has been usable so far, although some details could be refined. The product is adequate for straightforward use. It performs roughly as I expected. There is still some room for improvement.",neutral
I bought this product to see how well it would fit my everyday needs. I can depend on it for regular use. The setup was painless. The controls feel natural and easy to understand. I would choose this again over several alternatives.,positive
"After spending some time with this product, I have formed a fairly clear opinion. The product is suitable if expectations remain reasonable. The strengths and weaknesses are fairly balanced. It handles the basic job adequately. It is fine as long as expectations are realistic.",neutral
I gave this product a reasonable amount of use before writing this review. The quality does not match what I expected for the price. The product does not inspire much confidence. There is considerable room for improvement.,negative
I have been testing this product under normal conditions. Everything has continued working as expected. I would consider buying it again.,positive
"After using the product for some time, I can comment on how it performs. It handles the basic job adequately. The differences are noticeable but not severe. Overall, it is acceptable but not exceptional.",neutral
I have been testing this product under normal conditions. The product feels well made. The product handles its main tasks very well. I would consider buying it again.,positive
"After using the product for some time, I can comment on how it performs. I have found it easy and comfortable to use. I have had no reason to complain about its reliability. I am happy with how it has performed.",positive
I have been testing this product under normal conditions. It has worked consistently without unexpected problems. It has been dependable from the beginning. I am happy with how it has performed. There are still a few minor details that could be improved.,positive
"After spending some time with this product, I have formed a fairly clear opinion. It handles the basic job adequately. The strengths and weaknesses are fairly balanced. The product has both strengths and weaknesses. Overall, it is acceptable but not exceptional. Some parts are better than others.",neutral
I bought this kitchen recently and have used it regularly. I have had trouble depending on it for regular use. The performance becomes inconsistent over longer periods. I expected better overall reliability.,negative
I bought this product to see how well it would fit my everyday needs. It has worked consistently without unexpected problems. The day-to-day experience has been smooth. It has turned out to be a worthwhile purchase.,positive
I purchased this product mainly for its audio features. The product is suitable if expectations remain reasonable. The limitations are manageable for normal use. I would describe the experience as average.,neutral
I picked this product after looking at a few alternatives. The quality is better than I expected. The setup was painless. The product handles its main tasks very well. I am happy with how it has performed.,positive
I have been testing this product under normal conditions. I can depend on it for regular use. The setup was painless. I can depend on it for regular use. It has turned out to be a worthwhile purchase.,positive
I bought this product to see how well it would fit my everyday needs. The product feels thoughtfully designed. It does what I need without unnecessary complications. Its main features have worked smoothly.,positive
"After spending some time with this product, I have formed a fairly clear opinion. It performs roughly as I expected. There are a few areas where refinement would help. Some parts work well while others are fairly average.",neutral
This product has been part of my regular routine for a while. The overall experience has been better than I anticipated. It does what I need without unnecessary complications. I am happy with how it has performed.,positive
I have used this product in several everyday situations. The product has become unreliable during normal use. The product has failed to perform consistently.,negative
"After using the product for some time, I can comment on how it performs. It has been usable so far, although some details could be refined. It performs roughly as I expected.",neutral
This product has been part of my regular routine for a while. The product is neither particularly impressive nor disappointing. The product is adequate for straightforward use. There is still some room for improvement.,neutral
I bought this smart home recently and have used it regularly. The product feels thoughtfully designed. The setup was painless.,positive
I bought this business recently and have used it regularly. The product has remained reliable even after repeated use. I have had no reason to complain about its reliability. I would consider buying it again.,positive
"After spending some time with this product, I have formed a fairly clear opinion. There are useful aspects, but there are also some limitations. There are a few areas where refinement would help. There are useful aspects, but there are also some limitations. I would describe the experience as average.",neutral
I bought this packaged food recently and have used it regularly. Several aspects of the experience could be substantially better.,negative
I bought this storage recently and have used it regularly. I have found it easy and comfortable to use. The product has remained reliable even after repeated use. I am happy with how it has performed.,positive
I have been using this decor product for a few weeks. It has worked consistently without unexpected problems. I have had no reason to complain about its reliability. I would consider buying it again. There are still a few minor details that could be improved.,positive
"I picked this product after looking at a few alternatives. The product is neither particularly impressive nor disappointing. The result is reasonably predictable. Nothing is seriously wrong, but I would not call it outstanding.",neutral
I purchased this product mainly for its beverages features. I have not had any meaningful problems with it. It has handled regular use without difficulty. There are still a few minor details that could be improved.,positive
"I decided to try this PageTurner product after comparing several options. The experience has been fairly ordinary overall. The strengths and weaknesses are fairly balanced. Overall, it is acceptable but not exceptional.",neutral
I have been using this mobile product for a few weeks. The overall performance is acceptable for ordinary use. It depends somewhat on what you expect from the product. The product is functional without being exceptional. There is still some room for improvement.,neutral
"I decided to try this KitchenPro product after comparing several options. There are useful aspects, but there are also some limitations. I would describe the experience as acceptable rather than impressive.",neutral
"After using the product for some time, I can comment on how it performs. The performance has remained dependable during regular use. The setup was painless. Overall, I am satisfied with the purchase. There are still a few minor details that could be improved.",positive
"I bought this smart home recently and have used it regularly. It has been usable so far, although some details could be refined. The differences are noticeable but not severe. I would describe the experience as average.",neutral
"I gave this product a reasonable amount of use before writing this review. The product is functional without being exceptional. It is difficult to call the experience either excellent or poor. The product works, although it does not stand out.",neutral
I have been testing this product under normal conditions. The overall experience has been better than I anticipated. It has been dependable from the beginning. The product handles its main tasks very well. I am happy with how it has performed.,positive
I bought this appliances recently and have used it regularly. There are several issues that make the product difficult to recommend. Some components already show signs of wear. One or two aspects of the product are still useful.,negative
"This product has been part of my regular routine for a while. The product works, although it does not stand out.",neutral
"I have used this product in several everyday situations. The product is suitable if expectations remain reasonable. Overall, it is acceptable but not exceptional.",neutral
I bought this footwear recently and have used it regularly. Some parts work well while others are fairly average. The differences are noticeable but not severe. I would consider other options before making another purchase.,neutral
"This product has been part of my regular routine for a while. It gets the job done, but there is room for improvement. The strengths and weaknesses are fairly balanced. I would describe the experience as average. Some parts are better than others.",neutral
I bought this fragrance recently and have used it regularly. The controls feel natural and easy to understand. It has been dependable from the beginning. I am happy with how it has performed.,positive
I have used this product in several everyday situations. It has worked consistently without unexpected problems. I barely needed any time to get used to it. I would consider buying it again.,positive
"After using the product for some time, I can comment on how it performs. It handles the basic job adequately. The differences are noticeable but not severe.",neutral
"I have used this product in several everyday situations. The overall quality is reasonable for the price. It is difficult to call the experience either excellent or poor. It has been usable so far, although some details could be refined.",neutral
This product has been part of my regular routine for a while. The overall experience has been better than I anticipated. The day-to-day experience has been smooth. The quality is better than I expected.,positive
"I gave this product a reasonable amount of use before writing this review. The performance has remained dependable during regular use. It does what I need without unnecessary complications. Overall, I am satisfied with the purchase.",positive
"I picked this product after looking at a few alternatives. The product has remained reliable even after repeated use. The day-to-day experience has been smooth. The product has remained reliable even after repeated use. Overall, I am satisfied with the purchase.",positive
I bought this product to see how well it would fit my everyday needs. I have found it easy and comfortable to use. The overall design feels practical. The controls feel natural and easy to understand. It has turned out to be a worthwhile purchase.,positive
I picked this product after looking at a few alternatives. Its main features have worked smoothly. It has been dependable from the beginning. The product has been a pleasant surprise. I would be comfortable recommending it.,positive
I bought this business recently and have used it regularly. It has made my routine noticeably easier. The setup was painless.,positive
I picked this product after looking at a few alternatives. The product has caused more frustration than I expected. The issues are especially noticeable during longer sessions. The experience has been more disappointing than satisfying.,negative
This product has been part of my regular routine for a while. The product feels thoughtfully designed. The product feels thoughtfully designed.,positive
I have used this product in several everyday situations. It performs reliably when I need it. The product has been a pleasant surprise.,positive
"I have been using this console product for a few weeks. The overall quality is reasonable for the price. The result is reasonably predictable. Overall, it is acceptable but not exceptional.",neutral
I have been testing this product under normal conditions. I can depend on it for regular use. The day-to-day experience has been smooth.,positive
I have used this product in several everyday situations. It performs reliably when I need it. The day-to-day experience has been smooth. I would consider buying it again.,positive
I have used this product in several everyday situations. The product is neither particularly impressive nor disappointing.,neutral
I bought this product to see how well it would fit my everyday needs. Everything has continued working as expected. The overall design feels practical. The product has been a pleasant surprise.,positive
"I bought this product to see how well it would fit my everyday needs. The product is suitable if expectations remain reasonable. It depends somewhat on what you expect from the product. Overall, it is acceptable but not exceptional.",neutral
I bought this product to see how well it would fit my everyday needs. The overall experience has been better than I anticipated. The overall design feels practical. The product feels thoughtfully designed.,positive
I gave this product a reasonable amount of use before writing this review. The product has been a pleasant surprise. I have had no reason to complain about its reliability.,positive
I gave this product a reasonable amount of use before writing this review. The setup was quick and straightforward. It has worked consistently without unexpected problems.,positive
"I bought this product to see how well it would fit my everyday needs. The product works, although it does not stand out. The strengths and weaknesses are fairly balanced.",neutral
I decided to try this FitPro product after comparing several options. Some important functions have not worked properly. I expected something more dependable. The performance becomes inconsistent over longer periods. There is considerable room for improvement.,negative
"I bought this haircare recently and have used it regularly. The quality is better than I expected. The day-to-day experience has been smooth. It has made my routine noticeably easier. Overall, I am satisfied with the purchase.",positive
I picked this product after looking at a few alternatives. It meets the basic requirements without offering much beyond them. The strengths and weaknesses are fairly balanced.,neutral
"After using the product for some time, I can comment on how it performs. It has made my routine noticeably easier. It has been dependable from the beginning. The product feels thoughtfully designed. There are still a few minor details that could be improved.",positive
"I decided to try this ClassicWear product after comparing several options. The product works, although it does not stand out.",neutral
I bought this laptop recently and have used it regularly. Several aspects of the experience could be substantially better. The problems affect the overall experience. There is considerable room for improvement.,negative
I have been testing this product under normal conditions. The overall quality is reasonable for the price. The strengths and weaknesses are fairly balanced. Some parts work well while others are fairly average. I would describe the experience as average.,neutral
"I bought this product to see how well it would fit my everyday needs. The product is neither particularly impressive nor disappointing. Overall, it is acceptable but not exceptional.",neutral
I have been testing this product under normal conditions. The product has become unreliable during normal use. I expected something more dependable. Some components already show signs of wear.,negative
I picked this product after looking at a few alternatives. It has made my routine noticeably easier. I barely needed any time to get used to it. I would consider buying it again.,positive
I have been using this mobile product for a few weeks. The overall quality is reasonable for the price. There are a few areas where refinement would help. It is a reasonable choice for basic requirements. Some parts are better than others.,neutral
"After using the product for some time, I can comment on how it performs. There are useful aspects, but there are also some limitations. There are a few areas where refinement would help. I would describe the experience as acceptable rather than impressive. It is a reasonable choice for basic requirements.",neutral
I have used this product in several everyday situations. It has made my routine noticeably easier. The setup was painless. The quality is better than I expected.,positive
I decided to try this GameTech product after comparing several options. I can depend on it for regular use. The product has been a pleasant surprise.,positive
"After using the product for some time, I can comment on how it performs. It has been usable so far, although some details could be refined. There are a few areas where refinement would help.",neutral
"After using the product for some time, I can comment on how it performs. The actual performance falls short of its apparent potential. I do not think I would purchase it again.",negative
"After spending some time with this product, I have formed a fairly clear opinion. The controls feel natural and easy to understand. The performance has remained dependable during regular use. It has turned out to be a worthwhile purchase.",positive
I purchased this product mainly for its cricket features. Some components already show signs of wear. I have had to work around several shortcomings. The product has caused more frustration than I expected. I would probably choose another option next time.,negative
"After spending some time with this product, I have formed a fairly clear opinion. I have encountered several problems that were difficult to ignore.",negative
"After spending some time with this product, I have formed a fairly clear opinion. It has been usable so far, although some details could be refined. The differences are noticeable but not severe. The product has both strengths and weaknesses.",neutral
I bought this business recently and have used it regularly. Everything has continued working as expected. It performs reliably when I need it.,positive
I have been testing this product under normal conditions. The overall experience has been better than I anticipated. It has been dependable from the beginning. I can depend on it for regular use. I would consider buying it again. There are still a few minor details that could be improved.,positive
I bought this appliances recently and have used it regularly. I have encountered several problems that were difficult to ignore. I have had to work around several shortcomings. There are several issues that make the product difficult to recommend. I expected better overall reliability.,negative
"After using the product for some time, I can comment on how it performs. Some parts work well while others are fairly average. The differences are noticeable but not severe. There is still some room for improvement.",neutral
I gave this product a reasonable amount of use before writing this review. The overall performance is acceptable for ordinary use. There are a few areas where refinement would help.,neutral
I have been using this storage product for a few weeks. I have found it easy and comfortable to use. The overall design feels practical. The quality is better than I expected.,positive
I have been using this science product for a few weeks. I would describe the experience as acceptable rather than impressive. The result is reasonably predictable. I would describe the experience as average.,neutral
I picked this product after looking at a few alternatives. The product feels well made. The day-to-day experience has been smooth. I would be comfortable recommending it.,positive
I decided to try this KnowledgeHub product after comparing several options. It handles the basic job adequately. The limitations are manageable for normal use. The overall quality is reasonable for the price. I would consider other options before making another purchase.,neutral
"After using the product for some time, I can comment on how it performs. It has made my routine noticeably easier.",positive
"I decided to try this NovaTech product after comparing several options. It performs roughly as I expected. The limitations are manageable for normal use. It performs roughly as I expected. Overall, it is acceptable but not exceptional.",neutral
I decided to try this NatureTouch product after comparing several options. It has made my routine noticeably easier. The day-to-day experience has been smooth. The setup was quick and straightforward.,positive
"After spending some time with this product, I have formed a fairly clear opinion. It meets the basic requirements without offering much beyond them. The limitations are manageable for normal use. The product is suitable if expectations remain reasonable.",neutral
I have been testing this product under normal conditions. The product is neither particularly impressive nor disappointing. Some parts work well while others are fairly average. It is a reasonable choice for basic requirements.,neutral
I picked this product after looking at a few alternatives. The product feels well made. It has been dependable from the beginning.,positive
"I purchased this product mainly for its console features. The product has remained reliable even after repeated use. I barely needed any time to get used to it. Overall, I am satisfied with the purchase.",positive
"I bought this self help recently and have used it regularly. It gets the job done, but there is room for improvement. The limitations are manageable for normal use. It performs roughly as I expected.",neutral
This product has been part of my regular routine for a while. I would describe the experience as acceptable rather than impressive. The strengths and weaknesses are fairly balanced. The overall performance is acceptable for ordinary use. There is still some room for improvement.,neutral
"I picked this product after looking at a few alternatives. The setup was quick and straightforward. I barely needed any time to get used to it. The product feels well made. Overall, I am satisfied with the purchase. There are still a few minor details that could be improved.",positive
I have used this product in several everyday situations. Some parts work well while others are fairly average. The strengths and weaknesses are fairly balanced. It performs roughly as I expected.,neutral
"I purchased this product mainly for its storage features. The product is suitable if expectations remain reasonable. There are a few areas where refinement would help. Overall, it is acceptable but not exceptional.",neutral
"I purchased this product mainly for its console features. It has been usable so far, although some details could be refined. The strengths and weaknesses are fairly balanced. It is fine as long as expectations are realistic.",neutral
I have been testing this product under normal conditions. The product feels thoughtfully designed. It has handled regular use without difficulty.,positive
I decided to try this TrendX product after comparing several options. I have not found anything particularly impressive about it. The product has both strengths and weaknesses.,neutral
I have been testing this product under normal conditions. The product feels thoughtfully designed. I barely needed any time to get used to it. I am happy with how it has performed.,positive
I have been using this haircare product for a few weeks. It has worked consistently without unexpected problems. The setup was painless. It has worked consistently without unexpected problems. I would choose this again over several alternatives.,positive
"I purchased this product mainly for its self help features. It has been usable so far, although some details could be refined. The strengths and weaknesses are fairly balanced.",neutral
I decided to try this SoundMax product after comparing several options. The quality is better than I expected. The day-to-day experience has been smooth. It performs reliably when I need it. I would consider buying it again.,positive
"I have been using this appliances product for a few weeks. It performs roughly as I expected. It depends somewhat on what you expect from the product. It gets the job done, but there is room for improvement.",neutral
I have been using this fragrance product for a few weeks. The overall experience has been better than I anticipated. The day-to-day experience has been smooth. I have not had any meaningful problems with it. It has turned out to be a worthwhile purchase. There are still a few minor details that could be improved.,positive
"I decided to try this NatureTouch product after comparing several options. The product is suitable if expectations remain reasonable. The result is reasonably predictable. It has been usable so far, although some details could be refined. Overall, it is acceptable but not exceptional.",neutral
I have been testing this product under normal conditions. The performance has remained dependable during regular use. It does what I need without unnecessary complications. It has worked consistently without unexpected problems.,positive
"After spending some time with this product, I have formed a fairly clear opinion. It has made my routine noticeably easier. It has handled regular use without difficulty. I have not had any meaningful problems with it. Overall, I am satisfied with the purchase.",positive
I bought this men recently and have used it regularly. The setup was quick and straightforward. I barely needed any time to get used to it.,positive
"I have used this product in several everyday situations. The product works, although it does not stand out. The limitations are manageable for normal use.",neutral
I gave this product a reasonable amount of use before writing this review. The overall experience has been better than I anticipated. The day-to-day experience has been smooth. I would consider buying it again. There are still a few minor details that could be improved.,positive
I have been using this appliances product for a few weeks. Some parts work well while others are fairly average. It depends somewhat on what you expect from the product. The product is neither particularly impressive nor disappointing. I would consider other options before making another purchase.,neutral
I picked this product after looking at a few alternatives. The setup was quick and straightforward. The overall design feels practical. The product has remained reliable even after repeated use. I would consider buying it again.,positive
This product has been part of my regular routine for a while. It performs roughly as I expected. The limitations are manageable for normal use. The overall quality is reasonable for the price. It is fine as long as expectations are realistic.,neutral
I have been testing this product under normal conditions. It performs roughly as I expected. The differences are noticeable but not severe. It is fine as long as expectations are realistic.,neutral
I gave this product a reasonable amount of use before writing this review. The product is functional without being exceptional. The strengths and weaknesses are fairly balanced. The experience has been fairly ordinary overall. It is fine as long as expectations are realistic.,neutral
This product has been part of my regular routine for a while. I have encountered several problems that were difficult to ignore. I expected better overall reliability.,negative
I bought this running recently and have used it regularly. The product feels well made. The product feels thoughtfully designed.,positive
I have been using this self help product for a few weeks. I have found it easy and comfortable to use. I am happy with how it has performed.,positive
"After using the product for some time, I can comment on how it performs. The overall experience has been better than I anticipated. It has made my routine noticeably easier. It has turned out to be a worthwhile purchase.",positive
I have been using this beverages product for a few weeks. The setup was quick and straightforward. It has handled regular use without difficulty. I would choose this again over several alternatives.,positive
I bought this smart home recently and have used it regularly. The product feels thoughtfully designed. It has handled regular use without difficulty. It has worked consistently without unexpected problems. It has turned out to be a worthwhile purchase.,positive
I have been using this appliances product for a few weeks. It performs reliably when I need it. The setup was painless. The setup was quick and straightforward.,positive
I gave this product a reasonable amount of use before writing this review. The setup was quick and straightforward. I am happy with how it has performed.,positive
I picked this product after looking at a few alternatives. I can depend on it for regular use. I would consider buying it again.,positive
I bought this product to see how well it would fit my everyday needs. The product has both strengths and weaknesses. The differences are noticeable but not severe. The overall quality is reasonable for the price.,neutral
"After spending some time with this product, I have formed a fairly clear opinion. The controls feel natural and easy to understand. It has been dependable from the beginning. It performs reliably when I need it. I am happy with how it has performed.",positive
"After using the product for some time, I can comment on how it performs. The product is functional without being exceptional. Overall, it is acceptable but not exceptional. Some parts are better than others.",neutral
This product has been part of my regular routine for a while. Everything has continued working as expected. It does what I need without unnecessary complications. The setup was quick and straightforward. I would choose this again over several alternatives.,positive
"I have been using this furniture product for a few weeks. There are useful aspects, but there are also some limitations. The product is neither particularly impressive nor disappointing.",neutral
This product has been part of my regular routine for a while. I can depend on it for regular use. The overall design feels practical. Its main features have worked smoothly. I would be comfortable recommending it.,positive
"I have been using this packaged food product for a few weeks. There are useful aspects, but there are also some limitations. The differences are noticeable but not severe. Overall, it is acceptable but not exceptional.",neutral
"I have been using this audio product for a few weeks. It has been usable so far, although some details could be refined. I have not found anything particularly impressive about it.",neutral
I decided to try this Casa product after comparing several options. The performance has remained dependable during regular use. The overall design feels practical. Its main features have worked smoothly. I would choose this again over several alternatives.,positive
I bought this audio recently and have used it regularly. The product is functional without being exceptional. The product is adequate for straightforward use. The product is functional without being exceptional. I would consider other options before making another purchase. Some parts are better than others.,neutral
I picked this product after looking at a few alternatives. I can depend on it for regular use. The overall design feels practical.,positive
I decided to try this FreshChoice product after comparing several options. The overall performance is acceptable for ordinary use. There are a few areas where refinement would help. It is a reasonable choice for basic requirements.,neutral
I have used this product in several everyday situations. The product started showing problems after repeated use. I would probably choose another option next time. One or two aspects of the product are still useful.,negative
I have been testing this product under normal conditions. The product has remained reliable even after repeated use. There are still a few minor details that could be improved.,positive
I decided to try this BeautyPlus product after comparing several options. The product is suitable if expectations remain reasonable. The limitations are manageable for normal use. Some parts are better than others.,neutral
I have been using this yoga product for a few weeks. Its main features have worked smoothly. It has made my routine noticeably easier.,positive
I bought this snacks recently and have used it regularly. The quality is better than I expected. It has been dependable from the beginning. The product has been a pleasant surprise.,positive
I bought this business recently and have used it regularly. I have found it easy and comfortable to use. I would choose this again over several alternatives.,positive
I bought this yoga recently and have used it regularly. I have had trouble depending on it for regular use. The problems affect the overall experience.,negative
This product has been part of my regular routine for a while. Its main features have worked smoothly. I can depend on it for regular use. I would choose this again over several alternatives.,positive
"This product has been part of my regular routine for a while. Nothing is seriously wrong, but I would not call it outstanding. There are a few areas where refinement would help. It performs roughly as I expected.",neutral
I have been using this gaming audio product for a few weeks. It performs roughly as I expected. It depends somewhat on what you expect from the product. I would describe the experience as average.,neutral
I bought this breakfast recently and have used it regularly. I would describe the experience as acceptable rather than impressive. It depends somewhat on what you expect from the product. I would consider other options before making another purchase.,neutral
I decided to try this TrendX product after comparing several options. Its main features have worked smoothly. I have had no reason to complain about its reliability. I am happy with how it has performed.,positive
This product has been part of my regular routine for a while. The overall performance is acceptable for ordinary use.,neutral
I have used this product in several everyday situations. The quality does not match what I expected for the price. There is considerable room for improvement.,negative
I bought this furniture recently and have used it regularly. The setup was quick and straightforward. The setup was painless. The performance has remained dependable during regular use. It has turned out to be a worthwhile purchase.,positive
"I bought this smart home recently and have used it regularly. It has been usable so far, although some details could be refined. The strengths and weaknesses are fairly balanced. I have not found anything particularly impressive about it. Overall, it is acceptable but not exceptional.",neutral
"After using the product for some time, I can comment on how it performs. The product has been a pleasant surprise. There are still a few minor details that could be improved.",positive
I have used this product in several everyday situations. The product has not been as dependable as I needed. The product started showing problems after repeated use. I would look at alternatives before buying it again.,negative
"I picked this product after looking at a few alternatives. I can depend on it for regular use. The setup was painless. I can depend on it for regular use. Overall, I am satisfied with the purchase.",positive
"This product has been part of my regular routine for a while. It performs roughly as I expected. The limitations are manageable for normal use. Overall, it is acceptable but not exceptional.",neutral
"After using the product for some time, I can comment on how it performs. It meets the basic requirements without offering much beyond them. It depends somewhat on what you expect from the product. It is fine as long as expectations are realistic.",neutral
"I purchased this product mainly for its audio features. The product works, although it does not stand out.",neutral
I bought this organic recently and have used it regularly. The actual performance falls short of its apparent potential. I would hesitate to rely on this product for important tasks.,negative
"After using the product for some time, I can comment on how it performs. The product has not been as dependable as I needed. I expected something more dependable.",negative
I bought this laptop recently and have used it regularly. It performs reliably when I need it. It has worked consistently without unexpected problems. It has turned out to be a worthwhile purchase.,positive
I picked this product after looking at a few alternatives. I would describe the experience as acceptable rather than impressive. It is a reasonable choice for basic requirements.,neutral
This product has been part of my regular routine for a while. I can depend on it for regular use. The day-to-day experience has been smooth. The product feels well made.,positive
I decided to try this Harvest product after comparing several options. It has made my routine noticeably easier. The overall design feels practical. There are still a few minor details that could be improved.,positive
"After using the product for some time, I can comment on how it performs. I can depend on it for regular use. I have had no reason to complain about its reliability. I have not had any meaningful problems with it. I am happy with how it has performed. There are still a few minor details that could be improved.",positive
I purchased this product mainly for its yoga features. The overall quality is reasonable for the price. I have not found anything particularly impressive about it. There is still some room for improvement.,neutral
"I purchased this product mainly for its audio features. The product is neither particularly impressive nor disappointing. The overall performance is acceptable for ordinary use. Overall, it is acceptable but not exceptional.",neutral
I bought this sportswear recently and have used it regularly. It performs roughly as I expected. It is fine as long as expectations are realistic.,neutral
"After using the product for some time, I can comment on how it performs. I have not had any meaningful problems with it. It has been dependable from the beginning. The product has been a pleasant surprise. I would be comfortable recommending it.",positive
I gave this product a reasonable amount of use before writing this review. I would describe the experience as acceptable rather than impressive. Some parts work well while others are fairly average.,neutral
"I picked this product after looking at a few alternatives. The product has been a pleasant surprise. Overall, I am satisfied with the purchase.",positive
I picked this product after looking at a few alternatives. The quality is better than I expected. It has handled regular use without difficulty. The product has remained reliable even after repeated use. There are still a few minor details that could be improved.,positive
I picked this product after looking at a few alternatives. Some parts work well while others are fairly average. It is difficult to call the experience either excellent or poor. It is a reasonable choice for basic requirements. Some parts are better than others.,neutral
"I bought this packaged food recently and have used it regularly. It performs roughly as I expected. It is difficult to call the experience either excellent or poor. Overall, it is acceptable but not exceptional.",neutral
I bought this audio recently and have used it regularly. The setup was quick and straightforward. The day-to-day experience has been smooth. I would choose this again over several alternatives.,positive
I bought this product to see how well it would fit my everyday needs. I have not had any meaningful problems with it. I have had no reason to complain about its reliability. I am happy with how it has performed.,positive
"After spending some time with this product, I have formed a fairly clear opinion. The experience has been fairly ordinary overall. The strengths and weaknesses are fairly balanced. It gets the job done, but there is room for improvement. Overall, it is acceptable but not exceptional.",neutral
I have used this product in several everyday situations. The performance becomes inconsistent over longer periods. The setup was more difficult than it needed to be.,negative
I decided to try this UrbanStyle product after comparing several options. The product is functional without being exceptional. The limitations are manageable for normal use. I would describe the experience as acceptable rather than impressive. It is a reasonable choice for basic requirements.,neutral
I bought this accessories recently and have used it regularly. The product is neither particularly impressive nor disappointing. It depends somewhat on what you expect from the product. The product is functional without being exceptional.,neutral
"After spending some time with this product, I have formed a fairly clear opinion. The product has been a pleasant surprise. I barely needed any time to get used to it. The controls feel natural and easy to understand. I would be comfortable recommending it.",positive
"After using the product for some time, I can comment on how it performs. I have not found anything particularly impressive about it. The result is reasonably predictable. I would describe the experience as average.",neutral
"After spending some time with this product, I have formed a fairly clear opinion. The product is neither particularly impressive nor disappointing. The product has both strengths and weaknesses.",neutral
"After using the product for some time, I can comment on how it performs. The product is neither particularly impressive nor disappointing. There is still some room for improvement.",neutral
I have used this product in several everyday situations. The materials do not feel particularly durable. The product does not inspire much confidence. The experience has been more disappointing than satisfying. I expected better overall reliability.,negative
"After using the product for some time, I can comment on how it performs. The product has been a pleasant surprise. The overall design feels practical. The product has been a pleasant surprise. It has turned out to be a worthwhile purchase.",positive
I have been using this organic product for a few weeks. The performance becomes inconsistent over longer periods. The product does not inspire much confidence. I have had trouble depending on it for regular use. There is considerable room for improvement.,negative
"After spending some time with this product, I have formed a fairly clear opinion. It handles the basic job adequately. It depends somewhat on what you expect from the product. The product is neither particularly impressive nor disappointing. Overall, it is acceptable but not exceptional.",neutral
This product has been part of my regular routine for a while. Some important functions have not worked properly. There is considerable room for improvement.,negative
"I have used this product in several everyday situations. There are useful aspects, but there are also some limitations. The differences are noticeable but not severe.",neutral
I decided to try this Peak product after comparing several options. The overall performance is acceptable for ordinary use.,neutral
I decided to try this NatureBest product after comparing several options. The quality is better than I expected. I would be comfortable recommending it. There are still a few minor details that could be improved.,positive
I purchased this product mainly for its snacks features. The product feels well made. It does what I need without unnecessary complications. The product feels thoughtfully designed.,positive
I purchased this product mainly for its beverages features. I would describe the experience as acceptable rather than impressive. I would describe the experience as acceptable rather than impressive. Some parts are better than others.,neutral
"I have been using this makeup product for a few weeks. Nothing is seriously wrong, but I would not call it outstanding. It is difficult to call the experience either excellent or poor. There is still some room for improvement.",neutral
I have been using this controller product for a few weeks. The overall experience has been better than I anticipated. I have found it easy and comfortable to use. I would be comfortable recommending it.,positive
"After spending some time with this product, I have formed a fairly clear opinion. The product feels well made. It has been dependable from the beginning.",positive
"I purchased this product mainly for its laptop features. The overall quality is reasonable for the price. There are a few areas where refinement would help. The product works, although it does not stand out. There is still some room for improvement.",neutral
I gave this product a reasonable amount of use before writing this review. The overall performance is acceptable for ordinary use. There are a few areas where refinement would help. I would consider other options before making another purchase.,neutral
I decided to try this Peak product after comparing several options. The product handles its main tasks very well. The overall design feels practical. The performance has remained dependable during regular use. It has turned out to be a worthwhile purchase.,positive
"After spending some time with this product, I have formed a fairly clear opinion. The experience has been fairly ordinary overall. There are a few areas where refinement would help. I would describe the experience as average.",neutral
I have used this product in several everyday situations. The controls feel natural and easy to understand. There are still a few minor details that could be improved.,positive
I purchased this product mainly for its kitchen features. The product is suitable if expectations remain reasonable. The result is reasonably predictable.,neutral
I decided to try this NatureBest product after comparing several options. Everything has continued working as expected. The setup was painless. The product has remained reliable even after repeated use.,positive
"I have been testing this product under normal conditions. The product works, although it does not stand out. The strengths and weaknesses are fairly balanced.",neutral
"After spending some time with this product, I have formed a fairly clear opinion. The overall performance is acceptable for ordinary use.",neutral
I bought this running recently and have used it regularly. The actual performance falls short of its apparent potential. The actual performance falls short of its apparent potential.,negative
"After using the product for some time, I can comment on how it performs. The product handles its main tasks very well. The setup was quick and straightforward. It has turned out to be a worthwhile purchase.",positive
I decided to try this ActiveX product after comparing several options. The setup was quick and straightforward. Everything has continued working as expected. I am happy with how it has performed.,positive
I have been testing this product under normal conditions. The product has not been as dependable as I needed. I expected something more dependable. The actual performance falls short of its apparent potential. One or two aspects of the product are still useful.,negative
I bought this product to see how well it would fit my everyday needs. The product is neither particularly impressive nor disappointing. The strengths and weaknesses are fairly balanced. The overall performance is acceptable for ordinary use. It is a reasonable choice for basic requirements.,neutral
"I gave this product a reasonable amount of use before writing this review. It gets the job done, but there is room for improvement. The product is adequate for straightforward use.",neutral
"This product has been part of my regular routine for a while. It has been usable so far, although some details could be refined. The differences are noticeable but not severe. I would describe the experience as average.",neutral
I decided to try this Zenith product after comparing several options. I have found it easy and comfortable to use. The day-to-day experience has been smooth. I would consider buying it again.,positive
"After using the product for some time, I can comment on how it performs. I have found it easy and comfortable to use. The overall experience has been better than I anticipated. I am happy with how it has performed.",positive
I have been testing this product under normal conditions. The quality is better than I expected. It has handled regular use without difficulty. It has turned out to be a worthwhile purchase.,positive
"I bought this product to see how well it would fit my everyday needs. It has been usable so far, although some details could be refined. There are useful aspects, but there are also some limitations. Overall, it is acceptable but not exceptional.",neutral
"I have been testing this product under normal conditions. The performance has remained dependable during regular use. I have had no reason to complain about its reliability. It has made my routine noticeably easier. Overall, I am satisfied with the purchase.",positive
This product has been part of my regular routine for a while. The product is suitable if expectations remain reasonable. It is difficult to call the experience either excellent or poor. The experience has been fairly ordinary overall.,neutral
I have been using this organic product for a few weeks. The product is functional without being exceptional. The product is neither particularly impressive nor disappointing.,neutral
I bought this packaged food recently and have used it regularly. It performs reliably when I need it. The overall design feels practical.,positive
"After using the product for some time, I can comment on how it performs. It handles the basic job adequately. I would consider other options before making another purchase.",neutral
I bought this packaged food recently and have used it regularly. There are several issues that make the product difficult to recommend. The problems affect the overall experience. I would probably choose another option next time.,negative
This product has been part of my regular routine for a while. I would describe the experience as acceptable rather than impressive. It is difficult to call the experience either excellent or poor.,neutral
"After spending some time with this product, I have formed a fairly clear opinion. The overall performance is acceptable for ordinary use. The product is adequate for straightforward use. I would consider other options before making another purchase.",neutral
I gave this product a reasonable amount of use before writing this review. I have found it easy and comfortable to use. The overall design feels practical. The product handles its main tasks very well. I am happy with how it has performed.,positive
"After using the product for some time, I can comment on how it performs. The product works, although it does not stand out. The result is reasonably predictable. There is still some room for improvement. Some parts are better than others.",neutral
I bought this product to see how well it would fit my everyday needs. I have not found anything particularly impressive about it. There are a few areas where refinement would help. I would describe the experience as average.,neutral
I have been testing this product under normal conditions. The product has both strengths and weaknesses. The result is reasonably predictable. I have not found anything particularly impressive about it.,neutral
I have been testing this product under normal conditions. The product is neither particularly impressive nor disappointing.,neutral
I gave this product a reasonable amount of use before writing this review. The setup was quick and straightforward. I have had no reason to complain about its reliability. Everything has continued working as expected.,positive
I picked this product after looking at a few alternatives. Its main features have worked smoothly.,positive
"I bought this product to see how well it would fit my everyday needs. The overall quality is reasonable for the price. The result is reasonably predictable. It has been usable so far, although some details could be refined.",neutral
I picked this product after looking at a few alternatives. The quality is better than I expected. The product feels well made. I would choose this again over several alternatives.,positive
I have been testing this product under normal conditions. Everything has continued working as expected. The day-to-day experience has been smooth. The quality is better than I expected. I would be comfortable recommending it. There are still a few minor details that could be improved.,positive
I gave this product a reasonable amount of use before writing this review. It has worked consistently without unexpected problems.,positive
I have used this product in several everyday situations. The setup was quick and straightforward. It has been dependable from the beginning. Everything has continued working as expected.,positive
I gave this product a reasonable amount of use before writing this review. Some parts work well while others are fairly average. The strengths and weaknesses are fairly balanced. It performs roughly as I expected. I would describe the experience as average.,neutral
This product has been part of my regular routine for a while. It has worked consistently without unexpected problems. It does what I need without unnecessary complications. The overall experience has been better than I anticipated. I would consider buying it again. There are still a few minor details that could be improved.,positive
"I have been testing this product under normal conditions. The setup was quick and straightforward. I barely needed any time to get used to it. Overall, I am satisfied with the purchase.",positive
I have used this product in several everyday situations. The product is neither particularly impressive nor disappointing. It is difficult to call the experience either excellent or poor. It handles the basic job adequately. I would consider other options before making another purchase.,neutral
"I bought this console recently and have used it regularly. The product works, although it does not stand out. The strengths and weaknesses are fairly balanced.",neutral
I gave this product a reasonable amount of use before writing this review. The product is neither particularly impressive nor disappointing. It is difficult to call the experience either excellent or poor.,neutral
I purchased this product mainly for its self help features. It meets the basic requirements without offering much beyond them. It is difficult to call the experience either excellent or poor. The overall quality is reasonable for the price. There is still some room for improvement.,neutral
I picked this product after looking at a few alternatives. I would describe the experience as acceptable rather than impressive. The strengths and weaknesses are fairly balanced. The experience has been fairly ordinary overall.,neutral
"After spending some time with this product, I have formed a fairly clear opinion. I would describe the experience as acceptable rather than impressive. The differences are noticeable but not severe.",neutral
I bought this product to see how well it would fit my everyday needs. The product has failed to perform consistently. I expected something more dependable. Some important functions have not worked properly. I expected better overall reliability.,negative
"I bought this product to see how well it would fit my everyday needs. Nothing is seriously wrong, but I would not call it outstanding. The differences are noticeable but not severe.",neutral
"After spending some time with this product, I have formed a fairly clear opinion. There are useful aspects, but there are also some limitations. There are a few areas where refinement would help. The product works, although it does not stand out. Overall, it is acceptable but not exceptional.",neutral
"I bought this smart home recently and have used it regularly. The product works, although it does not stand out. It depends somewhat on what you expect from the product. Overall, it is acceptable but not exceptional.",neutral
"I bought this organic recently and have used it regularly. It performs reliably when I need it. It does what I need without unnecessary complications. Overall, I am satisfied with the purchase.",positive
I decided to try this NatureBest product after comparing several options. The experience has been fairly ordinary overall. The result is reasonably predictable. I would describe the experience as acceptable rather than impressive.,neutral
I bought this running recently and have used it regularly. It has made my routine noticeably easier. The product has been a pleasant surprise. There are still a few minor details that could be improved.,positive
"After using the product for some time, I can comment on how it performs. The product is suitable if expectations remain reasonable. The result is reasonably predictable.",neutral
I have used this product in several everyday situations. I have found it easy and comfortable to use. The setup was painless.,positive
I decided to try this ComfortLiving product after comparing several options. Some parts work well while others are fairly average. It depends somewhat on what you expect from the product. I have not found anything particularly impressive about it. There is still some room for improvement. Some parts are better than others.,neutral
I gave this product a reasonable amount of use before writing this review. Some parts work well while others are fairly average. Some parts are better than others.,neutral
I bought this product to see how well it would fit my everyday needs. The controls feel natural and easy to understand. It does what I need without unnecessary complications. The quality is better than I expected. I am happy with how it has performed.,positive
"After using the product for some time, I can comment on how it performs. It performs roughly as I expected. The result is reasonably predictable. It is a reasonable choice for basic requirements.",neutral
"I purchased this product mainly for its haircare features. I can depend on it for regular use. The day-to-day experience has been smooth. The overall experience has been better than I anticipated. Overall, I am satisfied with the purchase.",positive
I decided to try this KnowledgeHub product after comparing several options. Everything has continued working as expected. It does what I need without unnecessary complications. I am happy with how it has performed.,positive
I have been testing this product under normal conditions. I have not had any meaningful problems with it. I would consider buying it again.,positive
I have used this product in several everyday situations. The product is functional without being exceptional. It depends somewhat on what you expect from the product. I would describe the experience as average. Some parts are better than others.,neutral
"After using the product for some time, I can comment on how it performs. The controls feel natural and easy to understand. The overall experience has been better than I anticipated. Overall, I am satisfied with the purchase.",positive
I have been using this yoga product for a few weeks. The product has been a pleasant surprise. It has handled regular use without difficulty. I have not had any meaningful problems with it.,positive
I purchased this product mainly for its fragrance features. The materials do not feel particularly durable. The issues are especially noticeable during longer sessions. The experience has been more disappointing than satisfying. I would look at alternatives before buying it again.,negative
I have been testing this product under normal conditions. The overall performance is acceptable for ordinary use. The limitations are manageable for normal use.,neutral
"After using the product for some time, I can comment on how it performs. It handles the basic job adequately. The result is reasonably predictable. It performs roughly as I expected. It is a reasonable choice for basic requirements.",neutral
"I gave this product a reasonable amount of use before writing this review. The overall experience has been better than I anticipated. The overall design feels practical. Overall, I am satisfied with the purchase.",positive
I bought this product to see how well it would fit my everyday needs. The product handles its main tasks very well. It has handled regular use without difficulty. I would be comfortable recommending it.,positive
"I have been using this breakfast product for a few weeks. It has been usable so far, although some details could be refined. The product is adequate for straightforward use. It handles the basic job adequately. I would consider other options before making another purchase.",neutral
I gave this product a reasonable amount of use before writing this review. It performs reliably when I need it. It has been dependable from the beginning. I have not had any meaningful problems with it. I am happy with how it has performed.,positive
I bought this footwear recently and have used it regularly. The product has caused more frustration than I expected. I have had to work around several shortcomings. I would hesitate to rely on this product for important tasks. I would hesitate to recommend it.,negative
"I bought this makeup recently and have used it regularly. It has been usable so far, although some details could be refined. The product is adequate for straightforward use.",neutral
I have used this product in several everyday situations. Some parts work well while others are fairly average. I would describe the experience as acceptable rather than impressive. There is still some room for improvement.,neutral
I purchased this product mainly for its women features. The experience has been fairly ordinary overall. The strengths and weaknesses are fairly balanced. I would describe the experience as average.,neutral
"After using the product for some time, I can comment on how it performs. The product is functional without being exceptional. It depends somewhat on what you expect from the product.",neutral
I bought this mobile recently and have used it regularly. Its main features have worked smoothly.,positive
I gave this product a reasonable amount of use before writing this review. The product feels well made. It has handled regular use without difficulty. I would choose this again over several alternatives.,positive
"I have used this product in several everyday situations. It meets the basic requirements without offering much beyond them. It is difficult to call the experience either excellent or poor. It has been usable so far, although some details could be refined. It is a reasonable choice for basic requirements. Some parts are better than others.",neutral
"I picked this product after looking at a few alternatives. Nothing is seriously wrong, but I would not call it outstanding. There are a few areas where refinement would help. Nothing is seriously wrong, but I would not call it outstanding. I would describe the experience as average.",neutral
I decided to try this DailyBasket product after comparing several options. The actual performance falls short of its apparent potential. I expected something more dependable. I expected better overall reliability. One or two aspects of the product are still useful.,negative
I have been using this smart home product for a few weeks. The product has remained reliable even after repeated use. The controls feel natural and easy to understand. I would consider buying it again.,positive
I bought this product to see how well it would fit my everyday needs. Some parts work well while others are fairly average. The strengths and weaknesses are fairly balanced. Some parts are better than others.,neutral
I picked this product after looking at a few alternatives. The product is suitable if expectations remain reasonable. It is a reasonable choice for basic requirements.,neutral
I picked this product after looking at a few alternatives. The controls feel natural and easy to understand. I have found it easy and comfortable to use. I would choose this again over several alternatives.,positive
I have used this product in several everyday situations. It meets the basic requirements without offering much beyond them. It is difficult to call the experience either excellent or poor. I would consider other options before making another purchase. Some parts are better than others.,neutral
"I purchased this product mainly for its fitness features. Nothing is seriously wrong, but I would not call it outstanding. The differences are noticeable but not severe. I would describe the experience as average.",neutral
"I gave this product a reasonable amount of use before writing this review. The product has been a pleasant surprise. The setup was painless. Overall, I am satisfied with the purchase.",positive
"After spending some time with this product, I have formed a fairly clear opinion. The setup was quick and straightforward. The product feels thoughtfully designed.",positive
"I bought this product to see how well it would fit my everyday needs. The product works, although it does not stand out. Overall, it is acceptable but not exceptional.",neutral
"After using the product for some time, I can comment on how it performs. The product is functional without being exceptional. It depends somewhat on what you expect from the product. It has been usable so far, although some details could be refined. It is a reasonable choice for basic requirements.",neutral
I gave this product a reasonable amount of use before writing this review. I can depend on it for regular use. It has handled regular use without difficulty. There are still a few minor details that could be improved.,positive
"I have been using this self help product for a few weeks. The overall quality is reasonable for the price. The differences are noticeable but not severe. Nothing is seriously wrong, but I would not call it outstanding. I would describe the experience as average. Some parts are better than others.",neutral
I decided to try this Zenith product after comparing several options. Its main features have worked smoothly. I have had no reason to complain about its reliability. The overall experience has been better than I anticipated.,positive
"I have been using this packaged food product for a few weeks. It has been usable so far, although some details could be refined. The result is reasonably predictable. It meets the basic requirements without offering much beyond them. It is fine as long as expectations are realistic.",neutral
"I have been testing this product under normal conditions. The product feels thoughtfully designed. Everything has continued working as expected. Overall, I am satisfied with the purchase.",positive
I purchased this product mainly for its footwear features. It has worked consistently without unexpected problems. It does what I need without unnecessary complications. I can depend on it for regular use.,positive
I bought this product to see how well it would fit my everyday needs. I would describe the experience as acceptable rather than impressive. It is difficult to call the experience either excellent or poor. I have not found anything particularly impressive about it. It is fine as long as expectations are realistic.,neutral
I gave this product a reasonable amount of use before writing this review. It has made my routine noticeably easier. It performs reliably when I need it.,positive
"I have used this product in several everyday situations. It gets the job done, but there is room for improvement. The differences are noticeable but not severe.",neutral
"I picked this product after looking at a few alternatives. It performs roughly as I expected. There are a few areas where refinement would help. Overall, it is acceptable but not exceptional.",neutral
I picked this product after looking at a few alternatives. It has worked consistently without unexpected problems. I barely needed any time to get used to it. The performance has remained dependable during regular use.,positive
"I have been using this science product for a few weeks. It has been usable so far, although some details could be refined. It depends somewhat on what you expect from the product.",neutral
I purchased this product mainly for its mobile features. The product has both strengths and weaknesses.,neutral
I have been testing this product under normal conditions. The product feels well made. I am happy with how it has performed.,positive
I gave this product a reasonable amount of use before writing this review. The overall experience has been better than I anticipated. The overall design feels practical. It has turned out to be a worthwhile purchase.,positive
"I picked this product after looking at a few alternatives. It gets the job done, but there is room for improvement.",neutral
I have used this product in several everyday situations. It handles the basic job adequately. The strengths and weaknesses are fairly balanced.,neutral
"After spending some time with this product, I have formed a fairly clear opinion. The product has been a pleasant surprise. The setup was painless. The product has been a pleasant surprise. I am happy with how it has performed.",positive
"After using the product for some time, I can comment on how it performs. The experience has been fairly ordinary overall. The limitations are manageable for normal use. I have not found anything particularly impressive about it. Overall, it is acceptable but not exceptional.",neutral
I bought this organic recently and have used it regularly. The overall quality is reasonable for the price. It is difficult to call the experience either excellent or poor. I have not found anything particularly impressive about it.,neutral
I bought this gaming audio recently and have used it regularly. It performs reliably when I need it. The setup was painless. The product feels thoughtfully designed.,positive
"After using the product for some time, I can comment on how it performs. The product feels well made. The setup was painless. The product feels well made.",positive
I bought this appliances recently and have used it regularly. The performance has remained dependable during regular use. It does what I need without unnecessary complications. The controls feel natural and easy to understand.,positive
This product has been part of my regular routine for a while. The experience has been fairly ordinary overall. The differences are noticeable but not severe. I would consider other options before making another purchase.,neutral
This product has been part of my regular routine for a while. It meets the basic requirements without offering much beyond them. The strengths and weaknesses are fairly balanced. It performs roughly as I expected. I would describe the experience as average.,neutral
I bought this product to see how well it would fit my everyday needs. It handles the basic job adequately. The strengths and weaknesses are fairly balanced. It is fine as long as expectations are realistic.,neutral
This product has been part of my regular routine for a while. Some parts work well while others are fairly average. The result is reasonably predictable. The product is suitable if expectations remain reasonable. It is a reasonable choice for basic requirements.,neutral
This product has been part of my regular routine for a while. I have not found anything particularly impressive about it. The strengths and weaknesses are fairly balanced. I would consider other options before making another purchase.,neutral
I have used this product in several everyday situations. The product feels well made. The overall design feels practical. Everything has continued working as expected. I would choose this again over several alternatives.,positive
I gave this product a reasonable amount of use before writing this review. It handles the basic job adequately. The result is reasonably predictable. The product is functional without being exceptional.,neutral
"I have used this product in several everyday situations. Everything has continued working as expected. I have had no reason to complain about its reliability. Overall, I am satisfied with the purchase.",positive
"I decided to try this Peak product after comparing several options. The overall quality is reasonable for the price. The product is adequate for straightforward use. The product works, although it does not stand out. I would describe the experience as average. Some parts are better than others.",neutral
"After spending some time with this product, I have formed a fairly clear opinion. The quality does not match what I expected for the price. I do not think I would purchase it again.",negative
I bought this fragrance recently and have used it regularly. I would describe the experience as acceptable rather than impressive. There are a few areas where refinement would help. It performs roughly as I expected. There is still some room for improvement.,neutral
I picked this product after looking at a few alternatives. The controls feel natural and easy to understand. I barely needed any time to get used to it. I have found it easy and comfortable to use.,positive
I picked this product after looking at a few alternatives. The product feels thoughtfully designed. It does what I need without unnecessary complications. I am happy with how it has performed.,positive
I bought this breakfast recently and have used it regularly. The product handles its main tasks very well. The overall design feels practical.,positive
I have been testing this product under normal conditions. The overall experience has been better than I anticipated. The overall design feels practical. Its main features have worked smoothly. I am happy with how it has performed. There are still a few minor details that could be improved.,positive
I bought this product to see how well it would fit my everyday needs. The product feels well made. It has been dependable from the beginning.,positive
"I have been testing this product under normal conditions. There are useful aspects, but there are also some limitations. There are a few areas where refinement would help. It is a reasonable choice for basic requirements. Some parts are better than others.",neutral
"I decided to try this PlayMax product after comparing several options. The overall performance is acceptable for ordinary use. There are useful aspects, but there are also some limitations.",neutral
I bought this audio recently and have used it regularly. The setup was quick and straightforward. It has been dependable from the beginning.,positive
"After spending some time with this product, I have formed a fairly clear opinion. The overall quality is reasonable for the price. The differences are noticeable but not severe.",neutral
I bought this product to see how well it would fit my everyday needs. The controls feel natural and easy to understand.,positive
I have been using this storage product for a few weeks. Its main features have worked smoothly. The overall design feels practical. I would choose this again over several alternatives.,positive
I gave this product a reasonable amount of use before writing this review. The quality is better than I expected. I would be comfortable recommending it. There are still a few minor details that could be improved.,positive
"After using the product for some time, I can comment on how it performs. It has worked consistently without unexpected problems. It has handled regular use without difficulty. I can depend on it for regular use.",positive
I bought this product to see how well it would fit my everyday needs. The product has been a pleasant surprise. I have had no reason to complain about its reliability. There are still a few minor details that could be improved.,positive
"I have been testing this product under normal conditions. There are useful aspects, but there are also some limitations. The product is adequate for straightforward use. Overall, it is acceptable but not exceptional.",neutral
I picked this product after looking at a few alternatives. The overall experience has been better than I anticipated. The day-to-day experience has been smooth. The product has remained reliable even after repeated use. I am happy with how it has performed.,positive
"I bought this product to see how well it would fit my everyday needs. There are useful aspects, but there are also some limitations. The result is reasonably predictable. The overall quality is reasonable for the price. There is still some room for improvement.",neutral
"I bought this business recently and have used it regularly. I have not had any meaningful problems with it. It has handled regular use without difficulty. The product feels thoughtfully designed. Overall, I am satisfied with the purchase.",positive
"I bought this product to see how well it would fit my everyday needs. Nothing is seriously wrong, but I would not call it outstanding. The differences are noticeable but not severe. I would describe the experience as acceptable rather than impressive.",neutral
I bought this product to see how well it would fit my everyday needs. Everything has continued working as expected.,positive
"After spending some time with this product, I have formed a fairly clear opinion. It meets the basic requirements without offering much beyond them. It gets the job done, but there is room for improvement. It is a reasonable choice for basic requirements.",neutral
I have been using this science product for a few weeks. The product feels well made. It has been dependable from the beginning. The controls feel natural and easy to understand. I would choose this again over several alternatives.,positive
I purchased this product mainly for its beverages features. The product has been a pleasant surprise. The day-to-day experience has been smooth. Everything has continued working as expected.,positive
I purchased this product mainly for its women features. It has worked consistently without unexpected problems. It has been dependable from the beginning. There are still a few minor details that could be improved.,positive
I have been using this appliances product for a few weeks. The product has both strengths and weaknesses. It performs roughly as I expected. I would consider other options before making another purchase.,neutral
"After using the product for some time, I can comment on how it performs. The overall quality is reasonable for the price. It depends somewhat on what you expect from the product. It is fine as long as expectations are realistic. Some parts are better than others.",neutral
I have been testing this product under normal conditions. The product has failed to perform consistently. The product has caused more frustration than I expected.,negative
I have used this product in several everyday situations. It performs reliably when I need it. I would choose this again over several alternatives. There are still a few minor details that could be improved.,positive
"I gave this product a reasonable amount of use before writing this review. It gets the job done, but there is room for improvement. It depends somewhat on what you expect from the product. Some parts are better than others.",neutral
I gave this product a reasonable amount of use before writing this review. The overall experience has been better than I anticipated. It has handled regular use without difficulty. The controls feel natural and easy to understand.,positive
I purchased this product mainly for its makeup features. The product is suitable if expectations remain reasonable. There are a few areas where refinement would help. I would describe the experience as average.,neutral
I have used this product in several everyday situations. The experience has been fairly ordinary overall. I would describe the experience as acceptable rather than impressive. There is still some room for improvement.,neutral
"After spending some time with this product, I have formed a fairly clear opinion. The setup was quick and straightforward. I have had no reason to complain about its reliability. It has made my routine noticeably easier.",positive
This product has been part of my regular routine for a while. I have found it easy and comfortable to use. The day-to-day experience has been smooth.,positive
I have been using this accessories product for a few weeks. The product has become unreliable during normal use. I expected something more dependable. I would hesitate to rely on this product for important tasks. I would probably choose another option next time.,negative
"This product has been part of my regular routine for a while. It has been usable so far, although some details could be refined. The differences are noticeable but not severe. There are useful aspects, but there are also some limitations. Some parts are better than others.",neutral
I decided to try this PageTurner product after comparing several options. Several aspects of the experience could be substantially better. The product does not inspire much confidence. One or two aspects of the product are still useful.,negative
I gave this product a reasonable amount of use before writing this review. It handles the basic job adequately. The differences are noticeable but not severe. I have not found anything particularly impressive about it.,neutral
I have been using this yoga product for a few weeks. The overall performance is acceptable for ordinary use. The overall performance is acceptable for ordinary use.,neutral
"This product has been part of my regular routine for a while. There are useful aspects, but there are also some limitations. The differences are noticeable but not severe. I would describe the experience as acceptable rather than impressive.",neutral
"This product has been part of my regular routine for a while. The product works, although it does not stand out. The strengths and weaknesses are fairly balanced.",neutral
"After spending some time with this product, I have formed a fairly clear opinion. Its main features have worked smoothly. It has handled regular use without difficulty. I would choose this again over several alternatives.",positive
"I purchased this product mainly for its beverages features. The product is neither particularly impressive nor disappointing. The strengths and weaknesses are fairly balanced. There are useful aspects, but there are also some limitations.",neutral
I purchased this product mainly for its accessories features. The product feels well made. The setup was painless. The quality is better than I expected.,positive
"After using the product for some time, I can comment on how it performs. The product has been a pleasant surprise. The overall design feels practical. The performance has remained dependable during regular use.",positive
I have been using this decor product for a few weeks. It performs reliably when I need it. It has been dependable from the beginning.,positive
"I have been testing this product under normal conditions. The product works, although it does not stand out. There are a few areas where refinement would help. Some parts work well while others are fairly average. Overall, it is acceptable but not exceptional.",neutral
"I bought this console recently and have used it regularly. It gets the job done, but there is room for improvement. It is fine as long as expectations are realistic.",neutral
I decided to try this BeautyPlus product after comparing several options. It performs reliably when I need it. I have had no reason to complain about its reliability. The product feels thoughtfully designed. It has turned out to be a worthwhile purchase.,positive
"I have been testing this product under normal conditions. Some parts work well while others are fairly average. There are a few areas where refinement would help. Overall, it is acceptable but not exceptional. Some parts are better than others.",neutral
"After spending some time with this product, I have formed a fairly clear opinion. I have had trouble depending on it for regular use. The problems became more noticeable with continued use.",negative
"This product has been part of my regular routine for a while. Nothing is seriously wrong, but I would not call it outstanding. It is difficult to call the experience either excellent or poor. It is fine as long as expectations are realistic.",neutral
"I decided to try this Harvest product after comparing several options. It gets the job done, but there is room for improvement. There are a few areas where refinement would help. I would describe the experience as acceptable rather than impressive. Some parts are better than others.",neutral
I decided to try this ComfortLiving product after comparing several options. The product is functional without being exceptional. There are a few areas where refinement would help. Some parts work well while others are fairly average.,neutral
This product has been part of my regular routine for a while. Some parts work well while others are fairly average. I would consider other options before making another purchase.,neutral
I picked this product after looking at a few alternatives. Its main features have worked smoothly. I would be comfortable recommending it. There are still a few minor details that could be improved.,positive
I bought this product to see how well it would fit my everyday needs. The experience has been fairly ordinary overall. The strengths and weaknesses are fairly balanced. It handles the basic job adequately.,neutral
I decided to try this KnowledgeHub product after comparing several options. The performance has remained dependable during regular use. It does what I need without unnecessary complications. I am happy with how it has performed.,positive
"I bought this makeup recently and have used it regularly. It performs roughly as I expected. Nothing is seriously wrong, but I would not call it outstanding. Some parts are better than others.",neutral
I decided to try this SoundMax product after comparing several options. The overall experience has been better than I anticipated. The day-to-day experience has been smooth.,positive
I bought this accessories recently and have used it regularly. Everything has continued working as expected. It has worked consistently without unexpected problems.,positive
I picked this product after looking at a few alternatives. I have found it easy and comfortable to use. The setup was painless. The performance has remained dependable during regular use. I would be comfortable recommending it.,positive
I bought this product to see how well it would fit my everyday needs. The overall quality is reasonable for the price. It depends somewhat on what you expect from the product. The product has both strengths and weaknesses.,neutral
"This product has been part of my regular routine for a while. The product feels thoughtfully designed. Overall, I am satisfied with the purchase.",positive
"After using the product for some time, I can comment on how it performs. It gets the job done, but there is room for improvement. The product is adequate for straightforward use. The product is functional without being exceptional.",neutral
"I have been using this yoga product for a few weeks. It has been usable so far, although some details could be refined. It is fine as long as expectations are realistic.",neutral
I bought this product to see how well it would fit my everyday needs. The product feels thoughtfully designed. I barely needed any time to get used to it. I can depend on it for regular use.,positive
I bought this kitchen recently and have used it regularly. The product feels thoughtfully designed. The setup was painless.,positive
I purchased this product mainly for its men features. I would hesitate to rely on this product for important tasks. The problems affect the overall experience.,negative
I have been using this makeup product for a few weeks. The setup was quick and straightforward. It does what I need without unnecessary complications. I would be comfortable recommending it. There are still a few minor details that could be improved.,positive
"I purchased this product mainly for its laptop features. Nothing is seriously wrong, but I would not call it outstanding. The differences are noticeable but not severe. Nothing is seriously wrong, but I would not call it outstanding.",neutral
I gave this product a reasonable amount of use before writing this review. The overall quality is reasonable for the price. It is fine as long as expectations are realistic.,neutral
"I have been testing this product under normal conditions. There are useful aspects, but there are also some limitations. The product is adequate for straightforward use. I would describe the experience as acceptable rather than impressive. There is still some room for improvement.",neutral
"I have been testing this product under normal conditions. The overall quality is reasonable for the price. The limitations are manageable for normal use. It has been usable so far, although some details could be refined. There is still some room for improvement.",neutral
"I have used this product in several everyday situations. It gets the job done, but there is room for improvement. It is difficult to call the experience either excellent or poor. I would consider other options before making another purchase.",neutral
I purchased this product mainly for its smart home features. The experience has been fairly ordinary overall. The product is adequate for straightforward use. The product has both strengths and weaknesses. I would describe the experience as average.,neutral
"I have been using this fragrance product for a few weeks. Nothing is seriously wrong, but I would not call it outstanding. The strengths and weaknesses are fairly balanced. Overall, it is acceptable but not exceptional.",neutral
"I decided to try this NatureBest product after comparing several options. The product works, although it does not stand out. The differences are noticeable but not severe. It handles the basic job adequately. It is fine as long as expectations are realistic.",neutral
"After spending some time with this product, I have formed a fairly clear opinion. The overall quality is reasonable for the price. The limitations are manageable for normal use. Some parts are better than others.",neutral
"I decided to try this Peak product after comparing several options. It gets the job done, but there is room for improvement. The strengths and weaknesses are fairly balanced. Nothing is seriously wrong, but I would not call it outstanding.",neutral
I gave this product a reasonable amount of use before writing this review. The product has remained reliable even after repeated use. It does what I need without unnecessary complications. The performance has remained dependable during regular use.,positive
"I gave this product a reasonable amount of use before writing this review. The product has been a pleasant surprise. I have had no reason to complain about its reliability. Overall, I am satisfied with the purchase.",positive
"I have used this product in several everyday situations. It performs reliably when I need it. The product feels well made. Overall, I am satisfied with the purchase. There are still a few minor details that could be improved.",positive
"I decided to try this UrbanStyle product after comparing several options. The product has both strengths and weaknesses. It depends somewhat on what you expect from the product. It gets the job done, but there is room for improvement. There is still some room for improvement.",neutral
"After using the product for some time, I can comment on how it performs. The product has remained reliable even after repeated use. It has been dependable from the beginning. Overall, I am satisfied with the purchase. There are still a few minor details that could be improved.",positive
"I bought this decor recently and have used it regularly. The product feels well made. It has handled regular use without difficulty. Overall, I am satisfied with the purchase.",positive
"I gave this product a reasonable amount of use before writing this review. There are useful aspects, but there are also some limitations. The product is suitable if expectations remain reasonable. There is still some room for improvement.",neutral
This product has been part of my regular routine for a while. The materials do not feel particularly durable. I do not think I would purchase it again.,negative
"After using the product for some time, I can comment on how it performs. It performs reliably when I need it. I have had no reason to complain about its reliability. The product feels thoughtfully designed.",positive
I bought this audio recently and have used it regularly. Everything has continued working as expected. It has been dependable from the beginning.,positive
I gave this product a reasonable amount of use before writing this review. The experience has been fairly ordinary overall. The limitations are manageable for normal use. The product is suitable if expectations remain reasonable. There is still some room for improvement. Some parts are better than others.,neutral
"After spending some time with this product, I have formed a fairly clear opinion. Its main features have worked smoothly.",positive
I picked this product after looking at a few alternatives. I have not had any meaningful problems with it.,positive
I purchased this product mainly for its fitness features. The overall quality is reasonable for the price. The strengths and weaknesses are fairly balanced. It handles the basic job adequately. There is still some room for improvement.,neutral
"I decided to try this NatureBest product after comparing several options. It has been usable so far, although some details could be refined. There are a few areas where refinement would help. The product is functional without being exceptional. Overall, it is acceptable but not exceptional. Some parts are better than others.",neutral
I bought this product to see how well it would fit my everyday needs. The product has both strengths and weaknesses. The result is reasonably predictable. The overall quality is reasonable for the price. It is a reasonable choice for basic requirements.,neutral
I have been using this self help product for a few weeks. The overall quality is reasonable for the price. The differences are noticeable but not severe.,neutral
I picked this product after looking at a few alternatives. The product feels thoughtfully designed. I would choose this again over several alternatives.,positive
"I picked this product after looking at a few alternatives. Some parts work well while others are fairly average. The strengths and weaknesses are fairly balanced. Nothing is seriously wrong, but I would not call it outstanding.",neutral
I picked this product after looking at a few alternatives. It has made my routine noticeably easier. The overall design feels practical.,positive
I purchased this product mainly for its audio features. The overall quality is reasonable for the price. The product is adequate for straightforward use. There is still some room for improvement.,neutral
I bought this makeup recently and have used it regularly. The product is neither particularly impressive nor disappointing. It depends somewhat on what you expect from the product. The product has both strengths and weaknesses.,neutral
I decided to try this PaperTrail product after comparing several options. It has made my routine noticeably easier. I am happy with how it has performed.,positive
I purchased this product mainly for its fragrance features. Some parts work well while others are fairly average. There are a few areas where refinement would help. The product is functional without being exceptional. I would consider other options before making another purchase.,neutral
"I purchased this product mainly for its audio features. The quality is better than I expected. It does what I need without unnecessary complications. Overall, I am satisfied with the purchase. There are still a few minor details that could be improved.",positive
I have used this product in several everyday situations. The product has both strengths and weaknesses. The result is reasonably predictable. I would consider other options before making another purchase.,neutral
I have been testing this product under normal conditions. It has made my routine noticeably easier. It has been dependable from the beginning. I have not had any meaningful problems with it.,positive
I have used this product in several everyday situations. The product is neither particularly impressive nor disappointing. It is fine as long as expectations are realistic.,neutral
"I bought this product to see how well it would fit my everyday needs. There are useful aspects, but there are also some limitations. The result is reasonably predictable. The overall quality is reasonable for the price. It is fine as long as expectations are realistic.",neutral
This product has been part of my regular routine for a while. The product has remained reliable even after repeated use. The overall design feels practical. I can depend on it for regular use.,positive
"I have been using this business product for a few weeks. It gets the job done, but there is room for improvement. The product has both strengths and weaknesses.",neutral
I decided to try this FreshChoice product after comparing several options. I can depend on it for regular use. The overall experience has been better than I anticipated. I would consider buying it again.,positive
"After spending some time with this product, I have formed a fairly clear opinion. The product has both strengths and weaknesses. It is difficult to call the experience either excellent or poor. The product is neither particularly impressive nor disappointing. I would describe the experience as average.",neutral
"After spending some time with this product, I have formed a fairly clear opinion. I have experienced problems that should not occur during ordinary use. I expected something more dependable. Some components already show signs of wear. I do not think I would purchase it again.",negative
I have used this product in several everyday situations. The experience has been fairly ordinary overall. I would describe the experience as average.,neutral
I decided to try this Aura product after comparing several options. The controls feel natural and easy to understand. Everything has continued working as expected. I am happy with how it has performed.,positive
"I have used this product in several everyday situations. There are useful aspects, but there are also some limitations. It depends somewhat on what you expect from the product. Some parts work well while others are fairly average.",neutral
"I picked this product after looking at a few alternatives. There are useful aspects, but there are also some limitations. It is a reasonable choice for basic requirements.",neutral
I bought this product to see how well it would fit my everyday needs. The product has remained reliable even after repeated use. It has handled regular use without difficulty.,positive
I bought this appliances recently and have used it regularly. The product is functional without being exceptional. The result is reasonably predictable.,neutral
"After using the product for some time, I can comment on how it performs. Some components already show signs of wear. I have had to work around several shortcomings. The product has failed to perform consistently.",negative
This product has been part of my regular routine for a while. The setup was quick and straightforward. The day-to-day experience has been smooth. The setup was quick and straightforward. I would choose this again over several alternatives.,positive
"After using the product for some time, I can comment on how it performs. The overall performance is acceptable for ordinary use. It has been usable so far, although some details could be refined.",neutral
I have been using this running product for a few weeks. The product feels well made. The day-to-day experience has been smooth. There are still a few minor details that could be improved.,positive
"I picked this product after looking at a few alternatives. The product feels well made. The day-to-day experience has been smooth. Overall, I am satisfied with the purchase.",positive
"After using the product for some time, I can comment on how it performs. It performs roughly as I expected. The limitations are manageable for normal use. It has been usable so far, although some details could be refined.",neutral
I bought this appliances recently and have used it regularly. The overall experience has been better than I anticipated. The day-to-day experience has been smooth.,positive
I bought this appliances recently and have used it regularly. The performance has remained dependable during regular use. I barely needed any time to get used to it.,positive
"After using the product for some time, I can comment on how it performs. The product has failed to perform consistently. The problems became more noticeable with continued use. Several aspects of the experience could be substantially better.",negative
I have been using this self help product for a few weeks. The product feels well made. It performs reliably when I need it. There are still a few minor details that could be improved.,positive
"I bought this product to see how well it would fit my everyday needs. It has been usable so far, although some details could be refined. The differences are noticeable but not severe. Some parts are better than others.",neutral
"I decided to try this PaperTrail product after comparing several options. The product is functional without being exceptional. The differences are noticeable but not severe. There are useful aspects, but there are also some limitations. I would describe the experience as average.",neutral
"I gave this product a reasonable amount of use before writing this review. The product works, although it does not stand out. The limitations are manageable for normal use. I would consider other options before making another purchase.",neutral
"After spending some time with this product, I have formed a fairly clear opinion. It handles the basic job adequately. There are useful aspects, but there are also some limitations.",neutral
I purchased this product mainly for its organic features. I would hesitate to rely on this product for important tasks. I have had to work around several shortcomings. The product has caused more frustration than I expected.,negative
I bought this personal care recently and have used it regularly. The product is functional without being exceptional. The differences are noticeable but not severe. The product is suitable if expectations remain reasonable. It is fine as long as expectations are realistic.,neutral
"After spending some time with this product, I have formed a fairly clear opinion. The overall quality is reasonable for the price. It depends somewhat on what you expect from the product. Overall, it is acceptable but not exceptional.",neutral
"I have been using this laptop product for a few weeks. Everything has continued working as expected. Overall, I am satisfied with the purchase.",positive
I have been testing this product under normal conditions. The experience has been fairly ordinary overall. There are a few areas where refinement would help. The product is functional without being exceptional.,neutral
"I have been testing this product under normal conditions. It has been usable so far, although some details could be refined. The limitations are manageable for normal use. The product works, although it does not stand out. It is a reasonable choice for basic requirements.",neutral
I picked this product after looking at a few alternatives. It performs roughly as I expected. The result is reasonably predictable.,neutral
I picked this product after looking at a few alternatives. I have not had any meaningful problems with it. The overall design feels practical. I have found it easy and comfortable to use. I am happy with how it has performed.,positive
I have been testing this product under normal conditions. The experience has been fairly ordinary overall. It depends somewhat on what you expect from the product. I would describe the experience as average.,neutral
I bought this product to see how well it would fit my everyday needs. The product is neither particularly impressive nor disappointing. There are a few areas where refinement would help. The overall performance is acceptable for ordinary use.,neutral
"I picked this product after looking at a few alternatives. The overall performance is acceptable for ordinary use. It depends somewhat on what you expect from the product. Overall, it is acceptable but not exceptional.",neutral
I purchased this product mainly for its fragrance features. The setup was quick and straightforward. The overall design feels practical.,positive
"I bought this product to see how well it would fit my everyday needs. I would describe the experience as acceptable rather than impressive. The product is adequate for straightforward use. Overall, it is acceptable but not exceptional.",neutral
I purchased this product mainly for its beverages features. Several aspects of the experience could be substantially better. The problems affect the overall experience. The product has not been as dependable as I needed. One or two aspects of the product are still useful.,negative
I picked this product after looking at a few alternatives. The overall performance is acceptable for ordinary use. It performs roughly as I expected. There is still some room for improvement.,neutral
"This product has been part of my regular routine for a while. There are useful aspects, but there are also some limitations. Nothing is seriously wrong, but I would not call it outstanding. It is a reasonable choice for basic requirements.",neutral
"I picked this product after looking at a few alternatives. It meets the basic requirements without offering much beyond them. It is difficult to call the experience either excellent or poor. Overall, it is acceptable but not exceptional. Some parts are better than others.",neutral
"After using the product for some time, I can comment on how it performs. Some parts work well while others are fairly average. There are a few areas where refinement would help. Some parts are better than others.",neutral
"After using the product for some time, I can comment on how it performs. The setup was quick and straightforward.",positive
I bought this technology recently and have used it regularly. The product feels well made. Its main features have worked smoothly.,positive
"After using the product for some time, I can comment on how it performs. The performance has remained dependable during regular use. I have had no reason to complain about its reliability.",positive
I bought this haircare recently and have used it regularly. I have not found anything particularly impressive about it. There are a few areas where refinement would help. I would consider other options before making another purchase.,neutral
I bought this science recently and have used it regularly. It has made my routine noticeably easier. I have had no reason to complain about its reliability. I would consider buying it again.,positive
"I bought this product to see how well it would fit my everyday needs. It gets the job done, but there is room for improvement. The limitations are manageable for normal use.",neutral
I bought this business recently and have used it regularly. The overall performance is acceptable for ordinary use. The overall performance is acceptable for ordinary use. I would consider other options before making another purchase.,neutral
I have used this product in several everyday situations. It meets the basic requirements without offering much beyond them. The strengths and weaknesses are fairly balanced.,neutral
I picked this product after looking at a few alternatives. There are several issues that make the product difficult to recommend. There is considerable room for improvement.,negative
"After spending some time with this product, I have formed a fairly clear opinion. Nothing is seriously wrong, but I would not call it outstanding. The limitations are manageable for normal use. Some parts are better than others.",neutral
I picked this product after looking at a few alternatives. The controls feel natural and easy to understand. The product feels thoughtfully designed.,positive
"I bought this self help recently and have used it regularly. It has been usable so far, although some details could be refined. It performs roughly as I expected.",neutral
I purchased this product mainly for its laptop features. The product has remained reliable even after repeated use. The overall design feels practical. It has made my routine noticeably easier. I am happy with how it has performed.,positive
I bought this product to see how well it would fit my everyday needs. The product has both strengths and weaknesses. The result is reasonably predictable. The experience has been fairly ordinary overall.,neutral
I decided to try this FreshChoice product after comparing several options. The overall experience has been better than I anticipated. I barely needed any time to get used to it.,positive
I bought this product to see how well it would fit my everyday needs. The controls feel natural and easy to understand. It does what I need without unnecessary complications. Its main features have worked smoothly. I would consider buying it again.,positive
I have used this product in several everyday situations. The product is functional without being exceptional. It depends somewhat on what you expect from the product. The overall performance is acceptable for ordinary use. It is fine as long as expectations are realistic.,neutral
I picked this product after looking at a few alternatives. The product handles its main tasks very well. I have had no reason to complain about its reliability. I have not had any meaningful problems with it. I would choose this again over several alternatives.,positive
I have been using this smart home product for a few weeks. I have not had any meaningful problems with it. The overall design feels practical. It has turned out to be a worthwhile purchase.,positive
I have used this product in several everyday situations. The product feels thoughtfully designed. I barely needed any time to get used to it.,positive
I decided to try this FreshChoice product after comparing several options. The product handles its main tasks very well. The overall design feels practical. I would consider buying it again.,positive
"I picked this product after looking at a few alternatives. Nothing is seriously wrong, but I would not call it outstanding. The strengths and weaknesses are fairly balanced.",neutral
"I have used this product in several everyday situations. It performs reliably when I need it. It has handled regular use without difficulty. It has worked consistently without unexpected problems. Overall, I am satisfied with the purchase.",positive
"After spending some time with this product, I have formed a fairly clear opinion. I have not found anything particularly impressive about it. It depends somewhat on what you expect from the product. It is a reasonable choice for basic requirements.",neutral
"I have been testing this product under normal conditions. It performs roughly as I expected. It gets the job done, but there is room for improvement.",neutral
I gave this product a reasonable amount of use before writing this review. Some parts work well while others are fairly average. It handles the basic job adequately.,neutral
I gave this product a reasonable amount of use before writing this review. I have not had any meaningful problems with it. The product feels well made. I am happy with how it has performed.,positive
"I gave this product a reasonable amount of use before writing this review. The experience has been fairly ordinary overall. The product is adequate for straightforward use. Overall, it is acceptable but not exceptional.",neutral
I bought this snacks recently and have used it regularly. It meets the basic requirements without offering much beyond them. The differences are noticeable but not severe. I would consider other options before making another purchase. Some parts are better than others.,neutral
I have been testing this product under normal conditions. The overall performance is acceptable for ordinary use. It is fine as long as expectations are realistic. Some parts are better than others.,neutral
"After spending some time with this product, I have formed a fairly clear opinion. It meets the basic requirements without offering much beyond them. I would describe the experience as average.",neutral
I bought this product to see how well it would fit my everyday needs. The product has both strengths and weaknesses. It depends somewhat on what you expect from the product. I would consider other options before making another purchase.,neutral
I gave this product a reasonable amount of use before writing this review. The controls feel natural and easy to understand. It has handled regular use without difficulty. I would choose this again over several alternatives.,positive
"I have used this product in several everyday situations. The product works, although it does not stand out. There are a few areas where refinement would help. I would consider other options before making another purchase.",neutral
"I bought this product to see how well it would fit my everyday needs. It meets the basic requirements without offering much beyond them. It is difficult to call the experience either excellent or poor. There are useful aspects, but there are also some limitations. It is a reasonable choice for basic requirements. Some parts are better than others.",neutral
I have used this product in several everyday situations. It performs roughly as I expected. It is difficult to call the experience either excellent or poor. I would consider other options before making another purchase.,neutral
I have used this product in several everyday situations. It meets the basic requirements without offering much beyond them. There are a few areas where refinement would help. Some parts are better than others.,neutral
"After spending some time with this product, I have formed a fairly clear opinion. Some parts work well while others are fairly average. The limitations are manageable for normal use. Some parts are better than others.",neutral
I picked this product after looking at a few alternatives. The overall performance is acceptable for ordinary use. The result is reasonably predictable. The product has both strengths and weaknesses. I would consider other options before making another purchase.,neutral
I have used this product in several everyday situations. Everything has continued working as expected.,positive
I have been testing this product under normal conditions. Some parts work well while others are fairly average. There are a few areas where refinement would help. It is a reasonable choice for basic requirements.,neutral
"After spending some time with this product, I have formed a fairly clear opinion. The actual performance falls short of its apparent potential. I would prefer a more reliable alternative.",negative
I purchased this product mainly for its laptop features. The product feels well made. It does what I need without unnecessary complications. I am happy with how it has performed.,positive
This product has been part of my regular routine for a while. I have not found anything particularly impressive about it. The strengths and weaknesses are fairly balanced.,neutral
I picked this product after looking at a few alternatives. The product handles its main tasks very well. It has handled regular use without difficulty. The product has remained reliable even after repeated use.,positive
"I bought this product to see how well it would fit my everyday needs. It gets the job done, but there is room for improvement. The limitations are manageable for normal use. The product works, although it does not stand out. It is fine as long as expectations are realistic.",neutral
"I bought this audio recently and have used it regularly. Nothing is seriously wrong, but I would not call it outstanding. The differences are noticeable but not severe. I would describe the experience as average.",neutral
This product has been part of my regular routine for a while. The product feels well made. It has been dependable from the beginning. I would consider buying it again.,positive
"After using the product for some time, I can comment on how it performs. It has been usable so far, although some details could be refined. The limitations are manageable for normal use. The product is neither particularly impressive nor disappointing. It is fine as long as expectations are realistic.",neutral
"I decided to try this Casa product after comparing several options. I would describe the experience as acceptable rather than impressive. It depends somewhat on what you expect from the product. It gets the job done, but there is room for improvement. It is a reasonable choice for basic requirements.",neutral
I decided to try this UrbanStyle product after comparing several options. Some parts work well while others are fairly average. The overall quality is reasonable for the price.,neutral
I have used this product in several everyday situations. The product is suitable if expectations remain reasonable. There are a few areas where refinement would help. The product has both strengths and weaknesses. There is still some room for improvement.,neutral
I gave this product a reasonable amount of use before writing this review. The controls feel natural and easy to understand. The setup was painless. The performance has remained dependable during regular use. I would consider buying it again.,positive
I picked this product after looking at a few alternatives. The product has become unreliable during normal use. The experience has been more disappointing than satisfying.,negative
"After using the product for some time, I can comment on how it performs. The product works, although it does not stand out. The strengths and weaknesses are fairly balanced. It is a reasonable choice for basic requirements. Some parts are better than others.",neutral
I bought this product to see how well it would fit my everyday needs. I have not had any meaningful problems with it. The overall design feels practical. The product feels thoughtfully designed.,positive
I picked this product after looking at a few alternatives. Some parts work well while others are fairly average. The overall performance is acceptable for ordinary use.,neutral
"After using the product for some time, I can comment on how it performs. It gets the job done, but there is room for improvement. The limitations are manageable for normal use.",neutral
I bought this product to see how well it would fit my everyday needs. I have not had any meaningful problems with it. It does what I need without unnecessary complications. It has turned out to be a worthwhile purchase.,positive
I purchased this product mainly for its accessories features. The product has both strengths and weaknesses. There are a few areas where refinement would help. The overall performance is acceptable for ordinary use. I would describe the experience as average.,neutral
This product has been part of my regular routine for a while. The product has become unreliable during normal use. I would hesitate to recommend it.,negative
I bought this appliances recently and have used it regularly. The product feels thoughtfully designed. The setup was painless. The product handles its main tasks very well. It has turned out to be a worthwhile purchase.,positive
I have been testing this product under normal conditions. The product is neither particularly impressive nor disappointing. The product is adequate for straightforward use. It performs roughly as I expected. Some parts are better than others.,neutral
"I purchased this product mainly for its business features. The product has been a pleasant surprise. I barely needed any time to get used to it. Overall, I am satisfied with the purchase.",positive
I have been testing this product under normal conditions. I have encountered several problems that were difficult to ignore.,negative
This product has been part of my regular routine for a while. Everything has continued working as expected. I have not had any meaningful problems with it.,positive
"After using the product for some time, I can comment on how it performs. The setup was quick and straightforward. It has been dependable from the beginning. The product has been a pleasant surprise. It has turned out to be a worthwhile purchase.",positive
I purchased this product mainly for its footwear features. The setup was quick and straightforward. I have had no reason to complain about its reliability. I am happy with how it has performed.,positive
I have been using this accessories product for a few weeks. The product has both strengths and weaknesses. The differences are noticeable but not severe. The product is suitable if expectations remain reasonable.,neutral
I have used this product in several everyday situations. It performs reliably when I need it. I am happy with how it has performed.,positive
I have used this product in several everyday situations. The product is suitable if expectations remain reasonable. The limitations are manageable for normal use. The product is functional without being exceptional.,neutral
I have used this product in several everyday situations. I would describe the experience as acceptable rather than impressive. It is difficult to call the experience either excellent or poor. The experience has been fairly ordinary overall.,neutral
I gave this product a reasonable amount of use before writing this review. It performs reliably when I need it. It does what I need without unnecessary complications. The overall experience has been better than I anticipated.,positive
"I bought this self help recently and have used it regularly. The product is neither particularly impressive nor disappointing. It gets the job done, but there is room for improvement. It is a reasonable choice for basic requirements. Some parts are better than others.",neutral
"I bought this product to see how well it would fit my everyday needs. The product works, although it does not stand out. There are a few areas where refinement would help. There are useful aspects, but there are also some limitations. I would describe the experience as average.",neutral
I decided to try this TechPro product after comparing several options. I have not found anything particularly impressive about it. The result is reasonably predictable. The product is neither particularly impressive nor disappointing. I would describe the experience as average.,neutral
This product has been part of my regular routine for a while. I have had trouble depending on it for regular use. I would probably choose another option next time.,negative
"I bought this accessories recently and have used it regularly. It has been usable so far, although some details could be refined.",neutral
I bought this smart home recently and have used it regularly. I would describe the experience as acceptable rather than impressive. The differences are noticeable but not severe. I would describe the experience as average.,neutral
"After spending some time with this product, I have formed a fairly clear opinion. The product has both strengths and weaknesses. It is difficult to call the experience either excellent or poor. The product is functional without being exceptional.",neutral
I have used this product in several everyday situations. The product has been a pleasant surprise. It has been dependable from the beginning. I have not had any meaningful problems with it.,positive
I picked this product after looking at a few alternatives. The product handles its main tasks very well. It has handled regular use without difficulty. The product feels thoughtfully designed. I am happy with how it has performed.,positive
"I have used this product in several everyday situations. It gets the job done, but there is room for improvement. It depends somewhat on what you expect from the product. Overall, it is acceptable but not exceptional.",neutral
I gave this product a reasonable amount of use before writing this review. The product handles its main tasks very well. The controls feel natural and easy to understand. I would choose this again over several alternatives.,positive
"I picked this product after looking at a few alternatives. It has been usable so far, although some details could be refined. Some parts are better than others.",neutral
"I picked this product after looking at a few alternatives. The product feels thoughtfully designed. I have not had any meaningful problems with it. Overall, I am satisfied with the purchase.",positive
"I picked this product after looking at a few alternatives. The overall quality is reasonable for the price. The differences are noticeable but not severe. I have not found anything particularly impressive about it. Overall, it is acceptable but not exceptional.",neutral
I purchased this product mainly for its appliances features. The product is suitable if expectations remain reasonable. Some parts are better than others.,neutral
I purchased this product mainly for its self help features. The product handles its main tasks very well. I have had no reason to complain about its reliability. It has turned out to be a worthwhile purchase.,positive
I gave this product a reasonable amount of use before writing this review. The setup was quick and straightforward. I have had no reason to complain about its reliability. The product has remained reliable even after repeated use.,positive
"After spending some time with this product, I have formed a fairly clear opinion. The product has both strengths and weaknesses. The product is adequate for straightforward use. Overall, it is acceptable but not exceptional.",neutral
I have been testing this product under normal conditions. It handles the basic job adequately. The strengths and weaknesses are fairly balanced. The product is neither particularly impressive nor disappointing.,neutral
"I have been testing this product under normal conditions. It has been usable so far, although some details could be refined. It is fine as long as expectations are realistic.",neutral
I bought this technology recently and have used it regularly. The product has remained reliable even after repeated use. It has handled regular use without difficulty. Its main features have worked smoothly. I would be comfortable recommending it.,positive
I bought this product to see how well it would fit my everyday needs. There are several issues that make the product difficult to recommend. I expected something more dependable. The actual performance falls short of its apparent potential.,negative
I purchased this product mainly for its kitchen features. It has worked consistently without unexpected problems.,positive
"After spending some time with this product, I have formed a fairly clear opinion. I would describe the experience as acceptable rather than impressive. There are a few areas where refinement would help. It gets the job done, but there is room for improvement.",neutral
"I have been testing this product under normal conditions. The overall experience has been better than I anticipated. It does what I need without unnecessary complications. I have found it easy and comfortable to use. Overall, I am satisfied with the purchase.",positive
"I have been testing this product under normal conditions. Nothing is seriously wrong, but I would not call it outstanding. It depends somewhat on what you expect from the product.",neutral
I picked this product after looking at a few alternatives. I have not had any meaningful problems with it. I would consider buying it again.,positive
"I picked this product after looking at a few alternatives. Nothing is seriously wrong, but I would not call it outstanding. It is difficult to call the experience either excellent or poor. The product is suitable if expectations remain reasonable. There is still some room for improvement.",neutral
I bought this accessories recently and have used it regularly. The product feels well made.,positive
"I have used this product in several everyday situations. The product works, although it does not stand out. The strengths and weaknesses are fairly balanced.",neutral
I picked this product after looking at a few alternatives. It handles the basic job adequately. The differences are noticeable but not severe.,neutral
I have been testing this product under normal conditions. The experience has been fairly ordinary overall. The strengths and weaknesses are fairly balanced. Some parts work well while others are fairly average. I would consider other options before making another purchase.,neutral
I decided to try this PageTurner product after comparing several options. It handles the basic job adequately. It is difficult to call the experience either excellent or poor. The product has both strengths and weaknesses.,neutral
I gave this product a reasonable amount of use before writing this review. The product has both strengths and weaknesses. The limitations are manageable for normal use. The product is functional without being exceptional. I would consider other options before making another purchase.,neutral
I bought this product to see how well it would fit my everyday needs. There are several issues that make the product difficult to recommend. The product does not inspire much confidence.,negative
I gave this product a reasonable amount of use before writing this review. The performance has remained dependable during regular use. The controls feel natural and easy to understand.,positive
"I picked this product after looking at a few alternatives. It has been usable so far, although some details could be refined.",neutral
I have been testing this product under normal conditions. I would describe the experience as acceptable rather than impressive. The differences are noticeable but not severe. It is a reasonable choice for basic requirements.,neutral
I have used this product in several everyday situations. The setup was quick and straightforward. There are still a few minor details that could be improved.,positive
I picked this product after looking at a few alternatives. I would describe the experience as acceptable rather than impressive. The differences are noticeable but not severe.,neutral
I have used this product in several everyday situations. The experience has been more disappointing than satisfying.,negative
I have been using this business product for a few weeks. I can depend on it for regular use. It has been dependable from the beginning.,positive
I gave this product a reasonable amount of use before writing this review. Everything has continued working as expected.,positive
I purchased this product mainly for its footwear features. The product is suitable if expectations remain reasonable. I would consider other options before making another purchase.,neutral
This product has been part of my regular routine for a while. Several aspects of the experience could be substantially better. I would prefer a more reliable alternative. Some components already show signs of wear. There is considerable room for improvement.,negative
I have been testing this product under normal conditions. The product has remained reliable even after repeated use.,positive
"After using the product for some time, I can comment on how it performs. The experience has been fairly ordinary overall.",neutral
I have been using this appliances product for a few weeks. I would hesitate to rely on this product for important tasks. The issues are especially noticeable during longer sessions.,negative
"After using the product for some time, I can comment on how it performs. I have found it easy and comfortable to use. The setup was painless. I am happy with how it has performed.",positive
I bought this product to see how well it would fit my everyday needs. The overall performance is acceptable for ordinary use. There are a few areas where refinement would help. I would describe the experience as acceptable rather than impressive. It is fine as long as expectations are realistic.,neutral
This product has been part of my regular routine for a while. The product has been a pleasant surprise. The overall design feels practical. I would be comfortable recommending it.,positive
"After spending some time with this product, I have formed a fairly clear opinion. I have not had any meaningful problems with it. The overall design feels practical. I would be comfortable recommending it.",positive
"I have been testing this product under normal conditions. I have not found anything particularly impressive about it. The result is reasonably predictable. Nothing is seriously wrong, but I would not call it outstanding. I would consider other options before making another purchase.",neutral
I bought this product to see how well it would fit my everyday needs. It has made my routine noticeably easier. The setup was painless. The controls feel natural and easy to understand.,positive
I decided to try this Casa product after comparing several options. The controls feel natural and easy to understand. There are still a few minor details that could be improved.,positive
I gave this product a reasonable amount of use before writing this review. The product has remained reliable even after repeated use. The day-to-day experience has been smooth.,positive
I picked this product after looking at a few alternatives. The experience has been more disappointing than satisfying. The setup was more difficult than it needed to be.,negative
"After using the product for some time, I can comment on how it performs. Nothing is seriously wrong, but I would not call it outstanding. The product is suitable if expectations remain reasonable. I would consider other options before making another purchase.",neutral
I decided to try this Peak product after comparing several options. The product is functional without being exceptional. The differences are noticeable but not severe. I would describe the experience as acceptable rather than impressive. I would consider other options before making another purchase.,neutral
I bought this product to see how well it would fit my everyday needs. The product has not been as dependable as I needed. The setup was more difficult than it needed to be. I have had trouble depending on it for regular use. I would hesitate to recommend it. One or two aspects of the product are still useful.,negative
I purchased this product mainly for its beverages features. The product handles its main tasks very well. I barely needed any time to get used to it. I am happy with how it has performed.,positive
"I purchased this product mainly for its console features. The overall experience has been better than I anticipated. It does what I need without unnecessary complications. I can depend on it for regular use. Overall, I am satisfied with the purchase.",positive
This product has been part of my regular routine for a while. The quality is better than I expected. The product has been a pleasant surprise.,positive
I decided to try this Casa product after comparing several options. Some parts work well while others are fairly average. It is difficult to call the experience either excellent or poor.,neutral
"I have been using this controller product for a few weeks. It gets the job done, but there is room for improvement. The differences are noticeable but not severe. I would consider other options before making another purchase.",neutral
"After spending some time with this product, I have formed a fairly clear opinion. It gets the job done, but there is room for improvement. The product is adequate for straightforward use. Overall, it is acceptable but not exceptional. Some parts are better than others.",neutral
This product has been part of my regular routine for a while. There are several issues that make the product difficult to recommend. I expected something more dependable.,negative
I gave this product a reasonable amount of use before writing this review. It has made my routine noticeably easier. It has made my routine noticeably easier. I am happy with how it has performed.,positive
I picked this product after looking at a few alternatives. The overall experience has been better than I anticipated. It has turned out to be a worthwhile purchase.,positive
I have used this product in several everyday situations. The setup was quick and straightforward. The setup was painless.,positive
"I have used this product in several everyday situations. It has been usable so far, although some details could be refined.",neutral
I bought this product to see how well it would fit my everyday needs. I would describe the experience as acceptable rather than impressive. The product is adequate for straightforward use.,neutral
"I decided to try this ActiveX product after comparing several options. Nothing is seriously wrong, but I would not call it outstanding. The strengths and weaknesses are fairly balanced. The product is functional without being exceptional.",neutral
This product has been part of my regular routine for a while. The quality is better than I expected. The overall design feels practical.,positive
This product has been part of my regular routine for a while. It has made my routine noticeably easier. The day-to-day experience has been smooth. I would consider buying it again.,positive
"After spending some time with this product, I have formed a fairly clear opinion. It has worked consistently without unexpected problems. It has been dependable from the beginning. The product feels well made. It has turned out to be a worthwhile purchase.",positive
"I picked this product after looking at a few alternatives. The performance has remained dependable during regular use. It has handled regular use without difficulty. I have not had any meaningful problems with it. Overall, I am satisfied with the purchase. There are still a few minor details that could be improved.",positive
I bought this product to see how well it would fit my everyday needs. The product has both strengths and weaknesses. I would consider other options before making another purchase.,neutral
"This product has been part of my regular routine for a while. The product is neither particularly impressive nor disappointing. The product works, although it does not stand out. I would consider other options before making another purchase.",neutral
I decided to try this GoodFood product after comparing several options. The product has remained reliable even after repeated use. I have had no reason to complain about its reliability.,positive
I have been testing this product under normal conditions. The product has remained reliable even after repeated use. I barely needed any time to get used to it. The product handles its main tasks very well. I would choose this again over several alternatives.,positive
"This product has been part of my regular routine for a while. The product is suitable if expectations remain reasonable. The limitations are manageable for normal use. It has been usable so far, although some details could be refined. It is a reasonable choice for basic requirements.",neutral
I bought this console recently and have used it regularly. The product feels well made. I would consider buying it again.,positive
"I purchased this product mainly for its sportswear features. I can depend on it for regular use. Overall, I am satisfied with the purchase.",positive
"After spending some time with this product, I have formed a fairly clear opinion. The product works, although it does not stand out. I have not found anything particularly impressive about it. Overall, it is acceptable but not exceptional.",neutral
I have been testing this product under normal conditions. The product handles its main tasks very well. The overall design feels practical. The product has been a pleasant surprise. I would consider buying it again. There are still a few minor details that could be improved.,positive
I gave this product a reasonable amount of use before writing this review. I have not had any meaningful problems with it.,positive
"I bought this product to see how well it would fit my everyday needs. The performance has remained dependable during regular use. The day-to-day experience has been smooth. Everything has continued working as expected. Overall, I am satisfied with the purchase.",positive
I have been using this beverages product for a few weeks. The performance becomes inconsistent over longer periods. I expected something more dependable. I would hesitate to recommend it.,negative
I have been testing this product under normal conditions. The setup was quick and straightforward. The day-to-day experience has been smooth. I would choose this again over several alternatives.,positive
I bought this product to see how well it would fit my everyday needs. I have had trouble depending on it for regular use. I would prefer a more reliable alternative. There are several issues that make the product difficult to recommend. One or two aspects of the product are still useful.,negative
I purchased this product mainly for its packaged food features. I have had trouble depending on it for regular use. The performance becomes inconsistent over longer periods. I would look at alternatives before buying it again. One or two aspects of the product are still useful.,negative
"After spending some time with this product, I have formed a fairly clear opinion. It meets the basic requirements without offering much beyond them. The result is reasonably predictable. Nothing is seriously wrong, but I would not call it outstanding.",neutral
I picked this product after looking at a few alternatives. Its main features have worked smoothly. It has handled regular use without difficulty.,positive
This product has been part of my regular routine for a while. It performs reliably when I need it. I barely needed any time to get used to it. I have found it easy and comfortable to use. There are still a few minor details that could be improved.,positive
I decided to try this Casa product after comparing several options. It has worked consistently without unexpected problems. The setup was painless. The product handles its main tasks very well.,positive
"I have been testing this product under normal conditions. The product has remained reliable even after repeated use. Overall, I am satisfied with the purchase.",positive
"I decided to try this NatureTouch product after comparing several options. The product is neither particularly impressive nor disappointing. The result is reasonably predictable. Nothing is seriously wrong, but I would not call it outstanding.",neutral
"This product has been part of my regular routine for a while. The experience has been fairly ordinary overall. There are a few areas where refinement would help. The product works, although it does not stand out. I would consider other options before making another purchase.",neutral
This product has been part of my regular routine for a while. The product handles its main tasks very well. I have had no reason to complain about its reliability. I would be comfortable recommending it.,positive
I have been using this mobile product for a few weeks. Everything has continued working as expected. It has handled regular use without difficulty. I would choose this again over several alternatives.,positive
I purchased this product mainly for its outdoor features. The setup was quick and straightforward. I have had no reason to complain about its reliability. Everything has continued working as expected.,positive
I have been using this self help product for a few weeks. The overall experience has been better than I anticipated. The day-to-day experience has been smooth. There are still a few minor details that could be improved.,positive
"After spending some time with this product, I have formed a fairly clear opinion. Several aspects of the experience could be substantially better. The setup was more difficult than it needed to be. There is considerable room for improvement.",negative
"After using the product for some time, I can comment on how it performs. The experience has been fairly ordinary overall. The differences are noticeable but not severe.",neutral
I picked this product after looking at a few alternatives. The product has both strengths and weaknesses. The product is adequate for straightforward use.,neutral
I purchased this product mainly for its running features. It handles the basic job adequately. The strengths and weaknesses are fairly balanced. I have not found anything particularly impressive about it. There is still some room for improvement.,neutral
I picked this product after looking at a few alternatives. Everything has continued working as expected. I would consider buying it again.,positive
"I have been using this smart home product for a few weeks. It gets the job done, but there is room for improvement. The product is adequate for straightforward use. It is a reasonable choice for basic requirements. Some parts are better than others.",neutral
I bought this product to see how well it would fit my everyday needs. The product has both strengths and weaknesses.,neutral
"After using the product for some time, I can comment on how it performs. The experience has been fairly ordinary overall. It performs roughly as I expected. There is still some room for improvement. Some parts are better than others.",neutral
I decided to try this Aura product after comparing several options. Its main features have worked smoothly. I barely needed any time to get used to it.,positive
I have used this product in several everyday situations. I have not found anything particularly impressive about it. It depends somewhat on what you expect from the product. I would describe the experience as average.,neutral
"I gave this product a reasonable amount of use before writing this review. Some parts work well while others are fairly average. There are a few areas where refinement would help. Overall, it is acceptable but not exceptional. Some parts are better than others.",neutral
I picked this product after looking at a few alternatives. I would describe the experience as acceptable rather than impressive. The strengths and weaknesses are fairly balanced. Some parts work well while others are fairly average. I would describe the experience as average. Some parts are better than others.,neutral
"After spending some time with this product, I have formed a fairly clear opinion. The controls feel natural and easy to understand. I have had no reason to complain about its reliability. It has made my routine noticeably easier. There are still a few minor details that could be improved.",positive
"I gave this product a reasonable amount of use before writing this review. It gets the job done, but there is room for improvement. There are useful aspects, but there are also some limitations. It is fine as long as expectations are realistic. Some parts are better than others.",neutral
I have been testing this product under normal conditions. The experience has been fairly ordinary overall. I would describe the experience as average.,neutral
"This product has been part of my regular routine for a while. It has made my routine noticeably easier. The day-to-day experience has been smooth. Overall, I am satisfied with the purchase.",positive
I bought this product to see how well it would fit my everyday needs. The experience has been fairly ordinary overall. The differences are noticeable but not severe. It is fine as long as expectations are realistic.,neutral
This product has been part of my regular routine for a while. I can depend on it for regular use. I barely needed any time to get used to it. The quality is better than I expected. I would choose this again over several alternatives.,positive
I have been testing this product under normal conditions. Everything has continued working as expected. It has been dependable from the beginning. Everything has continued working as expected. There are still a few minor details that could be improved.,positive
"After using the product for some time, I can comment on how it performs. The actual performance falls short of its apparent potential. The setup was more difficult than it needed to be. Some components already show signs of wear. I would hesitate to recommend it.",negative
"I bought this packaged food recently and have used it regularly. It gets the job done, but there is room for improvement. The product works, although it does not stand out. It is fine as long as expectations are realistic.",neutral
I have been testing this product under normal conditions. It performs roughly as I expected. The strengths and weaknesses are fairly balanced. It is fine as long as expectations are realistic.,neutral
"After using the product for some time, I can comment on how it performs. The performance has remained dependable during regular use. It has been dependable from the beginning. I would choose this again over several alternatives.",positive
I picked this product after looking at a few alternatives. I have found it easy and comfortable to use. It does what I need without unnecessary complications. The product feels thoughtfully designed. There are still a few minor details that could be improved.,positive
I have been using this sportswear product for a few weeks. The controls feel natural and easy to understand. I have had no reason to complain about its reliability.,positive
I have been testing this product under normal conditions. I have found it easy and comfortable to use. I would choose this again over several alternatives.,positive
I have been using this packaged food product for a few weeks. The product feels well made. I would be comfortable recommending it.,positive
I picked this product after looking at a few alternatives. Its main features have worked smoothly. The day-to-day experience has been smooth. There are still a few minor details that could be improved.,positive
I gave this product a reasonable amount of use before writing this review. It performs reliably when I need it. The overall design feels practical. I can depend on it for regular use. There are still a few minor details that could be improved.,positive
I decided to try this PageTurner product after comparing several options. The product feels well made. The day-to-day experience has been smooth. It has made my routine noticeably easier.,positive
I have used this product in several everyday situations. The quality does not match what I expected for the price. I expected better overall reliability.,negative
I have been testing this product under normal conditions. The quality is better than I expected. It has been dependable from the beginning. There are still a few minor details that could be improved.,positive
I have used this product in several everyday situations. I would describe the experience as acceptable rather than impressive. Some parts are better than others.,neutral
I have been using this accessories product for a few weeks. It handles the basic job adequately. The limitations are manageable for normal use. The overall performance is acceptable for ordinary use. It is fine as long as expectations are realistic.,neutral
I decided to try this Casa product after comparing several options. It has made my routine noticeably easier. It has been dependable from the beginning. I have found it easy and comfortable to use. I would consider buying it again.,positive
"I have been using this console product for a few weeks. The product feels well made. It does what I need without unnecessary complications. I can depend on it for regular use. Overall, I am satisfied with the purchase.",positive
I have been testing this product under normal conditions. It meets the basic requirements without offering much beyond them. There are a few areas where refinement would help. It is a reasonable choice for basic requirements.,neutral
I have used this product in several everyday situations. I have experienced problems that should not occur during ordinary use. The product started showing problems after repeated use. There is considerable room for improvement. One or two aspects of the product are still useful.,negative
I decided to try this NatureBest product after comparing several options. The product has both strengths and weaknesses. It depends somewhat on what you expect from the product. I would consider other options before making another purchase.,neutral
"This product has been part of my regular routine for a while. It gets the job done, but there is room for improvement. The result is reasonably predictable. The product works, although it does not stand out. Some parts are better than others.",neutral
I have used this product in several everyday situations. It has made my routine noticeably easier. I have found it easy and comfortable to use. I would be comfortable recommending it.,positive
I have been using this fragrance product for a few weeks. The product has both strengths and weaknesses.,neutral
I gave this product a reasonable amount of use before writing this review. Several aspects of the experience could be substantially better. I have had to work around several shortcomings. Several aspects of the experience could be substantially better.,negative
I purchased this product mainly for its laptop features. I would describe the experience as acceptable rather than impressive. It depends somewhat on what you expect from the product. It is a reasonable choice for basic requirements.,neutral
This product has been part of my regular routine for a while. The overall quality is reasonable for the price. It is difficult to call the experience either excellent or poor. It is a reasonable choice for basic requirements.,neutral
I picked this product after looking at a few alternatives. It performs reliably when I need it. It has handled regular use without difficulty.,positive
I gave this product a reasonable amount of use before writing this review. I have found it easy and comfortable to use. The setup was painless. The product feels thoughtfully designed. I would be comfortable recommending it.,positive
This product has been part of my regular routine for a while. The product is suitable if expectations remain reasonable. There are a few areas where refinement would help.,neutral
"After using the product for some time, I can comment on how it performs. The product feels thoughtfully designed. It does what I need without unnecessary complications. I would be comfortable recommending it.",positive
I have been testing this product under normal conditions. Everything has continued working as expected. It does what I need without unnecessary complications.,positive
"I have been using this furniture product for a few weeks. I would describe the experience as acceptable rather than impressive. The differences are noticeable but not severe. Overall, it is acceptable but not exceptional.",neutral
"After using the product for some time, I can comment on how it performs. Some important functions have not worked properly. The product has become unreliable during normal use. I would probably choose another option next time. One or two aspects of the product are still useful.",negative
"After spending some time with this product, I have formed a fairly clear opinion. I would describe the experience as acceptable rather than impressive. The result is reasonably predictable. The overall quality is reasonable for the price. Some parts are better than others.",neutral
"I bought this kitchen recently and have used it regularly. Nothing is seriously wrong, but I would not call it outstanding. It is difficult to call the experience either excellent or poor.",neutral
This product has been part of my regular routine for a while. The overall performance is acceptable for ordinary use. The product is adequate for straightforward use.,neutral
"I picked this product after looking at a few alternatives. It has been usable so far, although some details could be refined. The limitations are manageable for normal use. I would consider other options before making another purchase. Some parts are better than others.",neutral
"After using the product for some time, I can comment on how it performs. The product works, although it does not stand out. The product is adequate for straightforward use. I would describe the experience as average.",neutral
I picked this product after looking at a few alternatives. The product has failed to perform consistently. The issues are especially noticeable during longer sessions. I would probably choose another option next time.,negative
"I bought this product to see how well it would fit my everyday needs. The product is functional without being exceptional. The limitations are manageable for normal use. Overall, it is acceptable but not exceptional.",neutral
"After using the product for some time, I can comment on how it performs. It meets the basic requirements without offering much beyond them. Some parts work well while others are fairly average. Some parts are better than others.",neutral
I have been using this technology product for a few weeks. The overall performance is acceptable for ordinary use. The product is adequate for straightforward use. It is fine as long as expectations are realistic. Some parts are better than others.,neutral
I have been testing this product under normal conditions. I would hesitate to rely on this product for important tasks. The product has failed to perform consistently. There is considerable room for improvement.,negative
"After using the product for some time, I can comment on how it performs. I have not found anything particularly impressive about it. The product is adequate for straightforward use. It handles the basic job adequately.",neutral
"I gave this product a reasonable amount of use before writing this review. It has been usable so far, although some details could be refined. It gets the job done, but there is room for improvement. It is a reasonable choice for basic requirements.",neutral
I have been testing this product under normal conditions. It has made my routine noticeably easier. The setup was painless. There are still a few minor details that could be improved.,positive
I purchased this product mainly for its self help features. It meets the basic requirements without offering much beyond them. It depends somewhat on what you expect from the product. It is a reasonable choice for basic requirements. Some parts are better than others.,neutral
"I have been using this packaged food product for a few weeks. Nothing is seriously wrong, but I would not call it outstanding. It depends somewhat on what you expect from the product. I would describe the experience as acceptable rather than impressive. It is fine as long as expectations are realistic.",neutral
"After using the product for some time, I can comment on how it performs. The product is functional without being exceptional. There are a few areas where refinement would help. I have not found anything particularly impressive about it. I would describe the experience as average.",neutral
I have used this product in several everyday situations. The product feels well made. I barely needed any time to get used to it. The setup was quick and straightforward.,positive
I bought this product to see how well it would fit my everyday needs. The performance has remained dependable during regular use. I am happy with how it has performed.,positive
I have used this product in several everyday situations. Its main features have worked smoothly. I have had no reason to complain about its reliability. It has worked consistently without unexpected problems.,positive
"After spending some time with this product, I have formed a fairly clear opinion. The performance has remained dependable during regular use. The setup was painless. The product handles its main tasks very well.",positive
"After using the product for some time, I can comment on how it performs. It performs reliably when I need it. I have had no reason to complain about its reliability. The product has been a pleasant surprise.",positive
I decided to try this BookHouse product after comparing several options. The product handles its main tasks very well. It does what I need without unnecessary complications. I have not had any meaningful problems with it. It has turned out to be a worthwhile purchase.,positive
I have been testing this product under normal conditions. Everything has continued working as expected. The overall design feels practical.,positive
I decided to try this GameTech product after comparing several options. Some important functions have not worked properly. Several aspects of the experience could be substantially better.,negative
I picked this product after looking at a few alternatives. I would describe the experience as acceptable rather than impressive. The result is reasonably predictable. I would consider other options before making another purchase.,neutral
I bought this audio recently and have used it regularly. The performance has remained dependable during regular use.,positive
I bought this product to see how well it would fit my everyday needs. The product handles its main tasks very well. The setup was painless.,positive
I have been testing this product under normal conditions. The performance has remained dependable during regular use. It does what I need without unnecessary complications. It has turned out to be a worthwhile purchase.,positive
"I have been using this science product for a few weeks. Nothing is seriously wrong, but I would not call it outstanding. The product is adequate for straightforward use. I would consider other options before making another purchase.",neutral
I have been testing this product under normal conditions. I would describe the experience as acceptable rather than impressive. It is difficult to call the experience either excellent or poor. I would consider other options before making another purchase.,neutral
I have been using this science product for a few weeks. It handles the basic job adequately. The product is adequate for straightforward use. I would consider other options before making another purchase.,neutral
I have been testing this product under normal conditions. Its main features have worked smoothly. It has handled regular use without difficulty. There are still a few minor details that could be improved.,positive
I have been using this controller product for a few weeks. It performs roughly as I expected. There are a few areas where refinement would help. It meets the basic requirements without offering much beyond them.,neutral
I decided to try this Aura product after comparing several options. The product has failed to perform consistently. I expected something more dependable.,negative
I have used this product in several everyday situations. The quality is better than I expected. The quality is better than I expected. There are still a few minor details that could be improved.,positive
"I have used this product in several everyday situations. There are useful aspects, but there are also some limitations. The differences are noticeable but not severe. The product has both strengths and weaknesses.",neutral
I picked this product after looking at a few alternatives. The product is suitable if expectations remain reasonable. It is difficult to call the experience either excellent or poor. It is a reasonable choice for basic requirements.,neutral
I picked this product after looking at a few alternatives. Everything has continued working as expected. It does what I need without unnecessary complications. The overall experience has been better than I anticipated. I would be comfortable recommending it.,positive
"After spending some time with this product, I have formed a fairly clear opinion. The quality is better than I expected. The overall design feels practical.",positive
"I have been using this personal care product for a few weeks. It gets the job done, but there is room for improvement. The product is adequate for straightforward use.",neutral
I picked this product after looking at a few alternatives. The quality is better than I expected. The setup was painless. I would be comfortable recommending it. There are still a few minor details that could be improved.,positive
"After using the product for some time, I can comment on how it performs. There are useful aspects, but there are also some limitations. Overall, it is acceptable but not exceptional.",neutral
I have been using this storage product for a few weeks. The setup was quick and straightforward. I barely needed any time to get used to it. I am happy with how it has performed.,positive
I have been using this footwear product for a few weeks. The overall quality is reasonable for the price.,neutral
I have been using this packaged food product for a few weeks. The product feels thoughtfully designed. The overall experience has been better than I anticipated. There are still a few minor details that could be improved.,positive
"After using the product for some time, I can comment on how it performs. The product is suitable if expectations remain reasonable. The result is reasonably predictable. It is fine as long as expectations are realistic. Some parts are better than others.",neutral
"I decided to try this NatureBest product after comparing several options. I would describe the experience as acceptable rather than impressive. Overall, it is acceptable but not exceptional.",neutral
I bought this product to see how well it would fit my everyday needs. It performs reliably when I need it. It has handled regular use without difficulty. I would consider buying it again.,positive
"After using the product for some time, I can comment on how it performs. It has been usable so far, although some details could be refined. The limitations are manageable for normal use. It performs roughly as I expected.",neutral
I have used this product in several everyday situations. The controls feel natural and easy to understand. I barely needed any time to get used to it. It has worked consistently without unexpected problems.,positive
"I have used this product in several everyday situations. Nothing is seriously wrong, but I would not call it outstanding. There are a few areas where refinement would help.",neutral
I decided to try this Harvest product after comparing several options. The experience has been fairly ordinary overall. The differences are noticeable but not severe. I have not found anything particularly impressive about it. I would consider other options before making another purchase.,neutral
I gave this product a reasonable amount of use before writing this review. The product has been a pleasant surprise. The overall design feels practical. The quality is better than I expected. There are still a few minor details that could be improved.,positive
I purchased this product mainly for its smart home features. The controls feel natural and easy to understand. It performs reliably when I need it. I would be comfortable recommending it.,positive
I picked this product after looking at a few alternatives. The overall performance is acceptable for ordinary use. The limitations are manageable for normal use. There is still some room for improvement.,neutral
"I decided to try this DailyHome product after comparing several options. The product works, although it does not stand out. The product is adequate for straightforward use. Some parts work well while others are fairly average.",neutral
I picked this product after looking at a few alternatives. It has made my routine noticeably easier. It does what I need without unnecessary complications. The overall experience has been better than I anticipated.,positive
I have been testing this product under normal conditions. It performs roughly as I expected. The limitations are manageable for normal use.,neutral
I have been using this men product for a few weeks. The overall experience has been better than I anticipated. It has been dependable from the beginning. It has worked consistently without unexpected problems. It has turned out to be a worthwhile purchase. There are still a few minor details that could be improved.,positive
I have been using this accessories product for a few weeks. The overall experience has been better than I anticipated. The overall design feels practical. I am happy with how it has performed. There are still a few minor details that could be improved.,positive
I bought this product to see how well it would fit my everyday needs. The overall quality is reasonable for the price. The product is adequate for straightforward use.,neutral
"After spending some time with this product, I have formed a fairly clear opinion. The controls feel natural and easy to understand. The setup was painless. The product has been a pleasant surprise. There are still a few minor details that could be improved.",positive
I bought this audio recently and have used it regularly. The product handles its main tasks very well. I barely needed any time to get used to it.,positive
I have used this product in several everyday situations. Everything has continued working as expected. It does what I need without unnecessary complications. The product handles its main tasks very well. There are still a few minor details that could be improved.,positive
I purchased this product mainly for its haircare features. I have found it easy and comfortable to use. There are still a few minor details that could be improved.,positive
"I bought this storage recently and have used it regularly. It has been usable so far, although some details could be refined.",neutral
"After using the product for some time, I can comment on how it performs. The product has caused more frustration than I expected. I would prefer a more reliable alternative. The actual performance falls short of its apparent potential. There is considerable room for improvement.",negative
"I picked this product after looking at a few alternatives. The overall experience has been better than I anticipated. I barely needed any time to get used to it. Overall, I am satisfied with the purchase.",positive
"I have been using this controller product for a few weeks. It has been usable so far, although some details could be refined. It depends somewhat on what you expect from the product.",neutral
I decided to try this NovaTech product after comparing several options. The product has remained reliable even after repeated use. I barely needed any time to get used to it. There are still a few minor details that could be improved.,positive
"I gave this product a reasonable amount of use before writing this review. The controls feel natural and easy to understand. The overall design feels practical. Overall, I am satisfied with the purchase.",positive
I purchased this product mainly for its packaged food features. The overall quality is reasonable for the price. The product is suitable if expectations remain reasonable. I would consider other options before making another purchase.,neutral
I decided to try this GoodFood product after comparing several options. The product is functional without being exceptional. The strengths and weaknesses are fairly balanced. It is fine as long as expectations are realistic.,neutral
I picked this product after looking at a few alternatives. The product feels well made. The day-to-day experience has been smooth. The product feels well made. I am happy with how it has performed.,positive
I decided to try this DailyHome product after comparing several options. Everything has continued working as expected. It has made my routine noticeably easier. I would be comfortable recommending it.,positive
"I bought this yoga recently and have used it regularly. The experience has been fairly ordinary overall. The differences are noticeable but not severe. I would describe the experience as acceptable rather than impressive. Overall, it is acceptable but not exceptional. Some parts are better than others.",neutral
"I decided to try this GameZone product after comparing several options. Nothing is seriously wrong, but I would not call it outstanding. The product is adequate for straightforward use.",neutral
I have been using this beverages product for a few weeks. The performance has remained dependable during regular use. It has handled regular use without difficulty. I would choose this again over several alternatives.,positive
I have been testing this product under normal conditions. It has worked consistently without unexpected problems.,positive
I gave this product a reasonable amount of use before writing this review. It performs roughly as I expected. The product is adequate for straightforward use.,neutral
I decided to try this NovaTech product after comparing several options. The product has been a pleasant surprise. It has been dependable from the beginning.,positive
I purchased this product mainly for its fragrance features. The product is suitable if expectations remain reasonable.,neutral
I bought this product to see how well it would fit my everyday needs. The product has both strengths and weaknesses. The product is adequate for straightforward use. It handles the basic job adequately.,neutral
"I bought this product to see how well it would fit my everyday needs. I have not had any meaningful problems with it. I have had no reason to complain about its reliability. I have not had any meaningful problems with it. Overall, I am satisfied with the purchase.",positive
I have used this product in several everyday situations. Several aspects of the experience could be substantially better. I would prefer a more reliable alternative. I have had trouble depending on it for regular use. I would hesitate to recommend it.,negative
"I decided to try this KitchenPro product after comparing several options. There are useful aspects, but there are also some limitations. The strengths and weaknesses are fairly balanced. I would consider other options before making another purchase.",neutral
I bought this product to see how well it would fit my everyday needs. I have not had any meaningful problems with it. The day-to-day experience has been smooth. There are still a few minor details that could be improved.,positive
"I have been testing this product under normal conditions. There are useful aspects, but there are also some limitations. The overall quality is reasonable for the price. I would consider other options before making another purchase.",neutral
"I have been testing this product under normal conditions. It performs reliably when I need it. It has made my routine noticeably easier. Overall, I am satisfied with the purchase.",positive
I decided to try this NovaTech product after comparing several options. The product has both strengths and weaknesses. It is difficult to call the experience either excellent or poor. The experience has been fairly ordinary overall. I would consider other options before making another purchase.,neutral
"After using the product for some time, I can comment on how it performs. The overall experience has been better than I anticipated. I have had no reason to complain about its reliability. I have found it easy and comfortable to use. It has turned out to be a worthwhile purchase.",positive
I purchased this product mainly for its technology features. The overall experience has been better than I anticipated. It does what I need without unnecessary complications. I would consider buying it again.,positive
"I decided to try this PlayMax product after comparing several options. The overall performance is acceptable for ordinary use. The result is reasonably predictable. It gets the job done, but there is room for improvement. There is still some room for improvement.",neutral
I purchased this product mainly for its mobile features. The quality is better than I expected. I have not had any meaningful problems with it. I would choose this again over several alternatives. There are still a few minor details that could be improved.,positive
I gave this product a reasonable amount of use before writing this review. The product is functional without being exceptional. The product is functional without being exceptional. Some parts are better than others.,neutral
I decided to try this UrbanStyle product after comparing several options. The experience has been fairly ordinary overall. The product is adequate for straightforward use. The overall quality is reasonable for the price.,neutral
I have been testing this product under normal conditions. I have experienced problems that should not occur during ordinary use. I have had to work around several shortcomings. Some important functions have not worked properly.,negative
I have used this product in several everyday situations. The product is neither particularly impressive nor disappointing. There are a few areas where refinement would help. There is still some room for improvement.,neutral
I purchased this product mainly for its snacks features. The overall experience has been better than I anticipated. I would be comfortable recommending it.,positive
"I picked this product after looking at a few alternatives. There are useful aspects, but there are also some limitations. The result is reasonably predictable.",neutral
"After using the product for some time, I can comment on how it performs. The quality is better than I expected. It has handled regular use without difficulty. The product has been a pleasant surprise.",positive
"I bought this controller recently and have used it regularly. It handles the basic job adequately. The differences are noticeable but not severe. Overall, it is acceptable but not exceptional.",neutral
I bought this product to see how well it would fit my everyday needs. I can depend on it for regular use. It has been dependable from the beginning.,positive
"After spending some time with this product, I have formed a fairly clear opinion. I have experienced problems that should not occur during ordinary use. I would prefer a more reliable alternative. I have had trouble depending on it for regular use. I expected better overall reliability.",negative
I decided to try this PaperTrail product after comparing several options. I have not found anything particularly impressive about it. The strengths and weaknesses are fairly balanced. I would describe the experience as average.,neutral
I gave this product a reasonable amount of use before writing this review. I would hesitate to rely on this product for important tasks. The setup was more difficult than it needed to be. I would hesitate to rely on this product for important tasks. I expected better overall reliability.,negative
This product has been part of my regular routine for a while. It has made my routine noticeably easier. The setup was painless. The product has remained reliable even after repeated use. There are still a few minor details that could be improved.,positive
I have used this product in several everyday situations. The overall experience has been better than I anticipated. I have not had any meaningful problems with it. It has turned out to be a worthwhile purchase.,positive
"After spending some time with this product, I have formed a fairly clear opinion. The materials do not feel particularly durable. The setup was more difficult than it needed to be. The materials do not feel particularly durable. There is considerable room for improvement.",negative
I gave this product a reasonable amount of use before writing this review. It handles the basic job adequately. The result is reasonably predictable. It is a reasonable choice for basic requirements.,neutral
I purchased this product mainly for its cricket features. It performs roughly as I expected. It is difficult to call the experience either excellent or poor. It is fine as long as expectations are realistic.,neutral
I purchased this product mainly for its smart home features. The product is suitable if expectations remain reasonable. The strengths and weaknesses are fairly balanced. Some parts are better than others.,neutral
"After using the product for some time, I can comment on how it performs. It has made my routine noticeably easier. The quality is better than I expected. I am happy with how it has performed.",positive
I bought this packaged food recently and have used it regularly. The overall experience has been better than I anticipated. It does what I need without unnecessary complications.,positive
"I bought this product to see how well it would fit my everyday needs. The overall performance is acceptable for ordinary use. The strengths and weaknesses are fairly balanced. It gets the job done, but there is room for improvement. Overall, it is acceptable but not exceptional.",neutral
"After using the product for some time, I can comment on how it performs. I would describe the experience as acceptable rather than impressive. The limitations are manageable for normal use. The overall performance is acceptable for ordinary use. Overall, it is acceptable but not exceptional.",neutral
I have been testing this product under normal conditions. Its main features have worked smoothly. It has been dependable from the beginning.,positive
"I have used this product in several everyday situations. I would describe the experience as acceptable rather than impressive. The limitations are manageable for normal use. Overall, it is acceptable but not exceptional.",neutral
"After spending some time with this product, I have formed a fairly clear opinion. The product feels well made. The setup was painless. It has turned out to be a worthwhile purchase. There are still a few minor details that could be improved.",positive
I purchased this product mainly for its audio features. The experience has been fairly ordinary overall. The product is adequate for straightforward use. It is fine as long as expectations are realistic.,neutral
I decided to try this ActiveX product after comparing several options. I have experienced problems that should not occur during ordinary use. I have had to work around several shortcomings. The performance becomes inconsistent over longer periods.,negative
"After spending some time with this product, I have formed a fairly clear opinion. The quality is better than I expected. It has been dependable from the beginning. The product has been a pleasant surprise.",positive
I bought this cricket recently and have used it regularly. It has worked consistently without unexpected problems. The performance has remained dependable during regular use. It has turned out to be a worthwhile purchase. There are still a few minor details that could be improved.,positive
I have been testing this product under normal conditions. The product started showing problems after repeated use. I have had trouble depending on it for regular use. There is considerable room for improvement.,negative
"After spending some time with this product, I have formed a fairly clear opinion. I have not had any meaningful problems with it. I have had no reason to complain about its reliability. The overall experience has been better than I anticipated. Overall, I am satisfied with the purchase.",positive
I bought this accessories recently and have used it regularly. The product feels thoughtfully designed. It has handled regular use without difficulty. The overall experience has been better than I anticipated. I am happy with how it has performed.,positive
